S_ID,BRANCH,F_ID,F_NAME,GPA,E-GPA,ADMITACADYEAR,ACADYEAR,SEMESTER,RANK,S_NAME,P_NAME,R_NAME,FEE_NAME,ENTRYNAME,S_PARENT
65231,DCA,22,สารสนเทศศาสตร์,2.23,2.73,2559,2562,2,1,ศึกษาสงเคราะห์สุราษฎร์ธานี,สุราษฎร์ธานี,S,BDA,3,2
65232,MTA,22,สารสนเทศศาสตร์,2.3,2.36,2559,2562,3,0,สตรีพัทลุง,พัทลุง,S,BDA,3,1
65250,DCM,22,สารสนเทศศาสตร์,2.31,2.06,2559,2562,3,0,เบญจมราชูทิศ นครศรีธรรมราช,นครศรีธรรมราช,S,BDA,3,3
65260,MTA,22,สารสนเทศศาสตร์,2.38,2.76,2559,2562,3,0,ธิดาแม่พระ,สุราษฎร์ธานี,S,BDA,3,1
65269,MTA,22,สารสนเทศศาสตร์,2.15,2.18,2559,2562,3,1,โรงเรียนผู้ใหญ่วรนารีเฉลิม,สงขลา,S,BDA,3,0
65272,DCA,22,สารสนเทศศาสตร์,2.24,2.37,2559,2562,2,1,สิชลคุณาธารวิทยา,นครศรีธรรมราช,S,BDA,3,2
65312,DCM,22,สารสนเทศศาสตร์,2.78,2.58,2559,2562,3,1,ดอนสักผดุงวิทย์,สุราษฎร์ธานี,S,BDA,3,1
65318,DCA,22,สารสนเทศศาสตร์,3.22,3.3,2559,2562,2,1,อบจ.เมืองภูเก็ต,ภูเก็ต,S,BDA,3,1
65330,ITD,22,สารสนเทศศาสตร์,2.21,2.61,2559,2562,3,1,ปากพูน,นครศรีธรรมราช,S,BDA,3,1
65375,ITD,22,สารสนเทศศาสตร์,2.64,2.54,2559,2562,3,2,สอาดเผดิมวิทยา,ชุมพร,S,BDA,3,2
65382,DCM,22,สารสนเทศศาสตร์,2.98,3.24,2559,2562,3,2,ดีบุกพังงาวิทยายน,พังงา,S,BDA,3,2
65423,DCA,22,สารสนเทศศาสตร์,2.72,2.36,2559,2562,2,2,สุราษฎร์ธานี 2,สุราษฎร์ธานี,S,BDA,3,2
65426,ITD,22,สารสนเทศศาสตร์,2.37,2.47,2559,2562,3,0,นวมินทราชูทิศ ทักษิณ,สงขลา,S,BDA,3,1
65440,MTA,22,สารสนเทศศาสตร์,2.6,2.44,2559,2562,2,1,เมืองสุราษฎร์ธานี,สุราษฎร์ธานี,S,BDA,3,1
65445,DCA,22,สารสนเทศศาสตร์,2.47,3.15,2559,2562,2,0,"เบตง""วีระราษฎร์ประสาน""",ยะลา,S,BDA,3,1
65452,DCA,22,สารสนเทศศาสตร์,2.59,2.5,2559,2562,2,2,กัลยาณีศรีธรรมราช,นครศรีธรรมราช,S,BDA,3,2
65456,ITD,22,สารสนเทศศาสตร์,3.3,2.92,2559,2562,3,1,สิชลคุณาธารวิทยา,นครศรีธรรมราช,S,BDA,3,0
65474,MTA,22,สารสนเทศศาสตร์,3.22,2.98,2559,2563,1,1,บางแก้วพิทยาคม,พัทลุง,S,BDA,3,3
65487,MTA,22,สารสนเทศศาสตร์,3.58,3.39,2559,2562,2,1,สุราษฎร์พิทยา,สุราษฎร์ธานี,S,BDA,3,2
65492,DCM,22,สารสนเทศศาสตร์,3.19,2.4,2559,2562,3,1,สุไหงโก-ลก,นราธิวาส,S,BDA,3,2
65513,DCA,22,สารสนเทศศาสตร์,3.1,2.46,2559,2562,3,1,ศรีธรรมราชศึกษา,นครศรีธรรมราช,S,BDA,3,3
65525,ITD,22,สารสนเทศศาสตร์,3.47,2.36,2559,2562,3,1,ชะอวด,นครศรีธรรมราช,S,BDA,3,1
65526,MTA,22,สารสนเทศศาสตร์,2.25,2.27,2559,2564,2,2,สตรีทุ่งสง,นครศรีธรรมราช,S,BDA,3,2
65535,DCM,22,สารสนเทศศาสตร์,3.29,3.14,2559,2562,3,1,ศรีธรรมราชศึกษา,นครศรีธรรมราช,S,BDA,3,1
65593,DCA,22,สารสนเทศศาสตร์,2.16,2.55,2559,2563,2,1,เมืองสุราษฎร์ธานี,สุราษฎร์ธานี,S,BDA,3,1
65611,DCA,22,สารสนเทศศาสตร์,2.63,2.38,2559,2562,2,1,สุไหงโก-ลก,นราธิวาส,S,BDA,3,3
65613,DCA,22,สารสนเทศศาสตร์,2.06,1.98,2559,2563,2,0,กัลยาณีศรีธรรมราช,นครศรีธรรมราช,S,BDA,3,3
65618,ITD,22,สารสนเทศศาสตร์,2.1,2.52,2559,2562,3,1,ทีปราษฎร์พิทยา,สุราษฎร์ธานี,S,BDA,3,3
65619,DCA,22,สารสนเทศศาสตร์,2.61,2.29,2559,2562,2,1,ปากพนัง,นครศรีธรรมราช,S,BDA,3,2
65628,MTA,22,สารสนเทศศาสตร์,2.92,2.74,2559,2562,3,1,สุราษฎร์พิทยา,สุราษฎร์ธานี,S,BDA,3,2
65630,DCA,22,สารสนเทศศาสตร์,3.2,2.82,2559,2562,3,1,เทพมิตรศึกษา,สุราษฎร์ธานี,S,BDA,3,2
65632,MTA,22,สารสนเทศศาสตร์,3.26,3.55,2559,2562,3,2,วิเชียรมาตุ,ตรัง,S,BDA,3,2
65632,MTA,22,สารสนเทศศาสตร์,2.92,2.82,2559,2562,3,2,วิเชียรมาตุ,ตรัง,S,BDA,3,2
65645,ITD,22,สารสนเทศศาสตร์,2.85,2.27,2559,2562,3,2,สตรีทุ่งสง,นครศรีธรรมราช,S,BDA,3,2
65647,MTA,22,สารสนเทศศาสตร์,2.12,2.92,2559,2562,3,1,เทศบาล 5,สุราษฎร์ธานี,S,BDA,3,3
65675,ITD,22,สารสนเทศศาสตร์,3.85,3.46,2559,2562,2,1,ศรีธรรมราชศึกษา,นครศรีธรรมราช,S,BDA,3,3
65679,DCA,22,สารสนเทศศาสตร์,2.09,2.45,2559,2562,2,1,แหลมราษฎร์บำรุง,นครศรีธรรมราช,S,BDA,3,2
65682,ITD,22,สารสนเทศศาสตร์,2.9,2.28,2559,2562,3,1,ท่าศาลาประสิทธิ์ศึกษา,นครศรีธรรมราช,S,BDA,3,1
65687,MTA,22,สารสนเทศศาสตร์,2.5,2.44,2559,2562,3,1,เขาชัยสน,พัทลุง,S,BDA,3,2
65690,DCA,22,สารสนเทศศาสตร์,3.22,2.5,2559,2562,2,1,ตรังคริสเตียนศึกษา,ตรัง,S,BDA,3,3
65699,MTA,22,สารสนเทศศาสตร์,2.62,2.74,2559,2562,2,1,ตรังวิทยา,ตรัง,S,BDA,3,1
65728,MTA,22,สารสนเทศศาสตร์,2.8,2.78,2559,2562,2,2,ทุ่งสง,นครศรีธรรมราช,S,BDA,3,2
65717,DCA,22,สารสนเทศศาสตร์,2.5,2.21,2559,2562,3,1,เทพมิตรศึกษา,สุราษฎร์ธานี,S,BDA,3,2
65733,DCA,22,สารสนเทศศาสตร์,2.98,3.22,2559,2562,2,2,เฉลิมพระเกียรติสมเด็จพระศรีนครินทร์ ภูเก็ต,ภูเก็ต,S,BDA,3,2
65746,DCA,22,สารสนเทศศาสตร์,2.33,2.14,2559,2562,2,1,หาดใหญ่พิทยาคม,สงขลา,S,BDA,3,1
65760,DCA,22,สารสนเทศศาสตร์,2.63,2.66,2559,2562,2,1,คลองยางประชานุสรณ์,กระบี่,S,BDA,3,1
65782,DCA,22,สารสนเทศศาสตร์,2.93,2.57,2559,2562,3,0,กัลยาณีศรีธรรมราช,นครศรีธรรมราช,S,BDA,3,3
65795,MTA,22,สารสนเทศศาสตร์,2.68,3.19,2559,2562,3,1,ดารุสสาลาม,นราธิวาส,S,BDA,3,1
65827,DCM,22,สารสนเทศศาสตร์,3.78,2.48,2559,2562,3,1,ปากพนัง,นครศรีธรรมราช,S,BDA,3,3
65830,DCA,22,สารสนเทศศาสตร์,2.1,2.45,2559,2562,2,1,ฉวางรัชดาภิเษก,นครศรีธรรมราช,S,BDA,3,2
65836,ITD,22,สารสนเทศศาสตร์,3.03,2.4,2559,2562,3,1,เมืองสุราษฎร์ธานี,สุราษฎร์ธานี,S,BDA,3,1
65843,MTA,22,สารสนเทศศาสตร์,2.71,2.33,2559,2562,3,1,อ่าวลึกประชาสรรค์,กระบี่,S,BDA,3,2
65875,DCA,22,สารสนเทศศาสตร์,2.12,2.24,2559,2563,2,1,ชะอวดวิทยาคาร,นครศรีธรรมราช,S,BDA,3,1
65881,DCA,22,สารสนเทศศาสตร์,2.66,2.55,2559,2562,3,1,สิชลคุณาธารวิทยา,นครศรีธรรมราช,S,BDA,3,3
65887,MTA,22,สารสนเทศศาสตร์,2.17,2.67,2559,2564,3,1,ดาวรุ่งวิทยา,ภูเก็ต,S,BDA,3,3
65915,DCA,22,สารสนเทศศาสตร์,2.67,2.71,2559,2562,2,1,ปากพนัง,นครศรีธรรมราช,S,BDA,3,2
65917,MTA,22,สารสนเทศศาสตร์,2.62,3.02,2559,2563,1,1,ท่าศาลาประสิทธิ์ศึกษา,นครศรีธรรมราช,S,BDA,3,1
65942,DCA,22,สารสนเทศศาสตร์,2.3,2.84,2559,2562,2,2,เฉลิมพระเกียรติสมเด็จพระศรีนครินทร์ ภูเก็ต,ภูเก็ต,S,BDA,3,2
65949,DCM,22,สารสนเทศศาสตร์,3.08,2.61,2559,2562,3,1,ศรีธรรมราชศึกษา,นครศรีธรรมราช,S,BDA,3,1
65950,ITD,22,สารสนเทศศาสตร์,3.4,2.88,2559,2562,3,1,เขาพนมแบกศึกษา,สุราษฎร์ธานี,S,BDA,3,1
65956,MTA,22,สารสนเทศศาสตร์,2.53,2.5,2559,2563,1,0,วรนารีเฉลิม จังหวัดสงขลา,สงขลา,S,BDA,3,1
65995,MTA,22,สารสนเทศศาสตร์,2.68,2.86,2559,2564,3,0,หาดใหญ่วิทยาลัย 2,สงขลา,S,BDA,3,1
65996,MTA,22,สารสนเทศศาสตร์,3.54,3.6,2559,2562,2,1,คันธพิทยาคาร,ตรัง,S,BDA,3,1
65999,MTA,22,สารสนเทศศาสตร์,2.27,2.29,2559,2563,3,2,นวมินทราชูทิศ ทักษิณ,สงขลา,S,BDA,3,2
66223,DCA,22,สารสนเทศศาสตร์,2.46,2.56,2559,2562,3,2,เฉลิมพระเกียรติสมเด็จพระศรีนครินทร์ ภูเก็ต,ภูเก็ต,S,BDA,3,2
66017,MTA,22,สารสนเทศศาสตร์,2.97,3.04,2559,2562,3,1,ปากพนัง,นครศรีธรรมราช,S,BDA,3,3
66022,MTA,22,สารสนเทศศาสตร์,2.22,2.24,2559,2563,1,1,เทพมิตรศึกษา,สุราษฎร์ธานี,S,BDA,3,0
66042,DCA,22,สารสนเทศศาสตร์,2.22,2.04,2559,2562,3,1,เตรียมอุดมศึกษาพัฒนาการ สุราษฎร์ธานี,สุราษฎร์ธานี,S,BDA,3,3
66055,ITD,22,สารสนเทศศาสตร์,2.48,2.52,2559,2562,3,1,กันตังพิทยากร,ตรัง,S,BDA,3,1
66058,MTA,22,สารสนเทศศาสตร์,2.68,2.55,2559,2562,2,1,ปากพนัง,นครศรีธรรมราช,S,BDA,3,1
66262,DCM,22,สารสนเทศศาสตร์,3.28,2.56,2559,2562,3,2,วรนารีเฉลิม จังหวัดสงขลา,สงขลา,S,BDA,3,2
66066,DCA,22,สารสนเทศศาสตร์,2.31,2.68,2559,2562,2,1,พิปูนสังฆรักษ์ประชาอุทิศ,นครศรีธรรมราช,S,BDA,3,2
66077,ITD,22,สารสนเทศศาสตร์,2.85,2.32,2559,2562,3,1,ขนอมพิทยา,นครศรีธรรมราช,S,BDA,3,1
66089,DCA,22,สารสนเทศศาสตร์,2.83,2.99,2559,2562,2,1,สิชลคุณาธารวิทยา,นครศรีธรรมราช,S,BDA,3,1
66092,DCA,22,สารสนเทศศาสตร์,2.55,2.35,2559,2562,2,1,พรหมคีรีพิทยาคม,นครศรีธรรมราช,S,BDA,3,3
66140,ITD,22,สารสนเทศศาสตร์,2.05,2.21,2559,2562,3,1,เชียรใหญ่,นครศรีธรรมราช,S,BDA,3,2
66131,DCM,22,สารสนเทศศาสตร์,2.39,2.38,2559,2563,1,0,พิมานพิทยาสรรค์,สตูล,S,BDA,3,3
66156,ITD,22,สารสนเทศศาสตร์,2.64,2.91,2559,2562,3,1,ท่าศิลาบำรุงราษฎร์,สตูล,S,BDA,3,1
66220,DCA,22,สารสนเทศศาสตร์,2.43,2.44,2559,2562,3,1,ขนอมพิทยา,นครศรีธรรมราช,S,BDA,3,1
66236,DCM,22,สารสนเทศศาสตร์,3.28,2.28,2559,2562,3,2,เฉลิมพระเกียรติสมเด็จพระศรีนครินทร์ ภูเก็ต,ภูเก็ต,S,BDA,3,2
66244,DCA,22,สารสนเทศศาสตร์,2.54,2.44,2559,2562,2,1,เมืองสุราษฎร์ธานี,สุราษฎร์ธานี,S,BDA,3,2
66245,DCA,22,สารสนเทศศาสตร์,2.87,2.27,2559,2562,2,2,สตรีภูเก็ต,ภูเก็ต,S,BDA,3,2
66259,DCA,22,สารสนเทศศาสตร์,2.41,2.97,2559,2562,3,1,เคียนซาพิทยาคม,สุราษฎร์ธานี,S,BDA,3,2
66268,DCA,22,สารสนเทศศาสตร์,2.19,2.28,2559,2563,2,0,กัลยาณีศรีธรรมราช,นครศรีธรรมราช,S,BDA,3,1
66278,MTA,22,สารสนเทศศาสตร์,2.45,2.54,2559,2562,2,1,"สะเดา ""ขรรค์ชัยกัมพลานนท์อนุสรณ์""",สงขลา,S,BDA,3,2
66283,ITD,22,สารสนเทศศาสตร์,3.24,2.63,2559,2562,3,1,โยธินบำรุง,นครศรีธรรมราช,S,BDA,3,2
66284,MTA,22,สารสนเทศศาสตร์,2,2.17,2559,2563,1,0,หาดใหญ่วิทยาลัยสมบูรณ์กุลกันยา,สงขลา,S,BDA,3,1
66285,MTA,22,สารสนเทศศาสตร์,3.42,2.65,2559,2562,3,0,สตรีพัทลุง,พัทลุง,S,BDA,3,1
66299,MTA,22,สารสนเทศศาสตร์,2.72,3.33,2559,2562,2,1,ประทีปศาสน์,นครศรีธรรมราช,S,BDA,3,2
66300,DCA,22,สารสนเทศศาสตร์,2.53,2.97,2559,2562,3,0,หาดใหญ่วิทยาลัย,สงขลา,S,BDA,3,3
66322,DCM,22,สารสนเทศศาสตร์,2.47,2.66,2559,2562,3,2,หาดใหญ่วิทยาลัย,สงขลา,S,BDA,3,2
66306,MTA,22,สารสนเทศศาสตร์,3.11,3.11,2559,2562,3,0,สตรีภูเก็ต,ภูเก็ต,S,BDA,3,1
66323,DCM,22,สารสนเทศศาสตร์,2.89,2.22,2559,2562,3,0,หาดใหญ่วิทยาลัย,สงขลา,S,BDA,3,3
66332,DCM,22,สารสนเทศศาสตร์,2.62,2.95,2559,2563,2,2,เฉลิมพระเกียรติสมเด็จพระศรีนครินทร์ ภูเก็ต,ภูเก็ต,S,BDA,3,2
66343,MTA,22,สารสนเทศศาสตร์,2.26,2.49,2559,2562,3,1,หาดใหญ่เจริญราษฎร์พิทยา,สงขลา,S,BDA,3,3
66377,DCA,22,สารสนเทศศาสตร์,2.09,2.1,2559,2562,3,1,หาดใหญ่พิทยาคม,สงขลา,S,BDA,3,1
66388,DCA,22,สารสนเทศศาสตร์,2.24,2.73,2559,2562,2,1,สุคิรินวิทยา,นราธิวาส,S,BDA,3,2
66417,DCA,22,สารสนเทศศาสตร์,2.17,2.23,2559,2563,1,1,ส่งเสริมศาสนาวิทยามูลนิธิ,สงขลา,S,BDA,3,2
66420,DCA,22,สารสนเทศศาสตร์,2.32,2.3,2559,2562,2,1,พรหมคีรีพิทยาคม,นครศรีธรรมราช,S,BDA,3,2
66458,MTA,22,สารสนเทศศาสตร์,2.64,2.67,2559,2563,2,2,หาดใหญ่วิทยาลัยสมบูรณ์กุลกันยา,สงขลา,S,BDA,3,2
66469,MTA,22,สารสนเทศศาสตร์,2.59,2.64,2559,2562,3,1,สระแก้วรัตนวิทย์,นครศรีธรรมราช,S,BDA,3,1
66498,MTA,22,สารสนเทศศาสตร์,2.64,2.3,2559,2562,3,0,วรนารีเฉลิม จังหวัดสงขลา,สงขลา,S,BDA,3,1
66504,MTA,22,สารสนเทศศาสตร์,2.37,3.19,2559,2562,3,1,คลองท่อมราษฎร์รังสรรค์,กระบี่,S,BDA,3,2
66528,ITD,22,สารสนเทศศาสตร์,3.13,2.88,2559,2562,3,0,กัลยาณีศรีธรรมราช,นครศรีธรรมราช,S,BDA,3,3
66533,DCA,22,สารสนเทศศาสตร์,2.24,2.17,2559,2563,1,0,สตรีภูเก็ต,ภูเก็ต,S,BDA,3,1
66539,DCA,22,สารสนเทศศาสตร์,2.67,2.42,2559,2562,3,1,ศรีธรรมราชศึกษา,นครศรีธรรมราช,S,BDA,3,3
66544,MTA,22,สารสนเทศศาสตร์,2.55,2.42,2559,2562,3,2,หาดใหญ่วิทยาลัย,สงขลา,S,BDA,3,2
66584,DCA,22,สารสนเทศศาสตร์,2.23,2.96,2559,2563,2,2,เดชะปัตตนยานุกูล,ปัตตานี,S,BDA,3,2
66670,MTA,22,สารสนเทศศาสตร์,2.33,2.78,2559,2562,3,1,ระโนดวิทยา,สงขลา,S,BDA,14,1
66732,DCM,22,สารสนเทศศาสตร์,3.35,3.31,2559,2562,3,1,วิทยาลัยอาชีวศึกษานครศรีธรรมราช,นครศรีธรรมราช,S,BDA,7,1
66782,DCA,22,สารสนเทศศาสตร์,2.23,2.97,2559,2562,2,1,บ้านแป้นพิทยาคม,ลำพูน,N,BDA,7,1
66789,DCM,22,สารสนเทศศาสตร์,2.42,3.64,2559,2562,3,1,วิทยาลัยอาชีวศึกษาปัตตานี,ปัตตานี,S,BDA,7,3
66800,ITD,22,สารสนเทศศาสตร์,2.53,2.52,2559,2562,3,1,มูลนิธิอาซิซสถาน,ปัตตานี,S,BDA,7,1
66817,ITD,22,สารสนเทศศาสตร์,2.43,2.35,2559,2562,3,1,บ้านนาสาร,สุราษฎร์ธานี,S,BDA,7,2
66825,ITD,22,สารสนเทศศาสตร์,2.76,2.22,2559,2562,3,1,ร่อนพิบูลย์เกียรติวสุนธราภิวัฒก์,นครศรีธรรมราช,S,BDA,7,2
66826,MTA,22,สารสนเทศศาสตร์,2.1,2.46,2559,2562,3,1,เตรียมอุดมศึกษาพัฒนาการ สุราษฎร์ธานี,สุราษฎร์ธานี,S,BDA,7,1
66845,MTA,22,สารสนเทศศาสตร์,2.6,3.59,2559,2562,3,1,วิทยาลัยอาชีวศึกษาสุราษฎร์ธานี,สุราษฎร์ธานี,S,BDA,7,3
66848,MTA,22,สารสนเทศศาสตร์,2.73,2.66,2559,2562,3,1,วิทยาลัยอาชีวะศึกษาภูเก็ต,ภูเก็ต,S,BDA,7,1
66864,MTA,22,สารสนเทศศาสตร์,2.5,2.74,2559,2562,3,2,"ตะกั่วป่า""เสนานุกูล""",พังงา,S,BDA,7,2
66867,DCA,22,สารสนเทศศาสตร์,2.9,2.88,2559,2562,2,1,ศูนย์การศึกษานอกโรงเรียนจังหวัดปัตตานี,ปัตตานี,S,BDA,7,1
66875,MTA,22,สารสนเทศศาสตร์,2.58,2.46,2559,2562,3,1,วิทยาลัยอาชีวะศึกษาภูเก็ต,ภูเก็ต,S,BDA,7,1
66882,MTA,22,สารสนเทศศาสตร์,3.21,3.14,2559,2562,3,1,วิทยาลัยอาชีวะศึกษาภูเก็ต,ภูเก็ต,S,BDA,7,2
66886,DCM,22,สารสนเทศศาสตร์,2.8,2.89,2559,2562,3,1,มุสลิมสันติธรรมมูลนิธิ,นครศรีธรรมราช,S,BDA,7,1
66894,DCA,22,สารสนเทศศาสตร์,2.51,2.56,2559,2562,3,1,วิทยาลัยอาชีวะศึกษาภูเก็ต,ภูเก็ต,S,BDA,7,2
66912,DCA,22,สารสนเทศศาสตร์,2.63,2.88,2559,2562,2,1,ปากพูน,นครศรีธรรมราช,S,BDA,7,1
66925,MTA,22,สารสนเทศศาสตร์,2.3,2.91,2559,2563,1,0,วิเชียรมาตุ,ตรัง,S,BDA,7,1
66927,DCA,22,สารสนเทศศาสตร์,2.43,3.49,2559,2562,3,1,เทศบาล 5,สุราษฎร์ธานี,S,BDA,7,3
66946,MTA,22,สารสนเทศศาสตร์,2.22,3.23,2559,2562,2,1,วิทยาลัยอาชีวศึกษาสุราษฎร์ธานี,สุราษฎร์ธานี,S,BDA,7,3
66952,MTA,22,สารสนเทศศาสตร์,2.73,3.43,2559,2562,3,1,วิทยาลัยอาชีวศึกษาปัตตานี,ปัตตานี,S,BDA,7,1
66953,MTA,22,สารสนเทศศาสตร์,2.31,2.16,2559,2562,3,0,พิมานพิทยาสรรค์,สตูล,S,BDA,7,0
66969,DCM,22,สารสนเทศศาสตร์,2.02,2.14,2559,2563,1,1,วิทยาลัยศิลปหัตถกรรมนครศรีธรรมราช,นครศรีธรรมราช,S,BDA,7,1
66989,MTA,22,สารสนเทศศาสตร์,3.1,3.58,2559,2563,1,0,เฉลิมพระเกียรติสมเด็จพระศรีนครินทร์ ภูเก็ต,ภูเก็ต,S,BDA,7,3
66994,DCM,22,สารสนเทศศาสตร์,2.45,1.57,2559,2562,3,1,วิทยาลัยอาชีวศึกษานครศรีธรรมราช,นครศรีธรรมราช,S,BDA,7,2
66999,MTA,22,สารสนเทศศาสตร์,2.16,3.1,2559,2562,3,1,ศูนย์บริการการศึกษานอกโรงเรียนอำเภอระโนด,สงขลา,S,BDA,7,2
67029,MTA,22,สารสนเทศศาสตร์,2.87,3.17,2559,2562,3,0,ธิดาแม่พระ,สุราษฎร์ธานี,S,BDA,7,3
67035,MTA,22,สารสนเทศศาสตร์,3.33,3.56,2559,2562,2,1,วิทยาลัยศิลปหัตถกรรมนครศรีธรรมราช,นครศรีธรรมราช,S,BDA,7,2
67051,DCM,22,สารสนเทศศาสตร์,2.89,2.48,2559,2562,3,1,บริหารธุรกิจวิทยา,สงขลา,S,BDA,7,2
67052,DCA,22,สารสนเทศศาสตร์,3.28,3.13,2559,2562,3,0,สตรีราชินูทิศ,อุดรธานี,EN,BDA,7,3
67059,ITD,22,สารสนเทศศาสตร์,2.87,2.25,2559,2562,3,1,ฉวางรัชดาภิเษก,นครศรีธรรมราช,S,BDA,7,2
67064,MTA,22,สารสนเทศศาสตร์,2.97,2.92,2559,2562,3,1,ศูนย์บริการการศึกษานอกโรงเรียนอำเภอเมืองสุราษฏร์ธานี,สุราษฎร์ธานี,S,BDA,7,1
67066,DCA,22,สารสนเทศศาสตร์,2.44,2.7,2559,2562,3,1,พะตงวิทยามูลนิธิ,สงขลา,S,BDA,7,1
67123,MTA,22,สารสนเทศศาสตร์,3.27,3.58,2559,2562,3,1,ดอนสักผดุงวิทย์,สุราษฎร์ธานี,S,BDA,7,1
67125,ITD,22,สารสนเทศศาสตร์,3.59,3.6,2559,2562,2,1,วิทยาลัยเทคนิคพัทลุง,พัทลุง,S,BDA,7,3
67151,MTA,22,สารสนเทศศาสตร์,3.09,2.05,2559,2562,2,1,ท้ายเหมืองวิทยา,พังงา,S,BDA,7,2
67205,DCM,22,สารสนเทศศาสตร์,3.08,2.36,2559,2562,3,0,เฉลิมพระเกียรติสมเด็จพระศรีนครินทร์ ภูเก็ต,ภูเก็ต,S,BDA,7,3
67224,MTA,22,สารสนเทศศาสตร์,2.68,2.61,2559,2562,3,1,ฉวางรัชดาภิเษก,นครศรีธรรมราช,S,BDA,7,1
67230,MTA,22,สารสนเทศศาสตร์,2.98,3.25,2559,2562,3,1,พะตงวิทยามูลนิธิ,สงขลา,S,BDA,7,1
67232,ITD,22,สารสนเทศศาสตร์,2.86,2.72,2559,2562,3,1,วิทยาลัยเทคนิคนครศรีธรรมราช,นครศรีธรรมราช,S,BDA,7,3
67236,DCM,22,สารสนเทศศาสตร์,3.35,2.97,2559,2562,3,1,วิทยาลัยอาชีวะศึกษาภูเก็ต,ภูเก็ต,S,BDA,7,2
67523,DCA,22,สารสนเทศศาสตร์,2.62,3.22,2559,2562,2,2,นารีวุฒิ,ราชบุรี,W,BDA,2,2
67524,DCA,22,สารสนเทศศาสตร์,2.11,1.63,2559,2563,2,1,หาดใหญ่รัฐประชาสรรค์,สงขลา,S,BDA,0,3
67684,MTA,22,สารสนเทศศาสตร์,3.35,3.44,2559,2562,3,1,ทุ่งหนองแห้งประชาสรรค์,ตรัง,S,BDA,0,3
67750,DCA,22,สารสนเทศศาสตร์,2.27,2.6,2559,2562,2,0,กัลยาณีศรีธรรมราช,นครศรีธรรมราช,S,BDA,0,3
67796,DCA,22,สารสนเทศศาสตร์,2.28,2.25,2559,2562,3,1,หารเทารังสีประชาสรรค์,พัทลุง,S,BDA,0,2
67857,DCM,22,สารสนเทศศาสตร์,2.57,2.42,2559,2563,2,2,สตรีภูเก็ต,ภูเก็ต,S,BDA,7,2
67859,ITD,22,สารสนเทศศาสตร์,2.08,2.15,2559,2562,3,1,สิชลคุณาธารวิทยา,นครศรีธรรมราช,S,BDA,7,1
67863,MTA,22,สารสนเทศศาสตร์,2.3,2.37,2559,2562,2,1,ศรีธรรมราชศึกษา,นครศรีธรรมราช,S,BDA,7,1
67890,DCA,22,สารสนเทศศาสตร์,2.32,2.75,2559,2562,3,1,สภาราชินี 2,ตรัง,S,BDA,7,2
67946,MTA,22,สารสนเทศศาสตร์,2.94,3.16,2559,2562,2,1,วิทยาลัยอาชีวะศึกษาภูเก็ต,ภูเก็ต,S,BDA,7,2
67958,MTA,22,สารสนเทศศาสตร์,2.86,2.22,2559,2562,3,2,เฉลิมพระเกียรติสมเด็จพระศรีนครินทร์ ภูเก็ต,ภูเก็ต,S,BDA,7,2
67963,MTA,22,สารสนเทศศาสตร์,3.33,3.22,2559,2562,3,1,วิทยาลัยอาชีวะศึกษาภูเก็ต,ภูเก็ต,S,BDA,7,2
67969,DCA,22,สารสนเทศศาสตร์,2.16,2.53,2559,2562,3,1,วิทยาลัยอาชีวะศึกษาภูเก็ต,ภูเก็ต,S,BDA,7,2
67971,DCA,22,สารสนเทศศาสตร์,2.56,2,2559,2562,2,1,จริยธรรมศึกษามูลนิธิ,สงขลา,S,BDA,7,1
67975,DCA,22,สารสนเทศศาสตร์,3.18,2.37,2559,2562,3,1,ศูนย์บริการการศึกษานอกโรงเรียนอำเภอหัวไทร,นครศรีธรรมราช,S,BDA,7,2
68028,MTA,22,สารสนเทศศาสตร์,2.27,2.74,2559,2562,2,1,วิทยาลัยเทคนิคนครศรีธรรมราช,นครศรีธรรมราช,S,BDA,7,1
68035,MTA,22,สารสนเทศศาสตร์,2.98,3.11,2559,2562,2,1,วิทยาลัยศิลปหัตถกรรมนครศรีธรรมราช,นครศรีธรรมราช,S,BDA,7,1
68041,DCM,22,สารสนเทศศาสตร์,2.12,2.64,2559,2563,1,1,มุสลิมวิทยา,พัทลุง,S,BDA,7,2
68051,MTA,22,สารสนเทศศาสตร์,2.18,2.3,2559,2562,3,1,วิทยาลัยศิลปหัตถกรรมนครศรีธรรมราช,นครศรีธรรมราช,S,BDA,7,1
68066,ITD,22,สารสนเทศศาสตร์,2.98,3.34,2559,2562,3,1,กีฬาจังหวัดนครศรีธรรมราช,นครศรีธรรมราช,S,BDA,7,1
68073,MTA,22,สารสนเทศศาสตร์,3.07,2.53,2559,2562,3,1,ศูนย์บริการการศึกษานอกโรงเรียนอำเภอกาญจนดิษฐ์,สุราษฎร์ธานี,S,BDA,7,3
68222,MTA,22,สารสนเทศศาสตร์,2.93,3.23,2559,2563,2,2,อัสสัมชัญธนบุรี,กรุงเทพมหานคร,B,BDA,7,2
68132,MTA,22,สารสนเทศศาสตร์,2.88,2.3,2559,2562,3,1,โยธินบำรุง,นครศรีธรรมราช,S,BDA,7,2
68153,DCM,22,สารสนเทศศาสตร์,2.07,2.23,2559,2563,1,0,สุราษฎร์ธานี 2,สุราษฎร์ธานี,S,BDA,7,1
68162,ITD,22,สารสนเทศศาสตร์,2.01,2.42,2559,2563,3,0,สตรีระนอง,ระนอง,S,BDA,7,1
68266,DCA,22,สารสนเทศศาสตร์,2.34,2.63,2559,2562,3,0,สตรียะลา,ยะลา,S,BDA,7,1
68310,DCM,22,สารสนเทศศาสตร์,2.53,2.43,2559,2562,3,1,วิทยาลัยเทคนิคยะลา,ยะลา,S,BDA,7,2
68565,DCM,22,สารสนเทศศาสตร์,2.14,2.26,2559,2562,3,1,สารสิทธิ์พิทยาลัย,ราชบุรี,W,BDA,7,2
69480,MTA,22,สารสนเทศศาสตร์,2.25,2.19,2560,2564,1,0,เบญจมราชูทิศ นครศรีธรรมราช,นครศรีธรรมราช,S,BDA,5,0
69578,DCA,22,สารสนเทศศาสตร์,2.9,3.05,2560,2563,2,1,วิทยาลัยศิลปหัตถกรรมนครศรีธรรมราช,นครศรีธรรมราช,S,BDA,5,3
69584,DCA,22,สารสนเทศศาสตร์,2.55,2.31,2560,2563,3,1,มัธยมศึกษาจุฬาภรณ์,นครศรีธรรมราช,S,BDA,5,1
69607,DCA,22,สารสนเทศศาสตร์,2.29,1.94,2560,2563,3,1,ศรีธรรมราชศึกษา,นครศรีธรรมราช,S,BDA,5,1
69610,MTA,22,สารสนเทศศาสตร์,2.12,2.23,2560,2564,1,1,จริยธรรมศึกษามูลนิธิ,สงขลา,S,BDA,5,2
69630,DCA,22,สารสนเทศศาสตร์,2.63,2.29,2560,2563,2,1,ดอนสักผดุงวิทย์,สุราษฎร์ธานี,S,BDA,5,1
69633,MTA,22,สารสนเทศศาสตร์,3.14,2.2,2560,2563,2,0,นวมินทราชูทิศ ทักษิณ,สงขลา,S,BDA,5,1
69657,MTA,22,สารสนเทศศาสตร์,3.39,3.3,2562,2563,2,2,กัลยาณีศรีธรรมราช,นครศรีธรรมราช,S,BDA,5,2
69709,MTA,22,สารสนเทศศาสตร์,3.26,2.35,2560,2563,3,1,บางแพปฐมพิทยา,ราชบุรี,W,BDA,5,3
69720,ITD,22,สารสนเทศศาสตร์,3.18,2.02,2560,2564,3,1,วุฒิชัยวิทยา,ปัตตานี,S,BDA,5,3
69742,ITD,22,สารสนเทศศาสตร์,2.45,2.67,2562,2563,3,2,กัลยาณีศรีธรรมราช,นครศรีธรรมราช,S,BDA,5,2
69737,MTA,22,สารสนเทศศาสตร์,3.36,3.59,2560,2563,2,0,สุราษฎร์ธานี 2,สุราษฎร์ธานี,S,BDA,5,3
69773,MTA,22,สารสนเทศศาสตร์,2.16,2.12,2560,2563,2,1,ป่าพะยอมพิทยาคม,พัทลุง,S,BDA,5,3
69809,DCM,22,สารสนเทศศาสตร์,3.36,2.33,2560,2563,3,1,ศรีธรรมราชศึกษา,นครศรีธรรมราช,S,BDA,5,2
69810,MTA,22,สารสนเทศศาสตร์,3.06,2.82,2560,2563,2,0,เตรียมอุดมศึกษาS,นครศรีธรรมราช,S,BDA,5,3
69818,DCA,22,สารสนเทศศาสตร์,2.51,2.47,2560,2563,2,1,พรหมคีรีพิทยาคม,นครศรีธรรมราช,S,BDA,5,1
69855,MTA,22,สารสนเทศศาสตร์,2.76,1.67,2560,2563,3,1,ตรังคริสเตียนศึกษา,ตรัง,S,BDA,5,1
69860,MTA,22,สารสนเทศศาสตร์,3.29,3.18,2560,2563,2,0,สุราษฎร์ธานี 2,สุราษฎร์ธานี,S,BDA,5,3
69863,DCM,22,สารสนเทศศาสตร์,3.53,2.58,2560,2563,3,0,เตรียมอุดมศึกษาS,นครศรีธรรมราช,S,BDA,5,3
69893,MTA,22,สารสนเทศศาสตร์,3.16,3.22,2560,2563,2,0,วรนารีเฉลิม จังหวัดสงขลา,สงขลา,S,BDA,5,3
69897,MTA,22,สารสนเทศศาสตร์,2.98,3.22,2562,2563,2,2,สตรีระนอง,ระนอง,S,BDA,5,2
69926,DCA,22,สารสนเทศศาสตร์,2.47,2.29,2562,2563,2,2,เตรียมอุดมศึกษาS,นครศรีธรรมราช,S,BDA,5,2
69967,MTA,22,สารสนเทศศาสตร์,3.24,2.76,2562,2563,3,2,ดีบุกพังงาวิทยายน,พังงา,S,BDA,5,2
69975,MTA,22,สารสนเทศศาสตร์,2.73,2.57,2560,2563,3,0,สตรียะลา,ยะลา,S,BDA,5,3
69987,DCA,22,สารสนเทศศาสตร์,2.73,3.28,2560,2563,2,1,พนมเบญจา,กระบี่,S,BDA,5,2
70001,MTA,22,สารสนเทศศาสตร์,2.6,2.37,2560,2563,2,1,ศรีธรรมราชศึกษา,นครศรีธรรมราช,S,BDA,5,1
70009,MTA,22,สารสนเทศศาสตร์,2.85,2.76,2560,2563,2,1,ท่าศาลาประสิทธิ์ศึกษา,นครศรีธรรมราช,S,BDA,5,1
72264,MTA,22,สารสนเทศศาสตร์,2.79,2.2,2562,2563,3,2,สุราษฎร์ธานี 2,สุราษฎร์ธานี,S,BDA,5,2
70129,DCA,22,สารสนเทศศาสตร์,2.87,3.04,2560,2563,2,1,คลองท่อมราษฎร์รังสรรค์,กระบี่,S,BDA,5,2
72232,DCA,22,สารสนเทศศาสตร์,2.54,2.97,2562,2563,2,2,เบญจมราชูทิศ นครศรีธรรมราช,นครศรีธรรมราช,S,BDA,5,2
70173,DCA,22,สารสนเทศศาสตร์,2.25,2.18,2560,2563,3,1,เมืองนครศรีธรรมราช,นครศรีธรรมราช,S,BDA,5,2
72277,ITD,22,สารสนเทศศาสตร์,2.97,2.37,2562,2563,3,2,หาดใหญ่วิทยาลัย,สงขลา,S,BDA,5,2
70181,MTA,22,สารสนเทศศาสตร์,2.22,2.31,2560,2564,1,1,ศรีธรรมราชศึกษา,นครศรีธรรมราช,S,BDA,5,2
70243,DCA,22,สารสนเทศศาสตร์,2.79,3.08,2560,2563,3,0,พิมานพิทยาสรรค์,สตูล,S,BDA,6,1
70244,DCA,22,สารสนเทศศาสตร์,2.83,3.21,2560,2563,2,1,สุราษฏร์พิทยา2,สุราษฎร์ธานี,S,BDA,14,2
70238,DCA,22,สารสนเทศศาสตร์,3.21,3.11,2560,2563,2,0,เทศบาลปลูกปัญญา ในประอุปถัมภ์,ภูเก็ต,S,BDA,6,3
70266,DCA,22,สารสนเทศศาสตร์,2.76,2.83,2560,2563,3,1,หัวไทรบำรุงราษฎร์,นครศรีธรรมราช,S,BDA,14,3
72275,DCM,22,สารสนเทศศาสตร์,3.22,2.24,2562,2563,3,2,หาดใหญ่วิทยาลัยสมบูรณ์กุลกันยา,สงขลา,S,BDA,6,2
70372,MTA,22,สารสนเทศศาสตร์,2.66,2.81,2560,2563,3,0,วิเชียรมาตุ,ตรัง,S,BDA,1,3
70429,DCA,22,สารสนเทศศาสตร์,3.36,2.95,2560,2563,2,1,ระโนดวิทยา,สงขลา,S,BDA,7,1
72452,DCA,22,สารสนเทศศาสตร์,2.33,2.59,2562,2563,2,2,เทศบาล ๒ (วัดกะพังสุรินทร์),ตรัง,S,BDA,7,2
70469,MTA,22,สารสนเทศศาสตร์,2.84,3.46,2560,2563,2,1,วิทยาลัยเทคนิคนครศรีธรรมราช,นครศรีธรรมราช,S,BDA,7,2
72482,MTA,22,สารสนเทศศาสตร์,2.65,2.97,2562,2564,3,2,สมุทรสาครวิทยาลัย,สมุทรสาคร,B,BDA,7,2
70489,DCA,22,สารสนเทศศาสตร์,2.65,2.51,2560,2563,2,1,หาดใหญ่รัฐประชาสรรค์,สงขลา,S,BDA,7,1
70491,DCA,22,สารสนเทศศาสตร์,2.73,2.82,2560,2563,3,1,สวนศรีวิทยา,ชุมพร,S,BDA,7,1
70517,MTA,22,สารสนเทศศาสตร์,3.04,2.54,2560,2563,3,0,สตรีระนอง,ระนอง,S,BDA,7,1
70518,MTA,22,สารสนเทศศาสตร์,2.35,2.96,2560,2563,3,1,จรัสพิชากร,นครศรีธรรมราช,S,BDA,7,2
70538,DCA,22,สารสนเทศศาสตร์,3.38,2.93,2560,2563,2,1,มัธยมวัดควนวิเศษมูลนิธิ,ตรัง,S,BDA,7,2
70547,DCA,22,สารสนเทศศาสตร์,3.32,2.82,2560,2563,2,1,โยธินบำรุง,นครศรีธรรมราช,S,BDA,7,1
70557,MTA,22,สารสนเทศศาสตร์,2.81,2.64,2560,2563,3,1,วิทยาลัยศิลปหัตถกรรมนครศรีธรรมราช,นครศรีธรรมราช,S,BDA,7,3
70558,MTA,22,สารสนเทศศาสตร์,3.14,3.39,2560,2563,2,1,วิทยาลัยเทคนิคนครศรีธรรมราช,นครศรีธรรมราช,S,BDA,7,1
70571,MTA,22,สารสนเทศศาสตร์,2.47,2.55,2560,2563,3,1,ท่าศาลาประสิทธิ์ศึกษา,นครศรีธรรมราช,S,BDA,7,1
70595,DCM,22,สารสนเทศศาสตร์,3.23,3.36,2560,2563,3,1,อุดมศึกษาพณิชยการ,สงขลา,S,BDA,7,3
70633,MTA,22,สารสนเทศศาสตร์,2.09,2.69,2560,2563,3,0,คณะราษฎรบำรุง จังหวัดยะลา,ยะลา,S,BDA,7,3
70643,MTA,22,สารสนเทศศาสตร์,2.74,2.77,2560,2563,2,1,วิทยาลัยศิลปหัตถกรรมนครศรีธรรมราช,นครศรีธรรมราช,S,BDA,7,1
70645,MTA,22,สารสนเทศศาสตร์,3.11,2.7,2560,2563,2,1,ระโนดวิทยา,สงขลา,S,BDA,7,1
70662,DCM,22,สารสนเทศศาสตร์,3.78,3.07,2560,2563,3,0,สตรีภูเก็ต,ภูเก็ต,S,BDA,7,3
70725,ITD,22,สารสนเทศศาสตร์,3.16,3.69,2560,2563,3,1,วิทยาลัยเทคนิคนครศรีธรรมราช,นครศรีธรรมราช,S,BDA,7,3
70746,MTA,22,สารสนเทศศาสตร์,2.83,2.69,2560,2563,3,0,สุราษฎร์ธานี 2,สุราษฎร์ธานี,S,BDA,7,0
70777,DCA,22,สารสนเทศศาสตร์,2.34,3.11,2560,2563,3,1,นาทวีวิทยาคม,สงขลา,S,BDA,7,2
70815,DCA,22,สารสนเทศศาสตร์,2.53,2.68,2560,2563,2,1,ท่าศาลาประสิทธิ์ศึกษา,นครศรีธรรมราช,S,BDA,7,3
70821,DCA,22,สารสนเทศศาสตร์,2.4,2.67,2560,2564,2,1,โพธิสัมพันธ์พิทยาคาร,ชลบุรี,E,BDA,7,2
72822,DCM,22,สารสนเทศศาสตร์,2.58,2.95,2562,2563,3,2,เบญจมานุสรณ์,จันทบุรี,E,BDA,7,2
70838,MTA,22,สารสนเทศศาสตร์,2.48,2.5,2560,2563,3,1,วิทยาลัยเทคโนโลยีS,นครศรีธรรมราช,S,BDA,7,3
70859,DCA,22,สารสนเทศศาสตร์,2.85,2.5,2560,2563,2,1,ท่าศาลาประสิทธิ์ศึกษา,นครศรีธรรมราช,S,BDA,7,3
70864,DCA,22,สารสนเทศศาสตร์,3.19,2.83,2560,2563,2,1,มัธยมวัดควนวิเศษมูลนิธิ,ตรัง,S,BDA,7,1
70884,DCM,22,สารสนเทศศาสตร์,2.8,2.79,2560,2563,3,0,สุราษฎร์ธานี 2,สุราษฎร์ธานี,S,BDA,7,1
70916,DCA,22,สารสนเทศศาสตร์,2.23,2.74,2560,2563,3,1,สิชลคุณาธารวิทยา,นครศรีธรรมราช,S,BDA,7,2
70918,ITD,22,สารสนเทศศาสตร์,2.9,2.77,2560,2563,3,1,ท่าศาลาประสิทธิ์ศึกษา,นครศรีธรรมราช,S,BDA,7,2
70922,ITD,22,สารสนเทศศาสตร์,2.64,2.83,2560,2563,3,1,วิทยาลัยเทคนิคนครศรีธรรมราช,นครศรีธรรมราช,S,BDA,7,1
70926,DCM,22,สารสนเทศศาสตร์,2.55,2.54,2560,2563,3,1,เขาพนมแบกศึกษา,สุราษฎร์ธานี,S,BDA,7,1
70931,MTA,22,สารสนเทศศาสตร์,2.7,2.63,2560,2563,2,1,คุระบุรีชัยพัฒนาพิทยาคม,พังงา,S,BDA,7,2
70957,ITD,22,สารสนเทศศาสตร์,2.41,2.78,2560,2563,3,1,มุสลิมสันติธรรมมูลนิธิ,นครศรีธรรมราช,S,BDA,7,2
70982,MTA,22,สารสนเทศศาสตร์,3.38,3.88,2560,2563,2,1,วิทยาลัยศิลปหัตถกรรมนครศรีธรรมราช,นครศรีธรรมราช,S,BDA,11,1
70996,MTA,22,สารสนเทศศาสตร์,3.51,3.48,2560,2563,2,1,ศรีธรรมราชศึกษา,นครศรีธรรมราช,S,BDA,11,3
71104,MTA,22,สารสนเทศศาสตร์,2.37,3,2560,2563,2,1,วิทยาลัยการอาชีพห้วยยอด,ตรัง,S,BDA,5,1
71150,MTA,22,สารสนเทศศาสตร์,3.27,3.02,2560,2563,3,1,วิทยาลัยอาชีวะศึกษาภูเก็ต,ภูเก็ต,S,BDA,7,2
71164,MTA,22,สารสนเทศศาสตร์,3.09,3.23,2560,2563,3,1,ดารุสสาลาม,นราธิวาส,S,BDA,7,1
71168,DCA,22,สารสนเทศศาสตร์,2.91,2.81,2560,2563,3,1,วิทยาลัยเทคโนโลยีสุราษฎร์ธานี,สุราษฎร์ธานี,S,BDA,7,1
71194,DCM,22,สารสนเทศศาสตร์,2.98,2.55,2560,2563,3,0,กัลยาณีศรีธรรมราช,นครศรีธรรมราช,S,BDA,7,1
71204,MTA,22,สารสนเทศศาสตร์,2.96,1.97,2560,2563,2,1,ศรีธรรมราชศึกษา,นครศรีธรรมราช,S,BDA,5,1
71314,MTA,22,สารสนเทศศาสตร์,2.85,2.68,2560,2563,2,1,เวียงสระ,สุราษฎร์ธานี,S,BDA,5,1
71435,DCA,22,สารสนเทศศาสตร์,2.68,3.16,2560,2564,2,1,เฉลิมราชประชาอุทิศ,นครศรีธรรมราช,S,BDA,7,0
71588,DCA,22,สารสนเทศศาสตร์,3.31,2.89,2560,2563,2,0,กัลยาณีศรีธรรมราช,นครศรีธรรมราช,S,BDA,7,3
71623,DCA,22,สารสนเทศศาสตร์,2.63,2.07,2560,2563,2,0,กัลยาณีศรีธรรมราช,นครศรีธรรมราช,S,BDA,2,3
72242,DCA,22,สารสนเทศศาสตร์,2.39,2.58,2562,2563,2,2,เทศบาล 2 (เอ็งเสียงสามัคคี),สงขลา,S,BDA,7,2
72257,DCA,22,สารสนเทศศาสตร์,2.94,2.43,2562,2563,2,2,หาดใหญ่วิทยาลัย,สงขลา,S,BDA,2,2
72166,ITD,22,สารสนเทศศาสตร์,3.57,2.88,2560,2563,3,1,ทุ่งใหญ่วิทยาคม,นครศรีธรรมราช,S,BDA,7,1
72215,ITD,22,สารสนเทศศาสตร์,3.7,3.4,2560,2563,3,1,สิชลประชาสรรค์,นครศรีธรรมราช,S,BDA,0,2
72272,DCA,22,สารสนเทศศาสตร์,2.49,3.39,2560,2563,2,1,อัสสัมชัญ นครราชสีมา,นครราชสีมา,EN,BDA,0,1
72284,ITD,22,สารสนเทศศาสตร์,2.77,1.98,2560,2563,3,0,นราธิวาส,นราธิวาส,S,BDA,0,1
72323,DCA,22,สารสนเทศศาสตร์,3.63,3.8,2560,2563,2,0,สาธิตเทศบาลวัดเพชรจริก,นครศรีธรรมราช,S,BDA,0,3
72329,ITD,22,สารสนเทศศาสตร์,2.5,2.37,2560,2563,3,1,ทับสะแกวิทยา,ประจวบคีรีขันธ์,W,BDA,0,2
72363,MTA,22,สารสนเทศศาสตร์,3.1,2.72,2560,2563,3,1,อัตตัรกียะห์อิสลามียะห์,นราธิวาส,S,BDA,7,3
73895,MTA,22,สารสนเทศศาสตร์,2.75,2.78,2561,2564,2,1,สุราษฎร์พิทยา,สุราษฎร์ธานี,S,BDB,8,3
73926,DCM,22,สารสนเทศศาสตร์,2.78,3.23,2562,2564,3,2,ดีบุกพังงาวิทยายน,พังงา,S,BDB,2,2
73908,DCA,22,สารสนเทศศาสตร์,3.37,2.71,2561,2563,2,0,เบญจมราชูทิศ นครศรีธรรมราช,นครศรีธรรมราช,S,BDB,8,3
73931,MTA,22,สารสนเทศศาสตร์,3.11,2.58,2561,2564,2,1,ท่าศาลาประสิทธิ์ศึกษา,นครศรีธรรมราช,S,BDB,8,3
73944,DCA,22,สารสนเทศศาสตร์,3.13,2.73,2561,2564,2,1,มัธยมวัดควนวิเศษมูลนิธิ,ตรัง,S,BDB,8,1
73985,MTA,22,สารสนเทศศาสตร์,2.98,3.08,2561,2564,2,1,บางสวรรค์วิทยาคม,สุราษฎร์ธานี,S,BDB,8,2
74000,DCA,22,สารสนเทศศาสตร์,3.16,2.9,2561,2564,2,0,เฉลิมพระเกียรติสมเด็จพระศรีนครินทร์ ภูเก็ต,ภูเก็ต,S,BDB,8,1
74015,MTA,22,สารสนเทศศาสตร์,2.71,2.65,2561,2564,3,1,สุราษฎร์พิทยา,สุราษฎร์ธานี,S,BDB,8,2
74048,MTA,22,สารสนเทศศาสตร์,2.52,3.56,2561,2564,3,1,เทศบาลบ้านย่านยาว,พังงา,S,BDB,8,2
73055,DCA,22,สารสนเทศศาสตร์,3.21,3.03,2561,2563,2,0,สอาดเผดิมวิทยา,ชุมพร,S,BDB,8,3
74059,MTA,22,สารสนเทศศาสตร์,2.71,3.25,2561,2564,3,1,พลวิทยา,สงขลา,S,BDB,8,1
74277,DCA,22,สารสนเทศศาสตร์,2.86,2.52,2562,2564,2,2,สตรีภูเก็ต,ภูเก็ต,S,BDB,8,2
74079,DCA,22,สารสนเทศศาสตร์,2.78,2.81,2561,2564,2,1,มุสลิมสันติธรรมมูลนิธิ,นครศรีธรรมราช,S,BDB,8,1
74082,MTA,22,สารสนเทศศาสตร์,3.5,3.54,2561,2564,2,1,พลวิทยา,สงขลา,S,BDB,8,1
74283,MTA,22,สารสนเทศศาสตร์,2.93,2.83,2562,2564,2,2,เฉลิมพระเกียรติสมเด็จพระศรีนครินทร์ ภูเก็ต,ภูเก็ต,S,BDB,8,2
74112,DCM,22,สารสนเทศศาสตร์,3.33,3.32,2561,2564,3,1,วิทยาลัยเทคนิคนครศรีธรรมราช,นครศรีธรรมราช,S,BDB,8,2
74136,MTA,22,สารสนเทศศาสตร์,2.96,3.27,2561,2564,2,1,วิทยาลัยศิลปหัตถกรรมนครศรีธรรมราช,นครศรีธรรมราช,S,BDB,8,3
74160,DCA,22,สารสนเทศศาสตร์,3.08,2.54,2561,2564,2,1,ศรีธรรมราชศึกษา,นครศรีธรรมราช,S,BDB,8,2
74178,MTA,22,สารสนเทศศาสตร์,3.17,3.42,2561,2564,2,1,สุไหงโก-ลก,นราธิวาส,S,BDB,8,1
74294,MTA,22,สารสนเทศศาสตร์,3.22,2.92,2562,2564,3,2,กัลยาณีศรีธรรมราช,นครศรีธรรมราช,S,BDB,8,2
73205,MTA,22,สารสนเทศศาสตร์,2.93,2.9,2561,2563,2,0,"ตะกั่วป่า""เสนานุกูล""",พังงา,S,BDB,8,3
73209,DCA,22,สารสนเทศศาสตร์,3.61,2.95,2561,2563,2,0,สตรีพัทลุง,พัทลุง,S,BDB,8,3
74217,ITD,22,สารสนเทศศาสตร์,3.4,2.82,2561,2564,2,0,พิชัยรัตนาคาร,ระนอง,S,BDB,8,1
74228,MTA,22,สารสนเทศศาสตร์,3.08,3.16,2561,2564,2,0,มหาวชิราวุธ จังหวัดสงขลา,สงขลา,S,BDB,4,1
74236,ITD,22,สารสนเทศศาสตร์,3.27,2.95,2561,2564,3,1,ศรีธรรมราชศึกษา,นครศรีธรรมราช,S,BDB,8,1
74241,DCA,22,สารสนเทศศาสตร์,2.65,2.77,2561,2564,2,0,เฉลิมพระเกียรติสมเด็จพระศรีนครินทร์ ภูเก็ต,ภูเก็ต,S,BDB,8,1
74253,MTA,22,สารสนเทศศาสตร์,2.93,3.01,2561,2564,2,1,บางสวรรค์วิทยาคม,สุราษฎร์ธานี,S,BDB,8,2
73255,MTA,22,สารสนเทศศาสตร์,2.72,2.81,2561,2563,2,0,เฉลิมพระเกียรติสมเด็จพระศรีนครินทร์ ภูเก็ต,ภูเก็ต,S,BDB,8,3
74356,MTA,22,สารสนเทศศาสตร์,3.62,3.32,2562,2564,2,2,เบญจมราชูทิศ นครศรีธรรมราช,นครศรีธรรมราช,S,BDB,8,2
74390,MTA,22,สารสนเทศศาสตร์,2.97,2.85,2561,2564,2,1,เมืองสุราษฎร์ธานี,สุราษฎร์ธานี,S,BDB,8,2
74407,MTA,22,สารสนเทศศาสตร์,3.25,3.63,2561,2564,2,1,วิทยาลัยศิลปหัตถกรรมนครศรีธรรมราช,นครศรีธรรมราช,S,BDB,8,2
73333,MTA,22,สารสนเทศศาสตร์,3.29,2.88,2561,2563,3,0,เบญจมราชูทิศ นครศรีธรรมราช,นครศรีธรรมราช,S,BDB,8,3
73335,ITD,22,สารสนเทศศาสตร์,2.69,2.97,2561,2563,3,0,ทุ่งสง,นครศรีธรรมราช,S,BDB,8,3
74452,MTA,22,สารสนเทศศาสตร์,2.85,2.68,2562,2564,3,2,เทศบาลปลูกปัญญา ในประอุปถัมภ์,ภูเก็ต,S,BDB,8,2
74453,DCA,22,สารสนเทศศาสตร์,2.7,2.58,2561,2564,2,1,สิชลคุณาธารวิทยา,นครศรีธรรมราช,S,BDB,8,2
74454,MTA,22,สารสนเทศศาสตร์,3.06,2.71,2561,2564,2,1,ปากพนัง,นครศรีธรรมราช,S,BDB,8,3
74463,DCM,22,สารสนเทศศาสตร์,2.69,2.69,2561,2564,3,0,เกาะสมุย,สุราษฎร์ธานี,S,BDB,8,1
74487,MTA,22,สารสนเทศศาสตร์,2.94,3.03,2561,2564,2,1,วิทยาลัยศิลปหัตถกรรมนครศรีธรรมราช,นครศรีธรรมราช,S,BDB,8,1
74523,DCM,22,สารสนเทศศาสตร์,3.7,3.2,2562,2564,3,2,เบญจมราชูทิศ นครศรีธรรมราช,นครศรีธรรมราช,S,BDB,8,2
73516,ITD,22,สารสนเทศศาสตร์,3.33,2.81,2561,2563,2,0,พิชัยรัตนาคาร,ระนอง,S,BDB,8,3
74517,MTA,22,สารสนเทศศาสตร์,3,3.78,2561,2564,2,1,วิทยาลัยอาชีวะศึกษาภูเก็ต,ภูเก็ต,S,BDB,8,3
74549,DCA,22,สารสนเทศศาสตร์,2.66,2.56,2561,2564,2,1,เมืองนครศรีธรรมราช,นครศรีธรรมราช,S,BDB,8,1
74552,MTA,22,สารสนเทศศาสตร์,2.99,3.14,2561,2564,2,1,วิทยาลัยเทคนิคนครศรีธรรมราช,นครศรีธรรมราช,S,BDB,8,1
74586,DCM,22,สารสนเทศศาสตร์,3.84,3.82,2561,2564,3,1,วิทยาลัยเทคนิคนครศรีธรรมราช,นครศรีธรรมราช,S,BDB,8,3
74604,DCM,22,สารสนเทศศาสตร์,3.9,3.8,2561,2564,3,1,มัธยมเปี่ยมรัก,สุราษฎร์ธานี,S,BDB,8,3
73606,MTA,22,สารสนเทศศาสตร์,3.31,3.12,2561,2563,2,0,นวมินทราชูทิศ ทักษิณ,สงขลา,S,BDB,8,3
74622,DCA,22,สารสนเทศศาสตร์,3.52,3.23,2562,2564,2,2,กัลยาณีศรีธรรมราช,นครศรีธรรมราช,S,BDB,8,2
74628,ITD,22,สารสนเทศศาสตร์,3.04,3.09,2561,2564,3,1,พะตงวิทยามูลนิธิ,สงขลา,S,BDB,8,2
74647,MTA,22,สารสนเทศศาสตร์,2.64,2.51,2561,2564,2,1,ท่าศาลาประสิทธิ์ศึกษา,นครศรีธรรมราช,S,BDB,8,0
74669,MTA,22,สารสนเทศศาสตร์,2.79,2.89,2561,2564,2,1,ท้ายเหมืองวิทยา,พังงา,S,BDB,8,2
74699,DCA,22,สารสนเทศศาสตร์,2.66,2.96,2561,2564,2,1,ราชประชานุเคราะห์ 42 สตูล,สตูล,S,BDB,8,1
74739,DCA,22,สารสนเทศศาสตร์,2.9,2.53,2561,2564,2,1,พรหมคีรีพิทยาคม,นครศรีธรรมราช,S,BDB,8,1
74744,MTA,22,สารสนเทศศาสตร์,3.46,3.43,2562,2564,2,2,เตรียมอุดมศึกษาS,นครศรีธรรมราช,S,BDB,8,2
74757,MTA,22,สารสนเทศศาสตร์,3.06,3.32,2561,2564,2,1,วิทยาลัยเทคนิคนครศรีธรรมราช,นครศรีธรรมราช,S,BDB,8,1
74795,ITD,22,สารสนเทศศาสตร์,3.45,3.28,2561,2564,3,0,กัลยาณีศรีธรรมราช,นครศรีธรรมราช,S,BDB,8,1
74827,MTA,22,สารสนเทศศาสตร์,3.25,2.74,2562,2564,2,2,"ตะกั่วป่า""เสนานุกูล""",พังงา,S,BDB,8,2
74840,DCA,22,สารสนเทศศาสตร์,2.6,3.2,2561,2564,3,1,เทศบาล 1 (บ้านท่าตะเภา),ชุมพร,S,BDB,1,2
74860,MTA,22,สารสนเทศศาสตร์,3.1,3.08,2561,2564,2,0,สตรีทุ่งสง,นครศรีธรรมราช,S,BDB,8,1
74862,MTA,22,สารสนเทศศาสตร์,3.04,3.11,2561,2564,2,1,สุไหงโก-ลก,นราธิวาส,S,BDB,8,0
74868,MTA,22,สารสนเทศศาสตร์,2.99,3.09,2561,2564,3,1,พัฒนาศาสตร์มูลนิธิ,สงขลา,S,BDB,8,2
74878,DCA,22,สารสนเทศศาสตร์,2.57,3.35,2561,2564,2,1,เทศบาลบ้านย่านยาว,พังงา,S,BDB,8,2
73911,DCM,22,สารสนเทศศาสตร์,3.21,2.76,2561,2563,3,0,เบญจมราชูทิศ นครศรีธรรมราช,นครศรีธรรมราช,S,BDB,8,3
74914,DCA,22,สารสนเทศศาสตร์,3.64,3.35,2561,2564,2,1,อัตตัรกียะห์อิสลามียะห์,นราธิวาส,S,BDB,8,3
74917,DCA,22,สารสนเทศศาสตร์,2.45,2.54,2561,2564,2,1,ท่านครญาณวโรภาสอุทิศ,นครศรีธรรมราช,S,BDB,8,1
74931,DCM,22,สารสนเทศศาสตร์,2.96,3.13,2561,2564,3,1,วิทยาลัยเทคนิคนครศรีธรรมราช,นครศรีธรรมราช,S,BDB,8,2
74946,MTA,22,สารสนเทศศาสตร์,2.83,2.94,2561,2564,2,1,สุราษฏร์พิทยา2,สุราษฎร์ธานี,S,BDB,8,1
74953,ITD,22,สารสนเทศศาสตร์,3.32,3.05,2561,2564,2,1,อรุณศาสน์วิทยามูลนิธิ,สตูล,S,BDB,8,1
75004,DCM,22,สารสนเทศศาสตร์,3.68,3.59,2561,2564,3,1,เตรียมอุดมศึกษาพัฒนาการ สุราษฎร์ธานี,สุราษฎร์ธานี,S,BDB,3,1
75024,MTA,22,สารสนเทศศาสตร์,2.85,2.85,2561,2564,3,1,ศรีธรรมราชศึกษา,นครศรีธรรมราช,S,BDB,3,2
75061,ITD,22,สารสนเทศศาสตร์,3.14,2.72,2561,2564,2,1,ศรีธรรมราชศึกษา,นครศรีธรรมราช,S,BDB,3,1
75062,DCA,22,สารสนเทศศาสตร์,3.19,2.61,2561,2563,2,0,เบญจมราชูทิศ นครศรีธรรมราช,นครศรีธรรมราช,S,BDB,3,3
75075,DCM,22,สารสนเทศศาสตร์,2.32,1.93,2561,2563,3,0,กัลยาณีศรีธรรมราช,นครศรีธรรมราช,S,BDB,3,3
75082,DCA,22,สารสนเทศศาสตร์,2.44,1.67,2561,2564,3,1,ศรีธรรมราชศึกษา,นครศรีธรรมราช,S,BDB,3,2
75091,DCA,22,สารสนเทศศาสตร์,2.52,2,2561,2564,2,1,ท่าศาลาประสิทธิ์ศึกษา,นครศรีธรรมราช,S,BDB,3,2
75109,ITD,22,สารสนเทศศาสตร์,3.34,2.83,2561,2564,2,1,พัทลุงพิทยาคม,พัทลุง,S,BDB,3,2
75118,MTA,22,สารสนเทศศาสตร์,2.35,1.9,2561,2564,2,1,ศรีธรรมราชศึกษา,นครศรีธรรมราช,S,BDB,3,2
75233,DCA,22,สารสนเทศศาสตร์,2.62,2.54,2562,2564,2,2,อำมาตย์พานิชนุกูล,กระบี่,S,BDB,3,2
75234,DCA,22,สารสนเทศศาสตร์,2.9,3.38,2561,2564,2,1,พระแสงวิทยา,สุราษฎร์ธานี,S,BDB,3,1
75273,DCM,22,สารสนเทศศาสตร์,2.92,2.19,2561,2563,3,0,อำมาตย์พานิชนุกูล,กระบี่,S,BDB,3,3
75274,ITD,22,สารสนเทศศาสตร์,3.18,2.75,2561,2564,2,1,ฉวางรัชดาภิเษก,นครศรีธรรมราช,S,BDB,3,1
75286,ITD,22,สารสนเทศศาสตร์,2.85,2.43,2561,2564,3,0,นวมินทราชูทิศ ทักษิณ,สงขลา,S,BDB,3,1
75306,MTA,22,สารสนเทศศาสตร์,3,2.11,2561,2564,2,1,ศรีธรรมราชศึกษา,นครศรีธรรมราช,S,BDB,3,3
75325,ITD,22,สารสนเทศศาสตร์,2.96,2.43,2561,2564,3,1,สวัสดิ์รัตนาภิมุข,ตรัง,S,BDB,3,1
75422,DCM,22,สารสนเทศศาสตร์,3.25,2.26,2562,2564,3,2,สตรีภูเก็ต,ภูเก็ต,S,BDB,3,2
75424,DCA,22,สารสนเทศศาสตร์,2.21,2.04,2561,2564,3,1,เมืองนครศรีธรรมราช,นครศรีธรรมราช,S,BDB,3,1
75490,DCA,22,สารสนเทศศาสตร์,2.39,2.15,2561,2564,3,1,โยธินบำรุง,นครศรีธรรมราช,S,BDB,3,2
75500,DCM,22,สารสนเทศศาสตร์,2.35,2.41,2561,2564,3,1,วิทยาลัยศิลปหัตถกรรมนครศรีธรรมราช,นครศรีธรรมราช,S,BDB,3,3
75524,DCA,22,สารสนเทศศาสตร์,2.89,2.34,2562,2564,2,2,สุราษฎร์ธานี,สุราษฎร์ธานี,S,BDB,3,2
75507,DCA,22,สารสนเทศศาสตร์,2.38,2.56,2561,2564,3,1,ทุ่งใหญ่เฉลิมราชอนุสรณ์ รัชมังคลาภิเษก,นครศรีธรรมราช,S,BDB,3,1
75528,DCA,22,สารสนเทศศาสตร์,2.26,2.23,2562,2564,3,2,เตรียมอุดมศึกษาS,นครศรีธรรมราช,S,BDB,3,2
75793,DCA,22,สารสนเทศศาสตร์,2.49,2.28,2561,2564,2,1,โยธินบำรุง,นครศรีธรรมราช,S,BDB,9,3
75808,DCA,22,สารสนเทศศาสตร์,2.08,2.47,2561,2564,2,0,ธิดาแม่พระ,สุราษฎร์ธานี,S,BDB,9,1
75813,ITD,22,สารสนเทศศาสตร์,3.29,3.13,2561,2564,2,1,วิทยาลัยเทคนิคสิชล,นครศรีธรรมราช,S,BDB,9,3
75850,MTA,22,สารสนเทศศาสตร์,2.8,2.23,2561,2564,2,0,หาดใหญ่วิทยาลัย,สงขลา,S,BDB,9,1
75857,MTA,22,สารสนเทศศาสตร์,2.38,2.08,2561,2564,3,1,บางสวรรค์วิทยาคม,สุราษฎร์ธานี,S,BDB,9,1
75860,DCA,22,สารสนเทศศาสตร์,2.77,2.53,2561,2564,2,0,อำมาตย์พานิชนุกูล,กระบี่,S,BDB,9,1
75869,MTA,22,สารสนเทศศาสตร์,2.82,2.89,2561,2564,2,1,มุสลิมวิทยาภูเก็ต,ภูเก็ต,S,BDB,9,2
75932,DCA,22,สารสนเทศศาสตร์,2.38,2.31,2561,2563,2,0,มหาวชิราวุธ จังหวัดสงขลา,สงขลา,S,BDB,9,3
75956,MTA,22,สารสนเทศศาสตร์,2.89,2.31,2561,2564,2,1,พรหมคีรีพิทยาคม,นครศรีธรรมราช,S,BDB,9,2
75961,MTA,22,สารสนเทศศาสตร์,2.35,1.92,2561,2564,3,1,พรหมคีรีพิทยาคม,นครศรีธรรมราช,S,BDB,9,1
75983,MTA,22,สารสนเทศศาสตร์,2.87,2.18,2561,2565,2,1,"สะเดา ""ขรรค์ชัยกัมพลานนท์อนุสรณ์""",สงขลา,S,BDB,9,1
76055,ITD,22,สารสนเทศศาสตร์,3.17,2.52,2561,2564,3,1,พิปูนสังฆรักษ์ประชาอุทิศ,นครศรีธรรมราช,S,BDB,9,2
76285,DCM,22,สารสนเทศศาสตร์,3.2,3.29,2562,2564,3,2,เฉลิมพระเกียรติสมเด็จพระศรีนครินทร์ ภูเก็ต,ภูเก็ต,S,BDB,9,2
76121,DCA,22,สารสนเทศศาสตร์,3.46,2.35,2561,2564,3,0,บรมราชินีนาถราชวิทยาลัย,ราชบุรี,W,BDB,9,1
76174,DCA,22,สารสนเทศศาสตร์,3.07,2.68,2561,2564,2,1,ปากพนัง,นครศรีธรรมราช,S,BDB,9,0
76192,ITD,22,สารสนเทศศาสตร์,2.78,2.34,2561,2564,2,1,ศรีธรรมราชศึกษา,นครศรีธรรมราช,S,BDB,9,1
76210,DCM,22,สารสนเทศศาสตร์,3.03,2.03,2561,2563,3,0,เฉลิมพระเกียรติสมเด็จพระศรีนครินทร์ ลพบุรี,ลพบุรี,C,BDB,9,3
76248,DCM,22,สารสนเทศศาสตร์,2.6,2.23,2561,2564,3,1,ศรีธรรมราชศึกษา,นครศรีธรรมราช,S,BDB,9,1
76239,MTA,22,สารสนเทศศาสตร์,2.9,2.93,2561,2563,2,0,ดาราวิทยาลัย,เชียงใหม่,N,BDB,9,3
76251,DCA,22,สารสนเทศศาสตร์,2.98,3.02,2561,2564,2,1,อ่าวลึกประชาสรรค์,กระบี่,S,BDB,9,3
76261,MTA,22,สารสนเทศศาสตร์,2.69,3.07,2561,2565,2,1,สามัคคีวิทยาคม,เชียงราย,N,BDB,9,2
76272,DCA,22,สารสนเทศศาสตร์,2.92,2.52,2562,2564,2,2,สตรีภูเก็ต,ภูเก็ต,S,BDB,9,2
76282,MTA,22,สารสนเทศศาสตร์,2.45,2.27,2561,2564,3,1,ท่าศาลาประสิทธิ์ศึกษา,นครศรีธรรมราช,S,BDB,9,1
76287,MTA,22,สารสนเทศศาสตร์,3.32,2.34,2561,2564,2,0,สมุทรสาครบูรณะ,สมุทรสาคร,B,BDB,9,1
76566,DCM,22,สารสนเทศศาสตร์,3.27,3.74,2561,2564,3,1,วิทยาลัยเทคนิคนครศรีธรรมราช,นครศรีธรรมราช,S,BDB,9,2
76709,DCA,22,สารสนเทศศาสตร์,3.75,2.69,2561,2563,2,0,กัลยาณีศรีธรรมราช,นครศรีธรรมราช,S,BDB,0,3
76737,DCA,22,สารสนเทศศาสตร์,3.19,2.57,2561,2564,2,0,กัลยาณีศรีธรรมราช,นครศรีธรรมราช,S,BDB,0,1
76767,DCA,22,สารสนเทศศาสตร์,3,2.61,2561,2564,2,1,ท่าศาลาประสิทธิ์ศึกษา,นครศรีธรรมราช,S,BDB,0,1
76768,DCM,22,สารสนเทศศาสตร์,2.07,1.93,2561,2563,3,0,เบญจมราชูทิศ นครศรีธรรมราช,นครศรีธรรมราช,S,BDB,0,3
76827,DCA,22,สารสนเทศศาสตร์,2.72,2.57,2561,2564,2,1,ท่าแซะรัชดาภิเษก,ชุมพร,S,BDB,0,1
76859,DCM,22,สารสนเทศศาสตร์,2.92,2.29,2561,2563,3,0,เตรียมอุดมศึกษาS,นครศรีธรรมราช,S,BDB,10,3
76880,DCA,22,สารสนเทศศาสตร์,2.76,2.99,2561,2564,2,1,กำแพงวิทยา,สตูล,S,BDB,0,1
76913,MTA,22,สารสนเทศศาสตร์,3.12,3,2561,2564,3,1,พิปูนสังฆรักษ์ประชาอุทิศ,นครศรีธรรมราช,S,BDB,10,2
76944,DCM,22,สารสนเทศศาสตร์,2.88,3.16,2561,2564,3,1,พรหมานุสรณ์ เพชรบุรี,เพชรบุรี,W,BDB,0,2
76946,DCM,22,สารสนเทศศาสตร์,2.61,2.22,2561,2564,3,1,ดาวรุ่งวิทยา,ภูเก็ต,S,BDB,10,3
77364,DCM,22,สารสนเทศศาสตร์,2.44,2.96,2561,2564,3,1,วิทยาลัยอาชีวศึกษาสุราษฎร์ธานี,สุราษฎร์ธานี,S,BDB,10,1
77384,DCA,22,สารสนเทศศาสตร์,2.4,2.6,2561,2564,2,1,วิทยาลัยอาชีวศึกษาสุราษฎร์ธานี,สุราษฎร์ธานี,S,BDB,10,3
77484,DCA,22,สารสนเทศศาสตร์,2.68,2.73,2561,2564,2,1,ศรีธรรมราชศึกษา,นครศรีธรรมราช,S,BDB,10,3
77485,DCA,22,สารสนเทศศาสตร์,3.02,3.2,2561,2564,2,1,ท่าศาลาประสิทธิ์ศึกษา,นครศรีธรรมราช,S,BDB,10,1
78285,IMI,22,สารสนเทศศาสตร์,3.53,3.43,2562,2565,2,1,ทีปราษฎร์พิทยา,สุราษฎร์ธานี,S,BDC,8,1
78300,MTA,22,สารสนเทศศาสตร์,3.19,3.05,2562,2565,3,0,หาดใหญ่วิทยาลัย,สงขลา,S,BDC,8,1
78309,ITD,22,สารสนเทศศาสตร์,3.61,3.14,2562,2565,2,1,ย่านตาขาวรัฐชนูปถัมภ์,ตรัง,S,BDC,8,1
78318,ITD,22,สารสนเทศศาสตร์,3.35,2.83,2562,2565,2,0,ดีบุกพังงาวิทยายน,พังงา,S,BDC,8,3
78346,MTA,22,สารสนเทศศาสตร์,3.21,3.09,2562,2565,3,1,ศรีธรรมราชศึกษา,นครศรีธรรมราช,S,BDC,8,3
78362,DCM,22,สารสนเทศศาสตร์,3.73,2.23,2562,2565,3,2,พัทลุง,พัทลุง,S,BDC,3,2
78370,DCA,22,สารสนเทศศาสตร์,3.79,3.26,2562,2565,3,0,กัลยาณีศรีธรรมราช,นครศรีธรรมราช,S,BDC,9,3
78383,ITD,22,สารสนเทศศาสตร์,3.41,2.92,2562,2565,2,1,ท่าศาลาประสิทธิ์ศึกษา,นครศรีธรรมราช,S,BDC,8,1
78406,DCM,22,สารสนเทศศาสตร์,3.73,3.14,2562,2565,3,1,สามัคคีศึกษา,ตรัง,S,BDC,12,1
78408,DCA,22,สารสนเทศศาสตร์,3.12,3.03,2562,2565,3,1,ท่าศาลาประสิทธิ์ศึกษา,นครศรีธรรมราช,S,BDC,8,1
78428,IMI,22,สารสนเทศศาสตร์,3.39,3.52,2562,2565,2,1,ศรีธรรมราชศึกษา,นครศรีธรรมราช,S,BDC,8,3
78433,DCM,22,สารสนเทศศาสตร์,3.55,2.96,2562,2565,3,0,วิเชียรมาตุ,ตรัง,S,BDC,8,1
78438,DCM,22,สารสนเทศศาสตร์,2.27,2.13,2562,2565,3,1,ศรีธรรมราชศึกษา,นครศรีธรรมราช,S,BDC,3,2
78440,MTA,22,สารสนเทศศาสตร์,3.56,3.17,2562,2566,1,1,สุไหงโก-ลก,นราธิวาส,S,BDC,9,1
78446,IMI,22,สารสนเทศศาสตร์,3.35,3.07,2562,2565,2,1,ศรีธรรมราชศึกษา,นครศรีธรรมราช,S,BDC,8,1
78450,MTA,22,สารสนเทศศาสตร์,2.71,2.86,2562,2565,3,1,วิทยาลัยการอาชีพห้วยยอด,ตรัง,S,BDC,8,1
78452,ITD,22,สารสนเทศศาสตร์,3.26,2.83,2562,2565,2,2,หาดใหญ่วิทยาลัย,สงขลา,S,BDC,8,2
78461,DCA,22,สารสนเทศศาสตร์,2.86,2.58,2562,2565,3,1,หารเทารังสีประชาสรรค์,พัทลุง,S,BDC,8,1
78490,DCA,22,สารสนเทศศาสตร์,2.95,2.71,2562,2565,3,1,พุนพินพิทยาคม,สุราษฎร์ธานี,S,BDC,8,3
78393,MTA,22,สารสนเทศศาสตร์,3.57,2.97,2562,2565,3,0,พัทลุง,พัทลุง,S,BDC,3,3
78522,DCM,22,สารสนเทศศาสตร์,3.67,3.28,2562,2565,3,2,เบญจมราชูทิศ นครศรีธรรมราช,นครศรีธรรมราช,S,BDC,8,2
78506,MTA,22,สารสนเทศศาสตร์,3.45,3.05,2562,2565,3,1,มัธยมสิริวัณวรี 2 สงขลา,สงขลา,S,BDC,9,1
78507,DCA,22,สารสนเทศศาสตร์,2.88,3.49,2562,2565,3,1,วิทยาลัยอาชีวศึกษาเชียงราย,เชียงราย,N,BDC,9,3
78553,MTA,22,สารสนเทศศาสตร์,2.96,3.04,2562,2565,3,1,สุราษฏร์พิทยา2,สุราษฎร์ธานี,S,BDC,3,1
78554,DCM,22,สารสนเทศศาสตร์,3.59,2.42,2562,2565,3,1,สุราษฎร์พิทยา,สุราษฎร์ธานี,S,BDC,3,3
78555,DCM,22,สารสนเทศศาสตร์,3.2,2.63,2562,2565,3,1,ท่าศาลาประสิทธิ์ศึกษา,นครศรีธรรมราช,S,BDC,8,2
78571,ITD,22,สารสนเทศศาสตร์,3.71,2.78,2562,2565,2,0,สาธิตเทศบาลวัดเพชรจริก,นครศรีธรรมราช,S,BDC,8,3
78573,MTA,22,สารสนเทศศาสตร์,2.77,2.81,2562,2565,3,0,กัลยาณีศรีธรรมราช,นครศรีธรรมราช,S,BDC,3,3
78587,DCA,22,สารสนเทศศาสตร์,3.08,3.06,2562,2565,3,0,เกาะสมุย,สุราษฎร์ธานี,S,BDC,8,1
78601,MTA,22,สารสนเทศศาสตร์,2.84,2.81,2562,2565,3,0,พัทลุง,พัทลุง,S,BDC,3,1
78602,DCM,22,สารสนเทศศาสตร์,3.03,2.51,2562,2565,3,1,ศรีธรรมราชศึกษา,นครศรีธรรมราช,S,BDC,8,3
78610,DCA,22,สารสนเทศศาสตร์,2.89,2.92,2562,2565,3,1,จรัสพิชากร,นครศรีธรรมราช,S,BDC,8,3
78620,ITD,22,สารสนเทศศาสตร์,3.31,3.27,2562,2565,2,1,เมืองกระบี่,กระบี่,S,BDC,3,2
78621,MTA,22,สารสนเทศศาสตร์,2.6,3.62,2562,2565,3,1,วิทยาลัยเทคโนโลยีหาดใหญ่อำนวยวิทย์,สงขลา,S,BDC,8,1
78628,IMI,22,สารสนเทศศาสตร์,3.62,3.27,2562,2565,2,1,ประทีปศาสน์,นครศรีธรรมราช,S,BDC,3,1
78653,DCA,22,สารสนเทศศาสตร์,3.24,3.17,2562,2565,3,1,ท่าศาลาประสิทธิ์ศึกษา,นครศรีธรรมราช,S,BDC,8,1
78660,MTA,22,สารสนเทศศาสตร์,2.64,2.94,2562,2565,3,1,ท่าศาลาประสิทธิ์ศึกษา,นครศรีธรรมราช,S,BDC,8,3
78661,MTA,22,สารสนเทศศาสตร์,2.7,2.68,2562,2565,3,1,พนมเบญจา,กระบี่,S,BDC,8,2
78662,DCA,22,สารสนเทศศาสตร์,3.07,2.92,2562,2565,3,0,บูรณะรำลึก,ตรัง,S,BDC,3,3
78665,DCA,22,สารสนเทศศาสตร์,3.2,2.78,2562,2565,3,1,เตรียมอุดมศึกษาสุวินทวงศ์,กรุงเทพมหานคร,B,BDC,9,2
78680,ITD,22,สารสนเทศศาสตร์,3.45,3.16,2562,2565,2,1,ปัญญาสารธรรมมูลนิธิ,นครศรีธรรมราช,S,BDC,8,3
78698,ITD,22,สารสนเทศศาสตร์,3.14,3.46,2562,2565,2,1,ศาสนูปถัมภ์ปากพะยูนมูลนิธิ,พัทลุง,S,BDC,9,1
78713,ITD,22,สารสนเทศศาสตร์,3.07,2.89,2562,2565,2,0,เกาะสมุย,สุราษฎร์ธานี,S,BDC,8,3
78718,DCA,22,สารสนเทศศาสตร์,3.12,2.58,2562,2565,3,0,นราธิวาส,นราธิวาส,S,BDC,8,1
78722,MTA,22,สารสนเทศศาสตร์,3.41,2.87,2562,2566,1,1,พรหมคีรีพิทยาคม,นครศรีธรรมราช,S,BDC,8,1
78726,DCA,22,สารสนเทศศาสตร์,2.88,2.85,2562,2565,3,1,ป่าพะยอมพิทยาคม,พัทลุง,S,BDC,8,1
78727,DCA,22,สารสนเทศศาสตร์,3.15,2.93,2562,2565,3,0,กัลยาณีศรีธรรมราช,นครศรีธรรมราช,S,BDC,8,1
78733,ITD,22,สารสนเทศศาสตร์,2.83,3.13,2562,2565,2,0,เกาะสมุย,สุราษฎร์ธานี,S,BDC,8,3
78767,MTA,22,สารสนเทศศาสตร์,3.5,3.22,2562,2565,3,1,รัษฎา,ตรัง,S,BDC,8,1
78780,DCA,22,สารสนเทศศาสตร์,2.62,2.8,2562,2565,3,1,ท่าศาลาประสิทธิ์ศึกษา,นครศรีธรรมราช,S,BDC,3,3
78783,MTA,22,สารสนเทศศาสตร์,2.88,3.55,2562,2565,3,1,วิทยาลัยเทคนิคสุราษฎร์ธานี,สุราษฎร์ธานี,S,BDC,8,1
78790,IMI,22,สารสนเทศศาสตร์,3.64,3.25,2562,2565,2,1,ประทีปศาสน์,นครศรีธรรมราช,S,BDC,8,2
78813,ITD,22,สารสนเทศศาสตร์,3.12,3.1,2562,2565,2,1,หัวไทรบำรุงราษฎร์,นครศรีธรรมราช,S,BDC,8,1
78837,IMI,22,สารสนเทศศาสตร์,3.92,3.32,2562,2565,2,2,ดีบุกพังงาวิทยายน,พังงา,S,BDC,8,2
78845,DCA,22,สารสนเทศศาสตร์,3.15,2.93,2562,2565,3,1,วิทยาลัยเทคโนโลยีหาดใหญ่อำนวยวิทย์,สงขลา,S,BDC,8,1
78852,IMI,22,สารสนเทศศาสตร์,3.62,2.66,2562,2565,2,2,พัทลุง,พัทลุง,S,BDC,8,2
78879,ITD,22,สารสนเทศศาสตร์,3.37,2.56,2562,2565,2,1,ท่าศาลาประสิทธิ์ศึกษา,นครศรีธรรมราช,S,BDC,8,1
78890,DCA,22,สารสนเทศศาสตร์,2.87,2.97,2562,2565,3,1,ท่าศาลาประสิทธิ์ศึกษา,นครศรีธรรมราช,S,BDC,8,1
78901,IMI,22,สารสนเทศศาสตร์,3.11,3.09,2562,2565,2,1,ศรีธรรมราชศึกษา,นครศรีธรรมราช,S,BDC,8,2
78902,MTA,22,สารสนเทศศาสตร์,2.52,2.75,2562,2565,3,1,ศรีธรรมราชศึกษา,นครศรีธรรมราช,S,BDC,3,1
78907,DCA,22,สารสนเทศศาสตร์,3.37,2.98,2562,2565,3,0,บูรณะรำลึก,ตรัง,S,BDC,8,3
78908,DCM,22,สารสนเทศศาสตร์,3.18,3.17,2562,2565,3,1,วชิรานุกูล,สงขลา,S,BDC,8,3
78915,DCM,22,สารสนเทศศาสตร์,3.32,3.02,2562,2565,3,1,ท่านครญาณวโรภาสอุทิศ,นครศรีธรรมราช,S,BDC,3,1
78924,DCA,22,สารสนเทศศาสตร์,2.75,2.88,2562,2565,3,1,วิทยาลัยอาชีวศึกษาสุราษฎร์ธานี,สุราษฎร์ธานี,S,BDC,8,1
78926,DCA,22,สารสนเทศศาสตร์,3.28,2.78,2562,2565,3,0,กัลยาณีศรีธรรมราช,นครศรีธรรมราช,S,BDC,3,3
78938,IMI,22,สารสนเทศศาสตร์,3.1,2.69,2562,2565,2,0,สุราษฎร์ธานี,สุราษฎร์ธานี,S,BDC,3,3
78955,MTA,22,สารสนเทศศาสตร์,2.83,2.66,2562,2565,3,0,กัลยาณีศรีธรรมราช,นครศรีธรรมราช,S,BDC,8,3
78965,MTA,22,สารสนเทศศาสตร์,2.95,2.59,2562,2565,3,0,สุราษฎร์ธานี,สุราษฎร์ธานี,S,BDC,8,3
78979,MTA,22,สารสนเทศศาสตร์,2.63,2.92,2562,2566,1,0,กัลยาณีศรีธรรมราช,นครศรีธรรมราช,S,BDC,3,3
78996,DCA,22,สารสนเทศศาสตร์,2.92,2.6,2562,2565,3,1,กะทู้วิทยา,ภูเก็ต,S,BDC,3,3
79016,ITD,22,สารสนเทศศาสตร์,2.91,2.77,2562,2565,2,1,ท่าศาลาประสิทธิ์ศึกษา,นครศรีธรรมราช,S,BDC,8,2
79229,DCA,22,สารสนเทศศาสตร์,2.99,2.92,2562,2565,3,2,วิเชียรมาตุ,ตรัง,S,BDC,8,2
79033,MTA,22,สารสนเทศศาสตร์,2.86,2.96,2562,2565,3,1,ท่าศาลาประสิทธิ์ศึกษา,นครศรีธรรมราช,S,BDC,8,1
79032,IMI,22,สารสนเทศศาสตร์,3.16,2.58,2562,2565,2,0,สตรีภูเก็ต,ภูเก็ต,S,BDC,8,3
79050,IMI,22,สารสนเทศศาสตร์,3.59,3.25,2562,2565,2,1,รุ่งโรจน์วิทยา,สงขลา,S,BDC,8,1
79055,DCM,22,สารสนเทศศาสตร์,3.38,2.78,2562,2565,3,1,มัดร่อซาตุลอุลูมิดดีน,นครศรีธรรมราช,S,BDC,8,3
79063,MTA,22,สารสนเทศศาสตร์,3.52,3.27,2562,2565,3,1,สวนศรีวิทยา,ชุมพร,S,BDC,8,1
79067,ITD,22,สารสนเทศศาสตร์,2.6,2.05,2562,2565,2,1,ศรีธรรมราชศึกษา,นครศรีธรรมราช,S,BDC,9,1
79071,IMI,22,สารสนเทศศาสตร์,3.5,3.13,2562,2565,3,1,ศรีธรรมราชศึกษา,นครศรีธรรมราช,S,BDC,8,2
79098,DCM,22,สารสนเทศศาสตร์,3.45,3.55,2562,2565,3,1,เทพสถิตวิทยา,ชัยภูมิ,EN,BDC,13,1
79226,DCM,22,สารสนเทศศาสตร์,3.79,3.64,2562,2565,3,2,เฉลิมพระเกียรติสมเด็จพระศรีนครินทร์ ภูเก็ต,ภูเก็ต,S,BDC,8,2
79128,DCA,22,สารสนเทศศาสตร์,2.93,2.56,2562,2565,3,1,เทพมิตรศึกษา,สุราษฎร์ธานี,S,BDC,8,2
79133,MTA,22,สารสนเทศศาสตร์,3.24,3.15,2562,2565,3,1,นบพิตำวิทยา,นครศรีธรรมราช,S,BDC,8,1
79138,IMI,22,สารสนเทศศาสตร์,3.61,2.9,2562,2565,2,0,เตรียมอุดมศึกษาS,นครศรีธรรมราช,S,BDC,3,3
79175,DCA,22,สารสนเทศศาสตร์,2.96,2.95,2562,2565,3,1,ป่าพะยอมพิทยาคม,พัทลุง,S,BDC,3,1
79228,IMI,22,สารสนเทศศาสตร์,3.35,2.98,2562,2565,2,1,วิทยาศาสตร์จุฬาภรณราชวิทยาลัย นครศรีธรรมราช,นครศรีธรรมราช,S,BDC,3,0
79233,MTA,22,สารสนเทศศาสตร์,2.67,2.63,2562,2565,3,0,สตรีทุ่งสง,นครศรีธรรมราช,S,BDC,3,3
79241,MTA,22,สารสนเทศศาสตร์,3.15,2.75,2562,2565,3,1,เชียรใหญ่,นครศรีธรรมราช,S,BDC,3,1
79262,MTA,22,สารสนเทศศาสตร์,3.29,2.79,2562,2565,3,1,เทศบาล 5,สุราษฎร์ธานี,S,BDC,8,2
79263,DCA,22,สารสนเทศศาสตร์,3.21,2.69,2562,2565,3,1,สภาราชินี 2,ตรัง,S,BDC,8,2
79273,ITD,22,สารสนเทศศาสตร์,3.43,2.78,2562,2565,2,2,กัลยาณีศรีธรรมราช,นครศรีธรรมราช,S,BDC,8,2
79280,DCM,22,สารสนเทศศาสตร์,3.62,3.02,2562,2565,3,1,สามัคคีศึกษา,ตรัง,S,BDC,3,1
79304,DCA,22,สารสนเทศศาสตร์,2.65,3.1,2562,2565,3,1,เมืองกระบี่,กระบี่,S,BDC,8,2
79317,MTA,22,สารสนเทศศาสตร์,2.87,2.85,2562,2565,3,1,วิทยาลัยศิลปหัตถกรรมนครศรีธรรมราช,นครศรีธรรมราช,S,BDC,8,2
79322,MTA,22,สารสนเทศศาสตร์,3.52,3.47,2562,2565,3,1,ย่านตาขาวรัฐชนูปถัมภ์,ตรัง,S,BDC,8,1
79371,DCM,22,สารสนเทศศาสตร์,3.28,2.84,2562,2565,3,1,หัวไทรบำรุงราษฎร์,นครศรีธรรมราช,S,BDC,8,1
79450,DCM,22,สารสนเทศศาสตร์,3.23,3.62,2562,2565,3,1,พนมเบญจา,กระบี่,S,BDC,8,2
79451,IMI,22,สารสนเทศศาสตร์,3.63,3.23,2562,2565,2,1,ศรีธรรมราชศึกษา,นครศรีธรรมราช,S,BDC,8,1
79459,IMI,22,สารสนเทศศาสตร์,3.14,3.14,2562,2565,2,1,ศรีธรรมราชศึกษา,นครศรีธรรมราช,S,BDC,8,2
79468,MTA,22,สารสนเทศศาสตร์,3.38,2.9,2562,2565,3,2,อำมาตย์พานิชนุกูล,กระบี่,S,BDC,8,2
79482,ITD,22,สารสนเทศศาสตร์,3.15,3.49,2562,2565,3,1,บ้านทับวัง,ชุมพร,S,BDC,8,3
79490,IMI,22,สารสนเทศศาสตร์,3.82,3.34,2562,2565,3,1,อัตตัรกียะห์อิสลามียะห์,นราธิวาส,S,BDC,1,1
79536,MTA,22,สารสนเทศศาสตร์,3.64,3.02,2562,2565,3,0,ปัญญาวิทย์,ตรัง,S,BDC,9,1
79538,DCA,22,สารสนเทศศาสตร์,2.54,2.34,2562,2566,1,1,จิตรลดา,กรุงเทพมหานคร,B,BDC,9,3
79598,DCA,22,สารสนเทศศาสตร์,3.21,2.59,2562,2565,3,0,อำมาตย์พานิชนุกูล,กระบี่,S,BDC,9,3
79672,DCM,22,สารสนเทศศาสตร์,3.11,2.81,2562,2565,3,1,วิทยาลัยเทคนิคนครศรีธรรมราช,นครศรีธรรมราช,S,BDC,9,1
79741,DCA,22,สารสนเทศศาสตร์,3,2.76,2562,2565,3,1,ท่าศาลาประสิทธิ์ศึกษา,นครศรีธรรมราช,S,BDC,9,2
79823,DCA,22,สารสนเทศศาสตร์,3.08,2.83,2562,2565,3,0,กัลยาณีศรีธรรมราช,นครศรีธรรมราช,S,BDC,0,3
79864,DCA,22,สารสนเทศศาสตร์,3.11,3.46,2562,2565,3,1,ศาสนูปถัมภ์ปากพะยูนมูลนิธิ,พัทลุง,S,BDC,0,1
79895,DCA,22,สารสนเทศศาสตร์,3.5,3.2,2562,2565,3,0,กัลยาณีศรีธรรมราช,นครศรีธรรมราช,S,BDC,0,1
79904,DCA,22,สารสนเทศศาสตร์,2.58,2.11,2562,2565,3,1,วิทยาลัยเทคนิคสิชล,นครศรีธรรมราช,S,BDC,0,3
79912,DCA,22,สารสนเทศศาสตร์,2.68,2.18,2562,2565,3,1,วิทยาลัยอาชีวศึกษานครศรีธรรมราช,นครศรีธรรมราช,S,BDC,0,2
79921,DCA,22,สารสนเทศศาสตร์,3.82,3.59,2562,2565,3,0,เทศบาล ๒ (วัดกะพังสุรินทร์),ตรัง,S,BDC,0,1
80009,DCM,22,สารสนเทศศาสตร์,2.87,1.68,2562,2565,3,0,นวมินทราชินูทิศ สตรีวิทยา 2,กรุงเทพมหานคร,B,BDC,0,3
80014,IMI,22,สารสนเทศศาสตร์,3.03,2.53,2562,2565,2,1,ศรีธรรมราชศึกษา,นครศรีธรรมราช,S,BDC,0,2
80058,DCA,22,สารสนเทศศาสตร์,2.9,2.9,2562,2565,3,1,หัวหิน,ประจวบคีรีขันธ์,W,BDC,0,1
80066,DCA,22,สารสนเทศศาสตร์,3.53,3.49,2562,2565,3,1,ควนเนียงวิทยา,สงขลา,S,BDC,0,2
80172,DCM,22,สารสนเทศศาสตร์,3.46,2.84,2562,2565,3,1,ดารุสสลามวิทยา,สุราษฎร์ธานี,S,BDC,0,2
80177,ITD,22,สารสนเทศศาสตร์,2.79,1.81,2562,2565,2,1,ศรีธรรมราชศึกษา,นครศรีธรรมราช,S,BDC,0,1
80186,DCM,22,สารสนเทศศาสตร์,3.24,2.6,2562,2565,3,1,โยธินบำรุง,นครศรีธรรมราช,S,BDC,0,2
80269,DCM,22,สารสนเทศศาสตร์,3.05,2.73,2562,2565,3,1,ปัญญาสารธรรมมูลนิธิ,นครศรีธรรมราช,S,BDC,10,2
80276,DCA,22,สารสนเทศศาสตร์,2.66,3.21,2562,2565,3,1,คงคาประชารักษ์,นครศรีธรรมราช,S,BDC,10,1
80329,DCM,22,สารสนเทศศาสตร์,3.41,3.02,2562,2566,1,1,วิทยาลัยอาชีวศึกษาสุราษฎร์ธานี,สุราษฎร์ธานี,S,BDC,10,1
