BRANCH,F_NAME,GPA,ENTRY-GPA,SEMESTER,S_TYPE,R_NAME,OUTLAY,ENTRYNAME,CHOICENAME
DCA,INFO,C,B,2,โรงเรียนทั่วไป,ภาคใต้,BDA,โควตา 14 จังหวัดภาคใต้และประจวบคีรีขันธ์,"12,500-25,000 บาทต่อเดือน"
MTA,INFO,C,C,3,โรงเรียนมีชื่อเสียง,ภาคใต้,BDA,โควตา 14 จังหวัดภาคใต้และประจวบคีรีขันธ์,"น้อยกว่า 12,500 บาทต่อเดือน"
DCM,INFO,C,C,3,โรงเรียนมีชื่อเสียง,ภาคใต้,BDA,โควตา 14 จังหวัดภาคใต้และประจวบคีรีขันธ์,"มากกว่า 25,000 บาทต่อเดือน"
MTA,INFO,C,B,3,โรงเรียนมีชื่อเสียง,ภาคใต้,BDA,โควตา 14 จังหวัดภาคใต้และประจวบคีรีขันธ์,"น้อยกว่า 12,500 บาทต่อเดือน"
MTA,INFO,C,C,3,โรงเรียนทั่วไป,ภาคใต้,BDA,โควตา 14 จังหวัดภาคใต้และประจวบคีรีขันธ์,ไม่มีรายได้
DCA,INFO,C,C,2,โรงเรียนทั่วไป,ภาคใต้,BDA,โควตา 14 จังหวัดภาคใต้และประจวบคีรีขันธ์,"12,500-25,000 บาทต่อเดือน"
DCM,INFO,B,B,3,โรงเรียนทั่วไป,ภาคใต้,BDA,โควตา 14 จังหวัดภาคใต้และประจวบคีรีขันธ์,"น้อยกว่า 12,500 บาทต่อเดือน"
DCA,INFO,A,A,2,โรงเรียนทั่วไป,ภาคใต้,BDA,โควตา 14 จังหวัดภาคใต้และประจวบคีรีขันธ์,"น้อยกว่า 12,500 บาทต่อเดือน"
IT,INFO,C,B,3,โรงเรียนทั่วไป,ภาคใต้,BDA,โควตา 14 จังหวัดภาคใต้และประจวบคีรีขันธ์,"น้อยกว่า 12,500 บาทต่อเดือน"
IT,INFO,B,B,3,โรงเรียนมีชื่อเสียง,ภาคใต้,BDA,โควตา 14 จังหวัดภาคใต้และประจวบคีรีขันธ์,"12,500-25,000 บาทต่อเดือน"
DCM,INFO,B,A,3,โรงเรียนมีชื่อเสียง,ภาคใต้,BDA,โควตา 14 จังหวัดภาคใต้และประจวบคีรีขันธ์,"12,500-25,000 บาทต่อเดือน"
DCA,INFO,B,C,2,โรงเรียนมีชื่อเสียง,ภาคใต้,BDA,โควตา 14 จังหวัดภาคใต้และประจวบคีรีขันธ์,"12,500-25,000 บาทต่อเดือน"
IT,INFO,C,C,3,,ภาคใต้,BDA,โควตา 14 จังหวัดภาคใต้และประจวบคีรีขันธ์,"น้อยกว่า 12,500 บาทต่อเดือน"
MTA,INFO,B,C,2,โรงเรียนทั่วไป,ภาคใต้,BDA,โควตา 14 จังหวัดภาคใต้และประจวบคีรีขันธ์,"น้อยกว่า 12,500 บาทต่อเดือน"
DCA,INFO,C,A,2,โรงเรียนมีชื่อเสียง,ภาคใต้,BDA,โควตา 14 จังหวัดภาคใต้และประจวบคีรีขันธ์,"น้อยกว่า 12,500 บาทต่อเดือน"
DCA,INFO,B,B,2,โรงเรียนมีชื่อเสียง,ภาคใต้,BDA,โควตา 14 จังหวัดภาคใต้และประจวบคีรีขันธ์,"12,500-25,000 บาทต่อเดือน"
IT,INFO,A,B,3,โรงเรียนทั่วไป,ภาคใต้,BDA,โควตา 14 จังหวัดภาคใต้และประจวบคีรีขันธ์,ไม่มีรายได้
MTA,INFO,A,B,1,โรงเรียนทั่วไป,ภาคใต้,BDA,โควตา 14 จังหวัดภาคใต้และประจวบคีรีขันธ์,"มากกว่า 25,000 บาทต่อเดือน"
MTA,INFO,A,A,2,โรงเรียนมีชื่อเสียง,ภาคใต้,BDA,โควตา 14 จังหวัดภาคใต้และประจวบคีรีขันธ์,"12,500-25,000 บาทต่อเดือน"
DCM,INFO,A,C,3,โรงเรียนทั่วไป,ภาคใต้,BDA,โควตา 14 จังหวัดภาคใต้และประจวบคีรีขันธ์,"12,500-25,000 บาทต่อเดือน"
DCA,INFO,A,C,3,โรงเรียนทั่วไป,ภาคใต้,BDA,โควตา 14 จังหวัดภาคใต้และประจวบคีรีขันธ์,"มากกว่า 25,000 บาทต่อเดือน"
IT,INFO,A,C,3,โรงเรียนทั่วไป,ภาคใต้,BDA,โควตา 14 จังหวัดภาคใต้และประจวบคีรีขันธ์,"น้อยกว่า 12,500 บาทต่อเดือน"
MTA,INFO,C,C,2,โรงเรียนมีชื่อเสียง,ภาคใต้,BDA,โควตา 14 จังหวัดภาคใต้และประจวบคีรีขันธ์,"12,500-25,000 บาทต่อเดือน"
DCM,INFO,A,A,3,โรงเรียนทั่วไป,ภาคใต้,BDA,โควตา 14 จังหวัดภาคใต้และประจวบคีรีขันธ์,"น้อยกว่า 12,500 บาทต่อเดือน"
DCA,INFO,C,B,2,โรงเรียนทั่วไป,ภาคใต้,BDA,โควตา 14 จังหวัดภาคใต้และประจวบคีรีขันธ์,"น้อยกว่า 12,500 บาทต่อเดือน"
DCA,INFO,B,C,2,โรงเรียนทั่วไป,ภาคใต้,BDA,โควตา 14 จังหวัดภาคใต้และประจวบคีรีขันธ์,"มากกว่า 25,000 บาทต่อเดือน"
DCA,INFO,C,C,2,โรงเรียนมีชื่อเสียง,ภาคใต้,BDA,โควตา 14 จังหวัดภาคใต้และประจวบคีรีขันธ์,"มากกว่า 25,000 บาทต่อเดือน"
IT,INFO,C,B,3,โรงเรียนทั่วไป,ภาคใต้,BDA,โควตา 14 จังหวัดภาคใต้และประจวบคีรีขันธ์,"มากกว่า 25,000 บาทต่อเดือน"
DCA,INFO,B,C,2,โรงเรียนทั่วไป,ภาคใต้,BDA,โควตา 14 จังหวัดภาคใต้และประจวบคีรีขันธ์,"12,500-25,000 บาทต่อเดือน"
MTA,INFO,B,B,3,โรงเรียนทั่วไป,ภาคใต้,BDA,โควตา 14 จังหวัดภาคใต้และประจวบคีรีขันธ์,"12,500-25,000 บาทต่อเดือน"
DCA,INFO,A,B,3,โรงเรียนทั่วไป,ภาคใต้,BDA,โควตา 14 จังหวัดภาคใต้และประจวบคีรีขันธ์,"12,500-25,000 บาทต่อเดือน"
MTA,INFO,A,A,3,โรงเรียนมีชื่อเสียง,ภาคใต้,BDA,โควตา 14 จังหวัดภาคใต้และประจวบคีรีขันธ์,"12,500-25,000 บาทต่อเดือน"
MTA,INFO,B,B,3,โรงเรียนมีชื่อเสียง,ภาคใต้,BDA,โควตา 14 จังหวัดภาคใต้และประจวบคีรีขันธ์,"12,500-25,000 บาทต่อเดือน"
IT,INFO,B,C,3,โรงเรียนมีชื่อเสียง,ภาคใต้,BDA,โควตา 14 จังหวัดภาคใต้และประจวบคีรีขันธ์,"12,500-25,000 บาทต่อเดือน"
MTA,INFO,C,B,3,โรงเรียนทั่วไป,ภาคใต้,BDA,โควตา 14 จังหวัดภาคใต้และประจวบคีรีขันธ์,"มากกว่า 25,000 บาทต่อเดือน"
IT,INFO,A,A,2,โรงเรียนทั่วไป,ภาคใต้,BDA,โควตา 14 จังหวัดภาคใต้และประจวบคีรีขันธ์,"มากกว่า 25,000 บาทต่อเดือน"
DCA,INFO,C,C,2,โรงเรียนทั่วไป,ภาคใต้,BDA,โควตา 14 จังหวัดภาคใต้และประจวบคีรีขันธ์,"12,500-25,000 บาทต่อเดือน"
IT,INFO,B,C,3,โรงเรียนทั่วไป,ภาคใต้,BDA,โควตา 14 จังหวัดภาคใต้และประจวบคีรีขันธ์,"น้อยกว่า 12,500 บาทต่อเดือน"
MTA,INFO,B,C,3,โรงเรียนทั่วไป,ภาคใต้,BDA,โควตา 14 จังหวัดภาคใต้และประจวบคีรีขันธ์,"12,500-25,000 บาทต่อเดือน"
DCA,INFO,A,B,2,โรงเรียนทั่วไป,ภาคใต้,BDA,โควตา 14 จังหวัดภาคใต้และประจวบคีรีขันธ์,"มากกว่า 25,000 บาทต่อเดือน"
MTA,INFO,B,B,2,โรงเรียนทั่วไป,ภาคใต้,BDA,โควตา 14 จังหวัดภาคใต้และประจวบคีรีขันธ์,"น้อยกว่า 12,500 บาทต่อเดือน"
MTA,INFO,B,B,2,โรงเรียนมีชื่อเสียง,ภาคใต้,BDA,โควตา 14 จังหวัดภาคใต้และประจวบคีรีขันธ์,"12,500-25,000 บาทต่อเดือน"
DCA,INFO,B,C,3,โรงเรียนทั่วไป,ภาคใต้,BDA,โควตา 14 จังหวัดภาคใต้และประจวบคีรีขันธ์,"12,500-25,000 บาทต่อเดือน"
DCA,INFO,B,A,2,โรงเรียนมีชื่อเสียง,ภาคใต้,BDA,โควตา 14 จังหวัดภาคใต้และประจวบคีรีขันธ์,"12,500-25,000 บาทต่อเดือน"
DCA,INFO,C,C,2,โรงเรียนทั่วไป,ภาคใต้,BDA,โควตา 14 จังหวัดภาคใต้และประจวบคีรีขันธ์,"น้อยกว่า 12,500 บาทต่อเดือน"
DCA,INFO,B,B,2,โรงเรียนทั่วไป,ภาคใต้,BDA,โควตา 14 จังหวัดภาคใต้และประจวบคีรีขันธ์,"น้อยกว่า 12,500 บาทต่อเดือน"
DCA,INFO,B,B,3,โรงเรียนมีชื่อเสียง,ภาคใต้,BDA,โควตา 14 จังหวัดภาคใต้และประจวบคีรีขันธ์,"มากกว่า 25,000 บาทต่อเดือน"
MTA,INFO,B,A,3,โรงเรียนทั่วไป,ภาคใต้,BDA,โควตา 14 จังหวัดภาคใต้และประจวบคีรีขันธ์,"น้อยกว่า 12,500 บาทต่อเดือน"
DCM,INFO,A,C,3,โรงเรียนทั่วไป,ภาคใต้,BDA,โควตา 14 จังหวัดภาคใต้และประจวบคีรีขันธ์,"มากกว่า 25,000 บาทต่อเดือน"
DCA,INFO,C,C,2,โรงเรียนทั่วไป,ภาคใต้,BDA,โควตา 14 จังหวัดภาคใต้และประจวบคีรีขันธ์,"12,500-25,000 บาทต่อเดือน"
IT,INFO,A,C,3,โรงเรียนทั่วไป,ภาคใต้,BDA,โควตา 14 จังหวัดภาคใต้และประจวบคีรีขันธ์,"น้อยกว่า 12,500 บาทต่อเดือน"
MTA,INFO,B,C,3,โรงเรียนทั่วไป,ภาคใต้,BDA,โควตา 14 จังหวัดภาคใต้และประจวบคีรีขันธ์,"12,500-25,000 บาทต่อเดือน"
DCA,INFO,C,C,2,โรงเรียนทั่วไป,ภาคใต้,BDA,โควตา 14 จังหวัดภาคใต้และประจวบคีรีขันธ์,"น้อยกว่า 12,500 บาทต่อเดือน"
DCA,INFO,B,B,3,โรงเรียนทั่วไป,ภาคใต้,BDA,โควตา 14 จังหวัดภาคใต้และประจวบคีรีขันธ์,"มากกว่า 25,000 บาทต่อเดือน"
MTA,INFO,C,B,3,โรงเรียนทั่วไป,ภาคใต้,BDA,โควตา 14 จังหวัดภาคใต้และประจวบคีรีขันธ์,"มากกว่า 25,000 บาทต่อเดือน"
DCA,INFO,B,B,2,โรงเรียนทั่วไป,ภาคใต้,BDA,โควตา 14 จังหวัดภาคใต้และประจวบคีรีขันธ์,"12,500-25,000 บาทต่อเดือน"
MTA,INFO,B,A,1,โรงเรียนทั่วไป,ภาคใต้,BDA,โควตา 14 จังหวัดภาคใต้และประจวบคีรีขันธ์,"น้อยกว่า 12,500 บาทต่อเดือน"
DCA,INFO,C,B,2,โรงเรียนมีชื่อเสียง,ภาคใต้,BDA,โควตา 14 จังหวัดภาคใต้และประจวบคีรีขันธ์,"12,500-25,000 บาทต่อเดือน"
DCM,INFO,A,B,3,โรงเรียนทั่วไป,ภาคใต้,BDA,โควตา 14 จังหวัดภาคใต้และประจวบคีรีขันธ์,"น้อยกว่า 12,500 บาทต่อเดือน"
IT,INFO,A,B,3,โรงเรียนทั่วไป,ภาคใต้,BDA,โควตา 14 จังหวัดภาคใต้และประจวบคีรีขันธ์,"น้อยกว่า 12,500 บาทต่อเดือน"
MTA,INFO,B,B,1,โรงเรียนมีชื่อเสียง,ภาคใต้,BDA,โควตา 14 จังหวัดภาคใต้และประจวบคีรีขันธ์,"น้อยกว่า 12,500 บาทต่อเดือน"
MTA,INFO,B,B,3,โรงเรียนมีชื่อเสียง,ภาคใต้,BDA,โควตา 14 จังหวัดภาคใต้และประจวบคีรีขันธ์,"น้อยกว่า 12,500 บาทต่อเดือน"
MTA,INFO,A,A,2,โรงเรียนทั่วไป,ภาคใต้,BDA,โควตา 14 จังหวัดภาคใต้และประจวบคีรีขันธ์,"น้อยกว่า 12,500 บาทต่อเดือน"
MTA,INFO,C,C,3,โรงเรียนมีชื่อเสียง,ภาคใต้,BDA,โควตา 14 จังหวัดภาคใต้และประจวบคีรีขันธ์,"12,500-25,000 บาทต่อเดือน"
DCA,INFO,C,B,3,โรงเรียนมีชื่อเสียง,ภาคใต้,BDA,โควตา 14 จังหวัดภาคใต้และประจวบคีรีขันธ์,"12,500-25,000 บาทต่อเดือน"
MTA,INFO,B,A,3,โรงเรียนทั่วไป,ภาคใต้,BDA,โควตา 14 จังหวัดภาคใต้และประจวบคีรีขันธ์,"มากกว่า 25,000 บาทต่อเดือน"
MTA,INFO,C,C,1,โรงเรียนทั่วไป,ภาคใต้,BDA,โควตา 14 จังหวัดภาคใต้และประจวบคีรีขันธ์,ไม่มีรายได้
DCA,INFO,C,C,3,โรงเรียนทั่วไป,ภาคใต้,BDA,โควตา 14 จังหวัดภาคใต้และประจวบคีรีขันธ์,"มากกว่า 25,000 บาทต่อเดือน"
IT,INFO,C,B,3,โรงเรียนทั่วไป,ภาคใต้,BDA,โควตา 14 จังหวัดภาคใต้และประจวบคีรีขันธ์,"น้อยกว่า 12,500 บาทต่อเดือน"
MTA,INFO,B,B,2,โรงเรียนทั่วไป,ภาคใต้,BDA,โควตา 14 จังหวัดภาคใต้และประจวบคีรีขันธ์,"น้อยกว่า 12,500 บาทต่อเดือน"
DCM,INFO,A,B,3,โรงเรียนมีชื่อเสียง,ภาคใต้,BDA,โควตา 14 จังหวัดภาคใต้และประจวบคีรีขันธ์,"12,500-25,000 บาทต่อเดือน"
DCA,INFO,C,B,2,โรงเรียนทั่วไป,ภาคใต้,BDA,โควตา 14 จังหวัดภาคใต้และประจวบคีรีขันธ์,"12,500-25,000 บาทต่อเดือน"
IT,INFO,B,C,3,โรงเรียนทั่วไป,ภาคใต้,BDA,โควตา 14 จังหวัดภาคใต้และประจวบคีรีขันธ์,"น้อยกว่า 12,500 บาทต่อเดือน"
DCA,INFO,B,B,2,โรงเรียนทั่วไป,ภาคใต้,BDA,โควตา 14 จังหวัดภาคใต้และประจวบคีรีขันธ์,"น้อยกว่า 12,500 บาทต่อเดือน"
DCA,INFO,B,C,2,โรงเรียนทั่วไป,ภาคใต้,BDA,โควตา 14 จังหวัดภาคใต้และประจวบคีรีขันธ์,"มากกว่า 25,000 บาทต่อเดือน"
IT,INFO,C,C,3,โรงเรียนทั่วไป,ภาคใต้,BDA,โควตา 14 จังหวัดภาคใต้และประจวบคีรีขันธ์,"12,500-25,000 บาทต่อเดือน"
DCM,INFO,C,C,1,โรงเรียนมีชื่อเสียง,ภาคใต้,BDA,โควตา 14 จังหวัดภาคใต้และประจวบคีรีขันธ์,"มากกว่า 25,000 บาทต่อเดือน"
IT,INFO,B,B,3,โรงเรียนทั่วไป,ภาคใต้,BDA,โควตา 14 จังหวัดภาคใต้และประจวบคีรีขันธ์,"น้อยกว่า 12,500 บาทต่อเดือน"
DCA,INFO,C,C,3,โรงเรียนทั่วไป,ภาคใต้,BDA,โควตา 14 จังหวัดภาคใต้และประจวบคีรีขันธ์,"น้อยกว่า 12,500 บาทต่อเดือน"
DCM,INFO,A,C,3,โรงเรียนมีชื่อเสียง,ภาคใต้,BDA,โควตา 14 จังหวัดภาคใต้และประจวบคีรีขันธ์,"12,500-25,000 บาทต่อเดือน"
DCA,INFO,B,C,2,โรงเรียนทั่วไป,ภาคใต้,BDA,โควตา 14 จังหวัดภาคใต้และประจวบคีรีขันธ์,"12,500-25,000 บาทต่อเดือน"
DCA,INFO,B,C,2,โรงเรียนมีชื่อเสียง,ภาคใต้,BDA,โควตา 14 จังหวัดภาคใต้และประจวบคีรีขันธ์,"12,500-25,000 บาทต่อเดือน"
DCA,INFO,C,B,3,โรงเรียนทั่วไป,ภาคใต้,BDA,โควตา 14 จังหวัดภาคใต้และประจวบคีรีขันธ์,"12,500-25,000 บาทต่อเดือน"
DCA,INFO,C,C,2,โรงเรียนมีชื่อเสียง,ภาคใต้,BDA,โควตา 14 จังหวัดภาคใต้และประจวบคีรีขันธ์,"น้อยกว่า 12,500 บาทต่อเดือน"
MTA,INFO,C,B,2,โรงเรียนทั่วไป,ภาคใต้,BDA,โควตา 14 จังหวัดภาคใต้และประจวบคีรีขันธ์,"12,500-25,000 บาทต่อเดือน"
IT,INFO,A,B,3,โรงเรียนทั่วไป,ภาคใต้,BDA,โควตา 14 จังหวัดภาคใต้และประจวบคีรีขันธ์,"12,500-25,000 บาทต่อเดือน"
MTA,INFO,C,C,1,โรงเรียนมีชื่อเสียง,ภาคใต้,BDA,โควตา 14 จังหวัดภาคใต้และประจวบคีรีขันธ์,"น้อยกว่า 12,500 บาทต่อเดือน"
MTA,INFO,A,B,3,โรงเรียนมีชื่อเสียง,ภาคใต้,BDA,โควตา 14 จังหวัดภาคใต้และประจวบคีรีขันธ์,"น้อยกว่า 12,500 บาทต่อเดือน"
MTA,INFO,B,A,2,โรงเรียนทั่วไป,ภาคใต้,BDA,โควตา 14 จังหวัดภาคใต้และประจวบคีรีขันธ์,"12,500-25,000 บาทต่อเดือน"
DCA,INFO,B,B,3,โรงเรียนมีชื่อเสียง,ภาคใต้,BDA,โควตา 14 จังหวัดภาคใต้และประจวบคีรีขันธ์,"มากกว่า 25,000 บาทต่อเดือน"
DCM,INFO,C,B,3,โรงเรียนมีชื่อเสียง,ภาคใต้,BDA,โควตา 14 จังหวัดภาคใต้และประจวบคีรีขันธ์,"12,500-25,000 บาทต่อเดือน"
MTA,INFO,A,A,3,โรงเรียนมีชื่อเสียง,ภาคใต้,BDA,โควตา 14 จังหวัดภาคใต้และประจวบคีรีขันธ์,"น้อยกว่า 12,500 บาทต่อเดือน"
DCM,INFO,B,C,3,โรงเรียนมีชื่อเสียง,ภาคใต้,BDA,โควตา 14 จังหวัดภาคใต้และประจวบคีรีขันธ์,"มากกว่า 25,000 บาทต่อเดือน"
DCM,INFO,B,B,1,โรงเรียนมีชื่อเสียง,ภาคใต้,BDA,โควตา 14 จังหวัดภาคใต้และประจวบคีรีขันธ์,"12,500-25,000 บาทต่อเดือน"
MTA,INFO,C,C,3,โรงเรียนทั่วไป,ภาคใต้,BDA,โควตา 14 จังหวัดภาคใต้และประจวบคีรีขันธ์,"มากกว่า 25,000 บาทต่อเดือน"
DCA,INFO,C,C,3,โรงเรียนทั่วไป,ภาคใต้,BDA,โควตา 14 จังหวัดภาคใต้และประจวบคีรีขันธ์,"น้อยกว่า 12,500 บาทต่อเดือน"
DCA,INFO,C,B,2,โรงเรียนทั่วไป,ภาคใต้,BDA,โควตา 14 จังหวัดภาคใต้และประจวบคีรีขันธ์,"12,500-25,000 บาทต่อเดือน"
DCA,INFO,C,C,1,โรงเรียนทั่วไป,ภาคใต้,BDA,โควตา 14 จังหวัดภาคใต้และประจวบคีรีขันธ์,"12,500-25,000 บาทต่อเดือน"
DCA,INFO,C,C,2,โรงเรียนทั่วไป,ภาคใต้,BDA,โควตา 14 จังหวัดภาคใต้และประจวบคีรีขันธ์,"12,500-25,000 บาทต่อเดือน"
MTA,INFO,B,B,1,โรงเรียนมีชื่อเสียง,ภาคใต้,BDA,โควตา 14 จังหวัดภาคใต้และประจวบคีรีขันธ์,"12,500-25,000 บาทต่อเดือน"
MTA,INFO,B,B,3,โรงเรียนทั่วไป,ภาคใต้,BDA,โควตา 14 จังหวัดภาคใต้และประจวบคีรีขันธ์,"น้อยกว่า 12,500 บาทต่อเดือน"
MTA,INFO,B,C,3,โรงเรียนมีชื่อเสียง,ภาคใต้,BDA,โควตา 14 จังหวัดภาคใต้และประจวบคีรีขันธ์,"น้อยกว่า 12,500 บาทต่อเดือน"
MTA,INFO,C,A,3,โรงเรียนทั่วไป,ภาคใต้,BDA,โควตา 14 จังหวัดภาคใต้และประจวบคีรีขันธ์,"12,500-25,000 บาทต่อเดือน"
IT,INFO,A,B,3,โรงเรียนมีชื่อเสียง,ภาคใต้,BDA,โควตา 14 จังหวัดภาคใต้และประจวบคีรีขันธ์,"มากกว่า 25,000 บาทต่อเดือน"
DCA,INFO,C,C,1,โรงเรียนมีชื่อเสียง,ภาคใต้,BDA,โควตา 14 จังหวัดภาคใต้และประจวบคีรีขันธ์,"น้อยกว่า 12,500 บาทต่อเดือน"
DCA,INFO,B,C,3,โรงเรียนทั่วไป,ภาคใต้,BDA,โควตา 14 จังหวัดภาคใต้และประจวบคีรีขันธ์,"มากกว่า 25,000 บาทต่อเดือน"
MTA,INFO,B,C,3,โรงเรียนมีชื่อเสียง,ภาคใต้,BDA,โควตา 14 จังหวัดภาคใต้และประจวบคีรีขันธ์,"12,500-25,000 บาทต่อเดือน"
DCA,INFO,C,C,2,โรงเรียนทั่วไป,ภาคใต้,BDA,โควตา 14 จังหวัดภาคใต้และประจวบคีรีขันธ์,"12,500-25,000 บาทต่อเดือน"
MTA,INFO,C,B,3,โรงเรียนทั่วไป,ภาคใต้,BDA,ผู้มีความสามารถด้านกิจกรรมนักศึกษา,"น้อยกว่า 12,500 บาทต่อเดือน"
DCM,INFO,A,A,3,โรงเรียนทั่วไป,ภาคใต้,BDA,รับตรง,"น้อยกว่า 12,500 บาทต่อเดือน"
DCA,INFO,C,B,2,โรงเรียนทั่วไป,ภาคเหนือ,BDA,รับตรง,"น้อยกว่า 12,500 บาทต่อเดือน"
DCM,INFO,C,A,3,โรงเรียนทั่วไป,ภาคใต้,BDA,รับตรง,"มากกว่า 25,000 บาทต่อเดือน"
IT,INFO,B,B,3,โรงเรียนทั่วไป,ภาคใต้,BDA,รับตรง,"น้อยกว่า 12,500 บาทต่อเดือน"
IT,INFO,C,C,3,โรงเรียนทั่วไป,ภาคใต้,BDA,รับตรง,"12,500-25,000 บาทต่อเดือน"
IT,INFO,B,C,3,โรงเรียนทั่วไป,ภาคใต้,BDA,รับตรง,"12,500-25,000 บาทต่อเดือน"
MTA,INFO,C,C,3,โรงเรียนทั่วไป,ภาคใต้,BDA,รับตรง,"น้อยกว่า 12,500 บาทต่อเดือน"
MTA,INFO,B,A,3,โรงเรียนทั่วไป,ภาคใต้,BDA,รับตรง,"มากกว่า 25,000 บาทต่อเดือน"
MTA,INFO,B,B,3,โรงเรียนทั่วไป,ภาคใต้,BDA,รับตรง,"น้อยกว่า 12,500 บาทต่อเดือน"
MTA,INFO,B,B,3,โรงเรียนมีชื่อเสียง,ภาคใต้,BDA,รับตรง,"12,500-25,000 บาทต่อเดือน"
DCA,INFO,B,B,2,โรงเรียนทั่วไป,ภาคใต้,BDA,รับตรง,"น้อยกว่า 12,500 บาทต่อเดือน"
MTA,INFO,B,C,3,โรงเรียนทั่วไป,ภาคใต้,BDA,รับตรง,"น้อยกว่า 12,500 บาทต่อเดือน"
MTA,INFO,A,A,3,โรงเรียนทั่วไป,ภาคใต้,BDA,รับตรง,"12,500-25,000 บาทต่อเดือน"
DCM,INFO,B,B,3,โรงเรียนทั่วไป,ภาคใต้,BDA,รับตรง,"น้อยกว่า 12,500 บาทต่อเดือน"
DCA,INFO,B,B,3,โรงเรียนทั่วไป,ภาคใต้,BDA,รับตรง,"12,500-25,000 บาทต่อเดือน"
DCA,INFO,B,B,2,โรงเรียนทั่วไป,ภาคใต้,BDA,รับตรง,"น้อยกว่า 12,500 บาทต่อเดือน"
MTA,INFO,C,B,1,โรงเรียนมีชื่อเสียง,ภาคใต้,BDA,รับตรง,"น้อยกว่า 12,500 บาทต่อเดือน"
DCA,INFO,C,A,3,โรงเรียนทั่วไป,ภาคใต้,BDA,รับตรง,"มากกว่า 25,000 บาทต่อเดือน"
MTA,INFO,C,A,2,โรงเรียนทั่วไป,ภาคใต้,BDA,รับตรง,"มากกว่า 25,000 บาทต่อเดือน"
MTA,INFO,B,A,3,โรงเรียนทั่วไป,ภาคใต้,BDA,รับตรง,"น้อยกว่า 12,500 บาทต่อเดือน"
MTA,INFO,C,C,3,โรงเรียนมีชื่อเสียง,ภาคใต้,BDA,รับตรง,ไม่มีรายได้
DCM,INFO,C,C,1,โรงเรียนทั่วไป,ภาคใต้,BDA,รับตรง,"น้อยกว่า 12,500 บาทต่อเดือน"
MTA,INFO,A,A,1,โรงเรียนมีชื่อเสียง,ภาคใต้,BDA,รับตรง,"มากกว่า 25,000 บาทต่อเดือน"
DCM,INFO,C,C,3,โรงเรียนทั่วไป,ภาคใต้,BDA,รับตรง,"12,500-25,000 บาทต่อเดือน"
MTA,INFO,C,A,3,โรงเรียนทั่วไป,ภาคใต้,BDA,รับตรง,"12,500-25,000 บาทต่อเดือน"
MTA,INFO,B,A,3,โรงเรียนมีชื่อเสียง,ภาคใต้,BDA,รับตรง,"มากกว่า 25,000 บาทต่อเดือน"
MTA,INFO,A,A,2,โรงเรียนทั่วไป,ภาคใต้,BDA,รับตรง,"12,500-25,000 บาทต่อเดือน"
DCM,INFO,B,C,3,โรงเรียนทั่วไป,ภาคใต้,BDA,รับตรง,"12,500-25,000 บาทต่อเดือน"
DCA,INFO,A,A,3,โรงเรียนมีชื่อเสียง,ภาคตะวันออกเฉียงเหนือ,BDA,รับตรง,"มากกว่า 25,000 บาทต่อเดือน"
IT,INFO,B,C,3,โรงเรียนทั่วไป,ภาคใต้,BDA,รับตรง,"12,500-25,000 บาทต่อเดือน"
MTA,INFO,B,B,3,โรงเรียนทั่วไป,ภาคใต้,BDA,รับตรง,"น้อยกว่า 12,500 บาทต่อเดือน"
DCA,INFO,C,B,3,โรงเรียนทั่วไป,ภาคใต้,BDA,รับตรง,"น้อยกว่า 12,500 บาทต่อเดือน"
MTA,INFO,A,A,3,โรงเรียนทั่วไป,ภาคใต้,BDA,รับตรง,"น้อยกว่า 12,500 บาทต่อเดือน"
IT,INFO,A,A,2,โรงเรียนทั่วไป,ภาคใต้,BDA,รับตรง,"มากกว่า 25,000 บาทต่อเดือน"
MTA,INFO,A,C,2,โรงเรียนทั่วไป,ภาคใต้,BDA,รับตรง,"12,500-25,000 บาทต่อเดือน"
DCM,INFO,A,C,3,โรงเรียนมีชื่อเสียง,ภาคใต้,BDA,รับตรง,"มากกว่า 25,000 บาทต่อเดือน"
MTA,INFO,B,B,3,โรงเรียนทั่วไป,ภาคใต้,BDA,รับตรง,"น้อยกว่า 12,500 บาทต่อเดือน"
MTA,INFO,B,A,3,โรงเรียนทั่วไป,ภาคใต้,BDA,รับตรง,"น้อยกว่า 12,500 บาทต่อเดือน"
IT,INFO,B,B,3,โรงเรียนทั่วไป,ภาคใต้,BDA,รับตรง,"มากกว่า 25,000 บาทต่อเดือน"
DCM,INFO,A,B,3,โรงเรียนทั่วไป,ภาคใต้,BDA,รับตรง,"12,500-25,000 บาทต่อเดือน"
DCA,INFO,B,A,2,โรงเรียนมีชื่อเสียง,ภาคตะวันตก,BDA,Admission,"12,500-25,000 บาทต่อเดือน"
DCA,INFO,C,C,2,โรงเรียนทั่วไป,ภาคใต้,BDA,Admission,"มากกว่า 25,000 บาทต่อเดือน"
MTA,INFO,A,A,3,โรงเรียนทั่วไป,ภาคใต้,BDA,Admission,"มากกว่า 25,000 บาทต่อเดือน"
DCA,INFO,C,B,2,โรงเรียนมีชื่อเสียง,ภาคใต้,BDA,Admission,"มากกว่า 25,000 บาทต่อเดือน"
DCA,INFO,C,C,3,โรงเรียนทั่วไป,ภาคใต้,BDA,Admission,"12,500-25,000 บาทต่อเดือน"
DCM,INFO,B,C,1,โรงเรียนมีชื่อเสียง,ภาคใต้,BDA,รับตรง,"12,500-25,000 บาทต่อเดือน"
IT,INFO,C,C,3,โรงเรียนทั่วไป,ภาคใต้,BDA,รับตรง,"น้อยกว่า 12,500 บาทต่อเดือน"
MTA,INFO,C,C,2,โรงเรียนทั่วไป,ภาคใต้,BDA,รับตรง,"น้อยกว่า 12,500 บาทต่อเดือน"
DCA,INFO,C,B,3,โรงเรียนทั่วไป,ภาคใต้,BDA,รับตรง,"12,500-25,000 บาทต่อเดือน"
MTA,INFO,B,A,2,โรงเรียนทั่วไป,ภาคใต้,BDA,รับตรง,"12,500-25,000 บาทต่อเดือน"
MTA,INFO,B,C,3,โรงเรียนมีชื่อเสียง,ภาคใต้,BDA,รับตรง,"12,500-25,000 บาทต่อเดือน"
MTA,INFO,A,A,3,โรงเรียนทั่วไป,ภาคใต้,BDA,รับตรง,"12,500-25,000 บาทต่อเดือน"
DCA,INFO,C,B,3,โรงเรียนทั่วไป,ภาคใต้,BDA,รับตรง,"12,500-25,000 บาทต่อเดือน"
DCA,INFO,B,C,2,โรงเรียนทั่วไป,ภาคใต้,BDA,รับตรง,"น้อยกว่า 12,500 บาทต่อเดือน"
DCA,INFO,A,C,3,โรงเรียนทั่วไป,ภาคใต้,BDA,รับตรง,"12,500-25,000 บาทต่อเดือน"
MTA,INFO,C,B,2,โรงเรียนทั่วไป,ภาคใต้,BDA,รับตรง,"น้อยกว่า 12,500 บาทต่อเดือน"
MTA,INFO,B,A,2,โรงเรียนทั่วไป,ภาคใต้,BDA,รับตรง,"น้อยกว่า 12,500 บาทต่อเดือน"
DCM,INFO,C,B,1,โรงเรียนทั่วไป,ภาคใต้,BDA,รับตรง,"12,500-25,000 บาทต่อเดือน"
MTA,INFO,C,C,3,โรงเรียนทั่วไป,ภาคใต้,BDA,รับตรง,"น้อยกว่า 12,500 บาทต่อเดือน"
IT,INFO,B,A,3,โรงเรียนทั่วไป,ภาคใต้,BDA,รับตรง,"น้อยกว่า 12,500 บาทต่อเดือน"
MTA,INFO,A,B,3,โรงเรียนทั่วไป,ภาคใต้,BDA,รับตรง,"มากกว่า 25,000 บาทต่อเดือน"
MTA,INFO,B,A,1,โรงเรียนมีชื่อเสียง,กรุงเทพฯและปริมณฑล,BDA,รับตรง,"12,500-25,000 บาทต่อเดือน"
MTA,INFO,B,C,3,โรงเรียนทั่วไป,ภาคใต้,BDA,รับตรง,"12,500-25,000 บาทต่อเดือน"
DCM,INFO,C,C,1,โรงเรียนมีชื่อเสียง,ภาคใต้,BDA,รับตรง,"น้อยกว่า 12,500 บาทต่อเดือน"
IT,INFO,C,C,3,โรงเรียนมีชื่อเสียง,ภาคใต้,BDA,รับตรง,"น้อยกว่า 12,500 บาทต่อเดือน"
DCA,INFO,C,B,3,โรงเรียนทั่วไป,ภาคใต้,BDA,รับตรง,"น้อยกว่า 12,500 บาทต่อเดือน"
DCM,INFO,B,C,3,โรงเรียนทั่วไป,ภาคใต้,BDA,รับตรง,"12,500-25,000 บาทต่อเดือน"
DCM,INFO,C,C,3,โรงเรียนทั่วไป,ภาคตะวันตก,BDA,รับตรง,"12,500-25,000 บาทต่อเดือน"
MTA,INFO,C,C,1,โรงเรียนมีชื่อเสียง,ภาคใต้,BDA,โควตาทั่วประเทศ,ไม่มีรายได้
DCA,INFO,B,A,2,โรงเรียนทั่วไป,ภาคใต้,BDA,โควตาทั่วประเทศ,"มากกว่า 25,000 บาทต่อเดือน"
DCA,INFO,B,C,3,โรงเรียนทั่วไป,ภาคใต้,BDA,โควตาทั่วประเทศ,"น้อยกว่า 12,500 บาทต่อเดือน"
DCA,INFO,C,C,3,โรงเรียนทั่วไป,ภาคใต้,BDA,โควตาทั่วประเทศ,"น้อยกว่า 12,500 บาทต่อเดือน"
MTA,INFO,C,C,1,โรงเรียนทั่วไป,ภาคใต้,BDA,โควตาทั่วประเทศ,"12,500-25,000 บาทต่อเดือน"
DCA,INFO,B,C,2,โรงเรียนทั่วไป,ภาคใต้,BDA,โควตาทั่วประเทศ,"น้อยกว่า 12,500 บาทต่อเดือน"
MTA,INFO,A,C,2,โรงเรียนมีชื่อเสียง,ภาคใต้,BDA,โควตาทั่วประเทศ,"น้อยกว่า 12,500 บาทต่อเดือน"
MTA,INFO,A,A,2,โรงเรียนมีชื่อเสียง,ภาคใต้,BDA,โควตาทั่วประเทศ,"12,500-25,000 บาทต่อเดือน"
MTA,INFO,A,C,3,โรงเรียนทั่วไป,ภาคตะวันตก,BDA,โควตาทั่วประเทศ,"มากกว่า 25,000 บาทต่อเดือน"
IT,INFO,A,C,3,โรงเรียนทั่วไป,ภาคใต้,BDA,โควตาทั่วประเทศ,"มากกว่า 25,000 บาทต่อเดือน"
IT,INFO,C,B,3,โรงเรียนมีชื่อเสียง,ภาคใต้,BDA,โควตาทั่วประเทศ,"12,500-25,000 บาทต่อเดือน"
MTA,INFO,A,A,2,โรงเรียนมีชื่อเสียง,ภาคใต้,BDA,โควตาทั่วประเทศ,"มากกว่า 25,000 บาทต่อเดือน"
MTA,INFO,C,C,2,โรงเรียนทั่วไป,ภาคใต้,BDA,โควตาทั่วประเทศ,"มากกว่า 25,000 บาทต่อเดือน"
DCM,INFO,A,C,3,โรงเรียนทั่วไป,ภาคใต้,BDA,โควตาทั่วประเทศ,"12,500-25,000 บาทต่อเดือน"
MTA,INFO,A,B,2,โรงเรียนมีชื่อเสียง,ภาคใต้,BDA,โควตาทั่วประเทศ,"มากกว่า 25,000 บาทต่อเดือน"
DCA,INFO,B,C,2,โรงเรียนทั่วไป,ภาคใต้,BDA,โควตาทั่วประเทศ,"น้อยกว่า 12,500 บาทต่อเดือน"
MTA,INFO,B,C,3,โรงเรียนทั่วไป,ภาคใต้,BDA,โควตาทั่วประเทศ,"น้อยกว่า 12,500 บาทต่อเดือน"
MTA,INFO,A,A,2,โรงเรียนมีชื่อเสียง,ภาคใต้,BDA,โควตาทั่วประเทศ,"มากกว่า 25,000 บาทต่อเดือน"
DCM,INFO,A,B,3,โรงเรียนมีชื่อเสียง,ภาคใต้,BDA,โควตาทั่วประเทศ,"มากกว่า 25,000 บาทต่อเดือน"
MTA,INFO,A,A,2,โรงเรียนมีชื่อเสียง,ภาคใต้,BDA,โควตาทั่วประเทศ,"มากกว่า 25,000 บาทต่อเดือน"
MTA,INFO,B,A,2,โรงเรียนมีชื่อเสียง,ภาคใต้,BDA,โควตาทั่วประเทศ,"12,500-25,000 บาทต่อเดือน"
DCA,INFO,C,C,2,โรงเรียนมีชื่อเสียง,ภาคใต้,BDA,โควตาทั่วประเทศ,"12,500-25,000 บาทต่อเดือน"
MTA,INFO,A,B,3,โรงเรียนมีชื่อเสียง,ภาคใต้,BDA,โควตาทั่วประเทศ,"12,500-25,000 บาทต่อเดือน"
MTA,INFO,B,B,3,โรงเรียนทั่วไป,ภาคใต้,BDA,โควตาทั่วประเทศ,"มากกว่า 25,000 บาทต่อเดือน"
DCA,INFO,B,A,2,โรงเรียนทั่วไป,ภาคใต้,BDA,โควตาทั่วประเทศ,"12,500-25,000 บาทต่อเดือน"
MTA,INFO,B,C,2,โรงเรียนทั่วไป,ภาคใต้,BDA,โควตาทั่วประเทศ,"น้อยกว่า 12,500 บาทต่อเดือน"
MTA,INFO,B,B,2,โรงเรียนทั่วไป,ภาคใต้,BDA,โควตาทั่วประเทศ,"น้อยกว่า 12,500 บาทต่อเดือน"
MTA,INFO,B,C,3,โรงเรียนมีชื่อเสียง,ภาคใต้,BDA,โควตาทั่วประเทศ,"12,500-25,000 บาทต่อเดือน"
DCA,INFO,B,A,2,โรงเรียนทั่วไป,ภาคใต้,BDA,โควตาทั่วประเทศ,"12,500-25,000 บาทต่อเดือน"
DCA,INFO,B,B,2,โรงเรียนมีชื่อเสียง,ภาคใต้,BDA,โควตาทั่วประเทศ,"12,500-25,000 บาทต่อเดือน"
DCA,INFO,C,C,3,โรงเรียนทั่วไป,ภาคใต้,BDA,โควตาทั่วประเทศ,"12,500-25,000 บาทต่อเดือน"
IT,INFO,B,C,3,โรงเรียนมีชื่อเสียง,ภาคใต้,BDA,โควตาทั่วประเทศ,"12,500-25,000 บาทต่อเดือน"
MTA,INFO,C,C,1,โรงเรียนทั่วไป,ภาคใต้,BDA,โควตาทั่วประเทศ,"12,500-25,000 บาทต่อเดือน"
DCA,INFO,B,A,3,โรงเรียนมีชื่อเสียง,ภาคใต้,BDA,ผู้มีความสามารถด้านกิจกรรมนักศึกษา,"น้อยกว่า 12,500 บาทต่อเดือน"
DCA,INFO,B,A,2,โรงเรียนทั่วไป,ภาคใต้,BDA,ผู้มีความสามารถด้านกิจกรรมนักศึกษา,"12,500-25,000 บาทต่อเดือน"
DCA,INFO,A,A,2,โรงเรียนมีชื่อเสียง,ภาคใต้,BDA,ผู้มีความสามารถด้านกิจกรรมนักศึกษา,"มากกว่า 25,000 บาทต่อเดือน"
DCA,INFO,B,B,3,โรงเรียนทั่วไป,ภาคใต้,BDA,ผู้มีความสามารถด้านกิจกรรมนักศึกษา,"มากกว่า 25,000 บาทต่อเดือน"
DCM,INFO,A,C,3,โรงเรียนมีชื่อเสียง,ภาคใต้,BDA,ผู้มีความสามารถด้านกิจกรรมนักศึกษา,"12,500-25,000 บาทต่อเดือน"
MTA,INFO,B,B,3,โรงเรียนมีชื่อเสียง,ภาคใต้,BDA,โครงการเด็กดีมีที่เรียน,"มากกว่า 25,000 บาทต่อเดือน"
DCA,INFO,A,B,2,โรงเรียนทั่วไป,ภาคใต้,BDA,รับตรง,"น้อยกว่า 12,500 บาทต่อเดือน"
DCA,INFO,C,B,2,โรงเรียนมีชื่อเสียง,ภาคใต้,BDA,รับตรง,"12,500-25,000 บาทต่อเดือน"
MTA,INFO,B,A,2,โรงเรียนทั่วไป,ภาคใต้,BDA,รับตรง,"12,500-25,000 บาทต่อเดือน"
MTA,INFO,B,B,3,โรงเรียนมีชื่อเสียง,กรุงเทพฯและปริมณฑล,BDA,รับตรง,"12,500-25,000 บาทต่อเดือน"
DCA,INFO,B,B,2,โรงเรียนทั่วไป,ภาคใต้,BDA,รับตรง,"น้อยกว่า 12,500 บาทต่อเดือน"
DCA,INFO,B,B,3,โรงเรียนทั่วไป,ภาคใต้,BDA,รับตรง,"น้อยกว่า 12,500 บาทต่อเดือน"
MTA,INFO,A,B,3,โรงเรียนมีชื่อเสียง,ภาคใต้,BDA,รับตรง,"น้อยกว่า 12,500 บาทต่อเดือน"
MTA,INFO,C,B,3,โรงเรียนทั่วไป,ภาคใต้,BDA,รับตรง,"12,500-25,000 บาทต่อเดือน"
DCA,INFO,A,B,2,โรงเรียนทั่วไป,ภาคใต้,BDA,รับตรง,"12,500-25,000 บาทต่อเดือน"
DCA,INFO,A,B,2,โรงเรียนทั่วไป,ภาคใต้,BDA,รับตรง,"น้อยกว่า 12,500 บาทต่อเดือน"
MTA,INFO,B,B,3,โรงเรียนทั่วไป,ภาคใต้,BDA,รับตรง,"มากกว่า 25,000 บาทต่อเดือน"
MTA,INFO,A,A,2,โรงเรียนทั่วไป,ภาคใต้,BDA,รับตรง,"น้อยกว่า 12,500 บาทต่อเดือน"
MTA,INFO,C,B,3,โรงเรียนทั่วไป,ภาคใต้,BDA,รับตรง,"น้อยกว่า 12,500 บาทต่อเดือน"
DCM,INFO,A,A,3,โรงเรียนทั่วไป,ภาคใต้,BDA,รับตรง,"มากกว่า 25,000 บาทต่อเดือน"
MTA,INFO,C,B,3,โรงเรียนมีชื่อเสียง,ภาคใต้,BDA,รับตรง,"มากกว่า 25,000 บาทต่อเดือน"
MTA,INFO,B,B,2,โรงเรียนทั่วไป,ภาคใต้,BDA,รับตรง,"น้อยกว่า 12,500 บาทต่อเดือน"
MTA,INFO,A,B,2,โรงเรียนทั่วไป,ภาคใต้,BDA,รับตรง,"น้อยกว่า 12,500 บาทต่อเดือน"
DCM,INFO,A,A,3,โรงเรียนมีชื่อเสียง,ภาคใต้,BDA,รับตรง,"มากกว่า 25,000 บาทต่อเดือน"
IT,INFO,A,A,3,โรงเรียนทั่วไป,ภาคใต้,BDA,รับตรง,"มากกว่า 25,000 บาทต่อเดือน"
MTA,INFO,B,B,3,โรงเรียนมีชื่อเสียง,ภาคใต้,BDA,รับตรง,ไม่มีรายได้
DCA,INFO,C,A,3,โรงเรียนทั่วไป,ภาคใต้,BDA,รับตรง,"12,500-25,000 บาทต่อเดือน"
DCA,INFO,B,B,2,โรงเรียนทั่วไป,ภาคใต้,BDA,รับตรง,"มากกว่า 25,000 บาทต่อเดือน"
DCA,INFO,C,B,2,โรงเรียนทั่วไป,ภาคตะวันออก,BDA,รับตรง,"12,500-25,000 บาทต่อเดือน"
DCM,INFO,B,B,3,โรงเรียนมีชื่อเสียง,ภาคตะวันออก,BDA,รับตรง,"12,500-25,000 บาทต่อเดือน"
MTA,INFO,C,B,3,โรงเรียนทั่วไป,ภาคใต้,BDA,รับตรง,"มากกว่า 25,000 บาทต่อเดือน"
DCA,INFO,B,B,2,โรงเรียนทั่วไป,ภาคใต้,BDA,รับตรง,"มากกว่า 25,000 บาทต่อเดือน"
DCA,INFO,A,B,2,โรงเรียนทั่วไป,ภาคใต้,BDA,รับตรง,"น้อยกว่า 12,500 บาทต่อเดือน"
DCM,INFO,B,B,3,โรงเรียนมีชื่อเสียง,ภาคใต้,BDA,รับตรง,"น้อยกว่า 12,500 บาทต่อเดือน"
DCA,INFO,C,B,3,โรงเรียนทั่วไป,ภาคใต้,BDA,รับตรง,"12,500-25,000 บาทต่อเดือน"
IT,INFO,B,B,3,โรงเรียนทั่วไป,ภาคใต้,BDA,รับตรง,"12,500-25,000 บาทต่อเดือน"
IT,INFO,B,B,3,โรงเรียนทั่วไป,ภาคใต้,BDA,รับตรง,"น้อยกว่า 12,500 บาทต่อเดือน"
DCM,INFO,B,B,3,โรงเรียนทั่วไป,ภาคใต้,BDA,รับตรง,"น้อยกว่า 12,500 บาทต่อเดือน"
MTA,INFO,B,B,2,โรงเรียนทั่วไป,ภาคใต้,BDA,รับตรง,"12,500-25,000 บาทต่อเดือน"
IT,INFO,C,B,3,โรงเรียนทั่วไป,ภาคใต้,BDA,รับตรง,"12,500-25,000 บาทต่อเดือน"
MTA,INFO,A,A,2,โรงเรียนทั่วไป,ภาคใต้,BDA,โครงการเก่ง ดี มีสุข,"น้อยกว่า 12,500 บาทต่อเดือน"
MTA,INFO,A,A,2,โรงเรียนทั่วไป,ภาคใต้,BDA,โครงการเก่ง ดี มีสุข,"มากกว่า 25,000 บาทต่อเดือน"
MTA,INFO,C,A,2,โรงเรียนทั่วไป,ภาคใต้,BDA,โควตาทั่วประเทศ,"น้อยกว่า 12,500 บาทต่อเดือน"
MTA,INFO,A,A,3,โรงเรียนทั่วไป,ภาคใต้,BDA,รับตรง,"12,500-25,000 บาทต่อเดือน"
MTA,INFO,A,A,3,โรงเรียนทั่วไป,ภาคใต้,BDA,รับตรง,"น้อยกว่า 12,500 บาทต่อเดือน"
DCA,INFO,B,B,3,โรงเรียนทั่วไป,ภาคใต้,BDA,รับตรง,"น้อยกว่า 12,500 บาทต่อเดือน"
DCM,INFO,B,B,3,โรงเรียนมีชื่อเสียง,ภาคใต้,BDA,รับตรง,"น้อยกว่า 12,500 บาทต่อเดือน"
MTA,INFO,B,C,2,โรงเรียนทั่วไป,ภาคใต้,BDA,โควตาทั่วประเทศ,"น้อยกว่า 12,500 บาทต่อเดือน"
MTA,INFO,B,B,2,โรงเรียนทั่วไป,ภาคใต้,BDA,โควตาทั่วประเทศ,"น้อยกว่า 12,500 บาทต่อเดือน"
DCA,INFO,B,A,2,โรงเรียนทั่วไป,ภาคใต้,BDA,รับตรง,ไม่มีรายได้
DCA,INFO,A,B,2,โรงเรียนมีชื่อเสียง,ภาคใต้,BDA,รับตรง,"มากกว่า 25,000 บาทต่อเดือน"
DCA,INFO,B,C,2,โรงเรียนมีชื่อเสียง,ภาคใต้,BDA,โครงการส่งเสริมนักเรียนที่มีความสามารถเข้าศึกษาต่อสำนักวิชาINFO (กลุ่ม1),"มากกว่า 25,000 บาทต่อเดือน"
DCA,INFO,C,B,2,โรงเรียนมีชื่อเสียง,ภาคใต้,BDA,รับตรง,"12,500-25,000 บาทต่อเดือน"
DCA,INFO,B,C,2,โรงเรียนมีชื่อเสียง,ภาคใต้,BDA,Admission,"12,500-25,000 บาทต่อเดือน"
IT,INFO,A,B,3,โรงเรียนทั่วไป,ภาคใต้,BDA,รับตรง,"น้อยกว่า 12,500 บาทต่อเดือน"
IT,INFO,A,A,3,โรงเรียนทั่วไป,ภาคใต้,BDA,Admission,"12,500-25,000 บาทต่อเดือน"
DCA,INFO,C,A,2,โรงเรียนทั่วไป,ภาคตะวันออกเฉียงเหนือ,BDA,Admission,"น้อยกว่า 12,500 บาทต่อเดือน"
IT,INFO,B,C,3,โรงเรียนมีชื่อเสียง,ภาคใต้,BDA,Admission,"น้อยกว่า 12,500 บาทต่อเดือน"
DCA,INFO,A,A,2,โรงเรียนมีชื่อเสียง,ภาคใต้,BDA,Admission,"มากกว่า 25,000 บาทต่อเดือน"
IT,INFO,B,C,3,โรงเรียนทั่วไป,ภาคตะวันตก,BDA,Admission,"12,500-25,000 บาทต่อเดือน"
MTA,INFO,A,B,3,โรงเรียนทั่วไป,ภาคใต้,BDA,รับตรง,"มากกว่า 25,000 บาทต่อเดือน"
MTA,INFO,B,B,2,โรงเรียนทั่วไป,ภาคใต้,BDB,รับตรงทั่วประเทศด้วย Portfolio,"มากกว่า 25,000 บาทต่อเดือน"
DCM,INFO,B,A,3,โรงเรียนมีชื่อเสียง,ภาคใต้,BDB,โครงการเด็กดีมีที่เรียน,"12,500-25,000 บาทต่อเดือน"
DCA,INFO,A,B,2,โรงเรียนมีชื่อเสียง,ภาคใต้,BDB,รับตรงทั่วประเทศด้วย Portfolio,"มากกว่า 25,000 บาทต่อเดือน"
MTA,INFO,A,B,2,โรงเรียนทั่วไป,ภาคใต้,BDB,รับตรงทั่วประเทศด้วย Portfolio,"มากกว่า 25,000 บาทต่อเดือน"
DCA,INFO,A,B,2,โรงเรียนทั่วไป,ภาคใต้,BDB,รับตรงทั่วประเทศด้วย Portfolio,"น้อยกว่า 12,500 บาทต่อเดือน"
MTA,INFO,B,A,2,โรงเรียนทั่วไป,ภาคใต้,BDB,รับตรงทั่วประเทศด้วย Portfolio,"12,500-25,000 บาทต่อเดือน"
DCA,INFO,A,B,2,โรงเรียนมีชื่อเสียง,ภาคใต้,BDB,รับตรงทั่วประเทศด้วย Portfolio,"น้อยกว่า 12,500 บาทต่อเดือน"
MTA,INFO,B,B,3,โรงเรียนทั่วไป,ภาคใต้,BDB,รับตรงทั่วประเทศด้วย Portfolio,"12,500-25,000 บาทต่อเดือน"
MTA,INFO,B,A,3,โรงเรียนทั่วไป,ภาคใต้,BDB,รับตรงทั่วประเทศด้วย Portfolio,"12,500-25,000 บาทต่อเดือน"
DCA,INFO,A,A,2,โรงเรียนมีชื่อเสียง,ภาคใต้,BDB,รับตรงทั่วประเทศด้วย Portfolio,"มากกว่า 25,000 บาทต่อเดือน"
MTA,INFO,B,A,3,โรงเรียนทั่วไป,ภาคใต้,BDB,รับตรงทั่วประเทศด้วย Portfolio,"น้อยกว่า 12,500 บาทต่อเดือน"
DCA,INFO,B,B,2,โรงเรียนมีชื่อเสียง,ภาคใต้,BDB,รับตรงทั่วประเทศด้วย Portfolio,"12,500-25,000 บาทต่อเดือน"
DCA,INFO,B,B,2,โรงเรียนทั่วไป,ภาคใต้,BDB,รับตรงทั่วประเทศด้วย Portfolio,"น้อยกว่า 12,500 บาทต่อเดือน"
MTA,INFO,A,A,2,โรงเรียนทั่วไป,ภาคใต้,BDB,รับตรงทั่วประเทศด้วย Portfolio,"น้อยกว่า 12,500 บาทต่อเดือน"
MTA,INFO,B,B,2,โรงเรียนมีชื่อเสียง,ภาคใต้,BDB,รับตรงทั่วประเทศด้วย Portfolio,"12,500-25,000 บาทต่อเดือน"
DCM,INFO,A,A,3,โรงเรียนทั่วไป,ภาคใต้,BDB,รับตรงทั่วประเทศด้วย Portfolio,"12,500-25,000 บาทต่อเดือน"
MTA,INFO,B,A,2,โรงเรียนทั่วไป,ภาคใต้,BDB,รับตรงทั่วประเทศด้วย Portfolio,"มากกว่า 25,000 บาทต่อเดือน"
DCA,INFO,A,B,2,โรงเรียนทั่วไป,ภาคใต้,BDB,รับตรงทั่วประเทศด้วย Portfolio,"12,500-25,000 บาทต่อเดือน"
MTA,INFO,A,A,2,โรงเรียนทั่วไป,ภาคใต้,BDB,รับตรงทั่วประเทศด้วย Portfolio,"น้อยกว่า 12,500 บาทต่อเดือน"
MTA,INFO,A,B,3,โรงเรียนมีชื่อเสียง,ภาคใต้,BDB,รับตรงทั่วประเทศด้วย Portfolio,"12,500-25,000 บาทต่อเดือน"
MTA,INFO,B,B,2,โรงเรียนมีชื่อเสียง,ภาคใต้,BDB,รับตรงทั่วประเทศด้วย Portfolio,"มากกว่า 25,000 บาทต่อเดือน"
DCA,INFO,A,B,2,โรงเรียนมีชื่อเสียง,ภาคใต้,BDB,รับตรงทั่วประเทศด้วย Portfolio,"มากกว่า 25,000 บาทต่อเดือน"
IT,INFO,A,B,2,โรงเรียนมีชื่อเสียง,ภาคใต้,BDB,รับตรงทั่วประเทศด้วย Portfolio,"น้อยกว่า 12,500 บาทต่อเดือน"
MTA,INFO,A,A,2,โรงเรียนมีชื่อเสียง,ภาคใต้,BDB,โควตาโรงเรียนมาตรฐาน,"น้อยกว่า 12,500 บาทต่อเดือน"
IT,INFO,A,B,3,โรงเรียนทั่วไป,ภาคใต้,BDB,รับตรงทั่วประเทศด้วย Portfolio,"น้อยกว่า 12,500 บาทต่อเดือน"
DCA,INFO,B,B,2,โรงเรียนมีชื่อเสียง,ภาคใต้,BDB,รับตรงทั่วประเทศด้วย Portfolio,"น้อยกว่า 12,500 บาทต่อเดือน"
MTA,INFO,B,A,2,โรงเรียนทั่วไป,ภาคใต้,BDB,รับตรงทั่วประเทศด้วย Portfolio,"12,500-25,000 บาทต่อเดือน"
MTA,INFO,B,B,2,โรงเรียนมีชื่อเสียง,ภาคใต้,BDB,รับตรงทั่วประเทศด้วย Portfolio,"มากกว่า 25,000 บาทต่อเดือน"
MTA,INFO,A,A,2,โรงเรียนมีชื่อเสียง,ภาคใต้,BDB,รับตรงทั่วประเทศด้วย Portfolio,"12,500-25,000 บาทต่อเดือน"
MTA,INFO,B,B,2,โรงเรียนทั่วไป,ภาคใต้,BDB,รับตรงทั่วประเทศด้วย Portfolio,"12,500-25,000 บาทต่อเดือน"
MTA,INFO,A,A,2,โรงเรียนทั่วไป,ภาคใต้,BDB,รับตรงทั่วประเทศด้วย Portfolio,"12,500-25,000 บาทต่อเดือน"
MTA,INFO,A,B,3,โรงเรียนมีชื่อเสียง,ภาคใต้,BDB,รับตรงทั่วประเทศด้วย Portfolio,"มากกว่า 25,000 บาทต่อเดือน"
IT,INFO,B,B,3,โรงเรียนมีชื่อเสียง,ภาคใต้,BDB,รับตรงทั่วประเทศด้วย Portfolio,"มากกว่า 25,000 บาทต่อเดือน"
MTA,INFO,B,B,3,โรงเรียนมีชื่อเสียง,ภาคใต้,BDB,รับตรงทั่วประเทศด้วย Portfolio,"12,500-25,000 บาทต่อเดือน"
DCA,INFO,B,B,2,โรงเรียนทั่วไป,ภาคใต้,BDB,รับตรงทั่วประเทศด้วย Portfolio,"12,500-25,000 บาทต่อเดือน"
MTA,INFO,A,B,2,โรงเรียนทั่วไป,ภาคใต้,BDB,รับตรงทั่วประเทศด้วย Portfolio,"มากกว่า 25,000 บาทต่อเดือน"
DCM,INFO,B,B,3,โรงเรียนมีชื่อเสียง,ภาคใต้,BDB,รับตรงทั่วประเทศด้วย Portfolio,"น้อยกว่า 12,500 บาทต่อเดือน"
MTA,INFO,B,A,2,โรงเรียนทั่วไป,ภาคใต้,BDB,รับตรงทั่วประเทศด้วย Portfolio,"น้อยกว่า 12,500 บาทต่อเดือน"
DCM,INFO,A,A,3,โรงเรียนมีชื่อเสียง,ภาคใต้,BDB,รับตรงทั่วประเทศด้วย Portfolio,"12,500-25,000 บาทต่อเดือน"
IT,INFO,A,B,2,โรงเรียนมีชื่อเสียง,ภาคใต้,BDB,รับตรงทั่วประเทศด้วย Portfolio,"มากกว่า 25,000 บาทต่อเดือน"
MTA,INFO,A,A,2,โรงเรียนทั่วไป,ภาคใต้,BDB,รับตรงทั่วประเทศด้วย Portfolio,"มากกว่า 25,000 บาทต่อเดือน"
DCA,INFO,B,B,2,โรงเรียนทั่วไป,ภาคใต้,BDB,รับตรงทั่วประเทศด้วย Portfolio,"น้อยกว่า 12,500 บาทต่อเดือน"
MTA,INFO,B,A,2,โรงเรียนทั่วไป,ภาคใต้,BDB,รับตรงทั่วประเทศด้วย Portfolio,"น้อยกว่า 12,500 บาทต่อเดือน"
DCM,INFO,A,A,3,โรงเรียนทั่วไป,ภาคใต้,BDB,รับตรงทั่วประเทศด้วย Portfolio,"มากกว่า 25,000 บาทต่อเดือน"
DCM,INFO,A,A,3,โรงเรียนทั่วไป,ภาคใต้,BDB,รับตรงทั่วประเทศด้วย Portfolio,"มากกว่า 25,000 บาทต่อเดือน"
MTA,INFO,A,A,2,โรงเรียนมีชื่อเสียง,ภาคใต้,BDB,รับตรงทั่วประเทศด้วย Portfolio,"มากกว่า 25,000 บาทต่อเดือน"
DCA,INFO,A,A,2,โรงเรียนมีชื่อเสียง,ภาคใต้,BDB,รับตรงทั่วประเทศด้วย Portfolio,"12,500-25,000 บาทต่อเดือน"
IT,INFO,A,A,3,โรงเรียนทั่วไป,ภาคใต้,BDB,รับตรงทั่วประเทศด้วย Portfolio,"12,500-25,000 บาทต่อเดือน"
MTA,INFO,B,B,2,โรงเรียนทั่วไป,ภาคใต้,BDB,รับตรงทั่วประเทศด้วย Portfolio,ไม่มีรายได้
MTA,INFO,B,B,2,โรงเรียนทั่วไป,ภาคใต้,BDB,รับตรงทั่วประเทศด้วย Portfolio,"12,500-25,000 บาทต่อเดือน"
DCA,INFO,B,B,2,โรงเรียนทั่วไป,ภาคใต้,BDB,รับตรงทั่วประเทศด้วย Portfolio,"น้อยกว่า 12,500 บาทต่อเดือน"
DCA,INFO,B,B,2,โรงเรียนทั่วไป,ภาคใต้,BDB,รับตรงทั่วประเทศด้วย Portfolio,"น้อยกว่า 12,500 บาทต่อเดือน"
MTA,INFO,A,A,2,โรงเรียนมีชื่อเสียง,ภาคใต้,BDB,รับตรงทั่วประเทศด้วย Portfolio,"12,500-25,000 บาทต่อเดือน"
MTA,INFO,A,A,2,โรงเรียนทั่วไป,ภาคใต้,BDB,รับตรงทั่วประเทศด้วย Portfolio,"น้อยกว่า 12,500 บาทต่อเดือน"
IT,INFO,A,A,3,โรงเรียนมีชื่อเสียง,ภาคใต้,BDB,รับตรงทั่วประเทศด้วย Portfolio,"น้อยกว่า 12,500 บาทต่อเดือน"
MTA,INFO,A,B,2,โรงเรียนมีชื่อเสียง,ภาคใต้,BDB,รับตรงทั่วประเทศด้วย Portfolio,"12,500-25,000 บาทต่อเดือน"
DCA,INFO,B,A,3,โรงเรียนทั่วไป,ภาคใต้,BDB,โครงการเด็กดีมีที่เรียน,"12,500-25,000 บาทต่อเดือน"
MTA,INFO,A,A,2,โรงเรียนมีชื่อเสียง,ภาคใต้,BDB,รับตรงทั่วประเทศด้วย Portfolio,"น้อยกว่า 12,500 บาทต่อเดือน"
MTA,INFO,A,A,2,โรงเรียนทั่วไป,ภาคใต้,BDB,รับตรงทั่วประเทศด้วย Portfolio,ไม่มีรายได้
MTA,INFO,B,A,3,โรงเรียนทั่วไป,ภาคใต้,BDB,รับตรงทั่วประเทศด้วย Portfolio,"12,500-25,000 บาทต่อเดือน"
DCA,INFO,B,A,2,โรงเรียนทั่วไป,ภาคใต้,BDB,รับตรงทั่วประเทศด้วย Portfolio,"12,500-25,000 บาทต่อเดือน"
DCM,INFO,A,B,3,โรงเรียนมีชื่อเสียง,ภาคใต้,BDB,รับตรงทั่วประเทศด้วย Portfolio,"มากกว่า 25,000 บาทต่อเดือน"
DCA,INFO,A,A,2,โรงเรียนทั่วไป,ภาคใต้,BDB,รับตรงทั่วประเทศด้วย Portfolio,"มากกว่า 25,000 บาทต่อเดือน"
DCA,INFO,C,B,2,โรงเรียนมีชื่อเสียง,ภาคใต้,BDB,รับตรงทั่วประเทศด้วย Portfolio,"น้อยกว่า 12,500 บาทต่อเดือน"
DCM,INFO,B,A,3,โรงเรียนทั่วไป,ภาคใต้,BDB,รับตรงทั่วประเทศด้วย Portfolio,"12,500-25,000 บาทต่อเดือน"
MTA,INFO,B,B,2,โรงเรียนทั่วไป,ภาคใต้,BDB,รับตรงทั่วประเทศด้วย Portfolio,"น้อยกว่า 12,500 บาทต่อเดือน"
IT,INFO,A,A,2,โรงเรียนทั่วไป,ภาคใต้,BDB,รับตรงทั่วประเทศด้วย Portfolio,"น้อยกว่า 12,500 บาทต่อเดือน"
DCM,INFO,A,A,3,โรงเรียนทั่วไป,ภาคใต้,BDB,โควตา 14 จังหวัดภาคใต้และประจวบคีรีขันธ์,"น้อยกว่า 12,500 บาทต่อเดือน"
MTA,INFO,B,B,3,โรงเรียนทั่วไป,ภาคใต้,BDB,โควตา 14 จังหวัดภาคใต้และประจวบคีรีขันธ์,"12,500-25,000 บาทต่อเดือน"
IT,INFO,A,B,2,โรงเรียนทั่วไป,ภาคใต้,BDB,โควตา 14 จังหวัดภาคใต้และประจวบคีรีขันธ์,"น้อยกว่า 12,500 บาทต่อเดือน"
DCA,INFO,A,B,2,โรงเรียนมีชื่อเสียง,ภาคใต้,BDB,โควตา 14 จังหวัดภาคใต้และประจวบคีรีขันธ์,"มากกว่า 25,000 บาทต่อเดือน"
DCM,INFO,C,C,3,โรงเรียนมีชื่อเสียง,ภาคใต้,BDB,โควตา 14 จังหวัดภาคใต้และประจวบคีรีขันธ์,"มากกว่า 25,000 บาทต่อเดือน"
DCA,INFO,C,C,3,โรงเรียนทั่วไป,ภาคใต้,BDB,โควตา 14 จังหวัดภาคใต้และประจวบคีรีขันธ์,"12,500-25,000 บาทต่อเดือน"
DCA,INFO,B,C,2,โรงเรียนทั่วไป,ภาคใต้,BDB,โควตา 14 จังหวัดภาคใต้และประจวบคีรีขันธ์,"12,500-25,000 บาทต่อเดือน"
IT,INFO,A,B,2,โรงเรียนทั่วไป,ภาคใต้,BDB,โควตา 14 จังหวัดภาคใต้และประจวบคีรีขันธ์,"12,500-25,000 บาทต่อเดือน"
MTA,INFO,C,C,2,โรงเรียนทั่วไป,ภาคใต้,BDB,โควตา 14 จังหวัดภาคใต้และประจวบคีรีขันธ์,"12,500-25,000 บาทต่อเดือน"
DCA,INFO,B,B,2,โรงเรียนมีชื่อเสียง,ภาคใต้,BDB,โควตา 14 จังหวัดภาคใต้และประจวบคีรีขันธ์,"12,500-25,000 บาทต่อเดือน"
DCA,INFO,B,A,2,โรงเรียนทั่วไป,ภาคใต้,BDB,โควตา 14 จังหวัดภาคใต้และประจวบคีรีขันธ์,"น้อยกว่า 12,500 บาทต่อเดือน"
DCM,INFO,B,C,3,โรงเรียนมีชื่อเสียง,ภาคใต้,BDB,โควตา 14 จังหวัดภาคใต้และประจวบคีรีขันธ์,"มากกว่า 25,000 บาทต่อเดือน"
IT,INFO,A,B,2,โรงเรียนทั่วไป,ภาคใต้,BDB,โควตา 14 จังหวัดภาคใต้และประจวบคีรีขันธ์,"น้อยกว่า 12,500 บาทต่อเดือน"
IT,INFO,B,C,3,โรงเรียนมีชื่อเสียง,ภาคใต้,BDB,โควตา 14 จังหวัดภาคใต้และประจวบคีรีขันธ์,"น้อยกว่า 12,500 บาทต่อเดือน"
MTA,INFO,A,C,2,โรงเรียนทั่วไป,ภาคใต้,BDB,โควตา 14 จังหวัดภาคใต้และประจวบคีรีขันธ์,"มากกว่า 25,000 บาทต่อเดือน"
IT,INFO,B,C,3,โรงเรียนทั่วไป,ภาคใต้,BDB,โควตา 14 จังหวัดภาคใต้และประจวบคีรีขันธ์,"น้อยกว่า 12,500 บาทต่อเดือน"
DCM,INFO,A,C,3,โรงเรียนมีชื่อเสียง,ภาคใต้,BDB,โควตา 14 จังหวัดภาคใต้และประจวบคีรีขันธ์,"12,500-25,000 บาทต่อเดือน"
DCA,INFO,C,C,3,โรงเรียนทั่วไป,ภาคใต้,BDB,โควตา 14 จังหวัดภาคใต้และประจวบคีรีขันธ์,"น้อยกว่า 12,500 บาทต่อเดือน"
DCA,INFO,C,C,3,โรงเรียนทั่วไป,ภาคใต้,BDB,โควตา 14 จังหวัดภาคใต้และประจวบคีรีขันธ์,"12,500-25,000 บาทต่อเดือน"
DCM,INFO,C,C,3,โรงเรียนทั่วไป,ภาคใต้,BDB,โควตา 14 จังหวัดภาคใต้และประจวบคีรีขันธ์,"มากกว่า 25,000 บาทต่อเดือน"
DCA,INFO,B,C,2,โรงเรียนมีชื่อเสียง,ภาคใต้,BDB,โควตา 14 จังหวัดภาคใต้และประจวบคีรีขันธ์,"12,500-25,000 บาทต่อเดือน"
DCA,INFO,C,B,3,โรงเรียนทั่วไป,ภาคใต้,BDB,โควตา 14 จังหวัดภาคใต้และประจวบคีรีขันธ์,"น้อยกว่า 12,500 บาทต่อเดือน"
DCA,INFO,C,C,3,โรงเรียนมีชื่อเสียง,ภาคใต้,BDB,โควตา 14 จังหวัดภาคใต้และประจวบคีรีขันธ์,"12,500-25,000 บาทต่อเดือน"
DCA,INFO,C,C,2,โรงเรียนทั่วไป,ภาคใต้,BDB,รับตรงร่วมกัน,"มากกว่า 25,000 บาทต่อเดือน"
DCA,INFO,C,C,2,โรงเรียนมีชื่อเสียง,ภาคใต้,BDB,รับตรงร่วมกัน,"น้อยกว่า 12,500 บาทต่อเดือน"
IT,INFO,A,A,2,โรงเรียนทั่วไป,ภาคใต้,BDB,รับตรงร่วมกัน,"มากกว่า 25,000 บาทต่อเดือน"
MTA,INFO,B,C,2,โรงเรียนมีชื่อเสียง,ภาคใต้,BDB,รับตรงร่วมกัน,"น้อยกว่า 12,500 บาทต่อเดือน"
MTA,INFO,C,C,3,โรงเรียนทั่วไป,ภาคใต้,BDB,รับตรงร่วมกัน,"น้อยกว่า 12,500 บาทต่อเดือน"
DCA,INFO,B,B,2,โรงเรียนมีชื่อเสียง,ภาคใต้,BDB,รับตรงร่วมกัน,"น้อยกว่า 12,500 บาทต่อเดือน"
MTA,INFO,B,B,2,โรงเรียนทั่วไป,ภาคใต้,BDB,รับตรงร่วมกัน,"12,500-25,000 บาทต่อเดือน"
DCA,INFO,C,C,2,โรงเรียนมีชื่อเสียง,ภาคใต้,BDB,รับตรงร่วมกัน,"มากกว่า 25,000 บาทต่อเดือน"
MTA,INFO,B,C,2,โรงเรียนทั่วไป,ภาคใต้,BDB,รับตรงร่วมกัน,"12,500-25,000 บาทต่อเดือน"
MTA,INFO,C,C,3,โรงเรียนทั่วไป,ภาคใต้,BDB,รับตรงร่วมกัน,"น้อยกว่า 12,500 บาทต่อเดือน"
MTA,INFO,B,C,2,โรงเรียนทั่วไป,ภาคใต้,BDB,รับตรงร่วมกัน,"น้อยกว่า 12,500 บาทต่อเดือน"
IT,INFO,A,B,3,โรงเรียนทั่วไป,ภาคใต้,BDB,รับตรงร่วมกัน,"12,500-25,000 บาทต่อเดือน"
DCM,INFO,A,A,3,โรงเรียนมีชื่อเสียง,ภาคใต้,BDB,รับตรงร่วมกัน,"12,500-25,000 บาทต่อเดือน"
DCA,INFO,A,C,3,โรงเรียนมีชื่อเสียง,ภาคตะวันตก,BDB,รับตรงร่วมกัน,"น้อยกว่า 12,500 บาทต่อเดือน"
DCA,INFO,A,B,2,โรงเรียนทั่วไป,ภาคใต้,BDB,รับตรงร่วมกัน,ไม่มีรายได้
IT,INFO,B,C,2,โรงเรียนทั่วไป,ภาคใต้,BDB,รับตรงร่วมกัน,"น้อยกว่า 12,500 บาทต่อเดือน"
DCM,INFO,A,C,3,โรงเรียนมีชื่อเสียง,ภาคกลาง,BDB,รับตรงร่วมกัน,"มากกว่า 25,000 บาทต่อเดือน"
DCM,INFO,B,C,3,โรงเรียนทั่วไป,ภาคใต้,BDB,รับตรงร่วมกัน,"น้อยกว่า 12,500 บาทต่อเดือน"
MTA,INFO,B,B,2,โรงเรียนมีชื่อเสียง,ภาคเหนือ,BDB,รับตรงร่วมกัน,"มากกว่า 25,000 บาทต่อเดือน"
DCA,INFO,B,A,2,โรงเรียนมีชื่อเสียง,ภาคใต้,BDB,รับตรงร่วมกัน,"มากกว่า 25,000 บาทต่อเดือน"
MTA,INFO,B,A,2,โรงเรียนทั่วไป,ภาคเหนือ,BDB,รับตรงร่วมกัน,"12,500-25,000 บาทต่อเดือน"
DCA,INFO,B,B,2,โรงเรียนมีชื่อเสียง,ภาคใต้,BDB,รับตรงร่วมกัน,"12,500-25,000 บาทต่อเดือน"
MTA,INFO,C,C,3,โรงเรียนทั่วไป,ภาคใต้,BDB,รับตรงร่วมกัน,"น้อยกว่า 12,500 บาทต่อเดือน"
MTA,INFO,A,C,2,โรงเรียนมีชื่อเสียง,กรุงเทพฯและปริมณฑล,BDB,รับตรงร่วมกัน,"น้อยกว่า 12,500 บาทต่อเดือน"
DCM,INFO,A,A,3,โรงเรียนทั่วไป,ภาคใต้,BDB,รับตรงร่วมกัน,"12,500-25,000 บาทต่อเดือน"
DCA,INFO,A,B,2,โรงเรียนมีชื่อเสียง,ภาคใต้,BDB,Admission,"มากกว่า 25,000 บาทต่อเดือน"
DCA,INFO,A,B,2,โรงเรียนมีชื่อเสียง,ภาคใต้,BDB,Admission,"น้อยกว่า 12,500 บาทต่อเดือน"
DCA,INFO,A,B,2,โรงเรียนทั่วไป,ภาคใต้,BDB,Admission,"น้อยกว่า 12,500 บาทต่อเดือน"
DCM,INFO,C,C,3,โรงเรียนมีชื่อเสียง,ภาคใต้,BDB,Admission,"มากกว่า 25,000 บาทต่อเดือน"
DCA,INFO,B,B,2,โรงเรียนทั่วไป,ภาคใต้,BDB,Admission,"น้อยกว่า 12,500 บาทต่อเดือน"
DCM,INFO,B,C,3,โรงเรียนมีชื่อเสียง,ภาคใต้,BDB,รับตรงอิสระ,"มากกว่า 25,000 บาทต่อเดือน"
DCA,INFO,B,B,2,โรงเรียนทั่วไป,ภาคใต้,BDB,Admission,"น้อยกว่า 12,500 บาทต่อเดือน"
MTA,INFO,A,A,3,โรงเรียนทั่วไป,ภาคใต้,BDB,รับตรงอิสระ,"12,500-25,000 บาทต่อเดือน"
DCM,INFO,B,A,3,โรงเรียนทั่วไป,ภาคตะวันตก,BDB,Admission,"12,500-25,000 บาทต่อเดือน"
DCM,INFO,B,C,3,โรงเรียนทั่วไป,ภาคใต้,BDB,รับตรงอิสระ,"มากกว่า 25,000 บาทต่อเดือน"
DCM,INFO,C,B,3,โรงเรียนทั่วไป,ภาคใต้,BDB,รับตรงอิสระ,"น้อยกว่า 12,500 บาทต่อเดือน"
DCA,INFO,C,B,2,โรงเรียนทั่วไป,ภาคใต้,BDB,รับตรงอิสระ,"มากกว่า 25,000 บาทต่อเดือน"
DCA,INFO,B,B,2,โรงเรียนทั่วไป,ภาคใต้,BDB,รับตรงอิสระ,"มากกว่า 25,000 บาทต่อเดือน"
DCA,INFO,A,A,2,โรงเรียนทั่วไป,ภาคใต้,BDB,รับตรงอิสระ,"น้อยกว่า 12,500 บาทต่อเดือน"
IT,INFO,A,A,2,โรงเรียนทั่วไป,ภาคใต้,BDC,รับตรงทั่วประเทศด้วย Portfolio,"น้อยกว่า 12,500 บาทต่อเดือน"
MTA,INFO,A,A,3,โรงเรียนมีชื่อเสียง,ภาคใต้,BDC,รับตรงทั่วประเทศด้วย Portfolio,"น้อยกว่า 12,500 บาทต่อเดือน"
IT,INFO,A,A,2,โรงเรียนทั่วไป,ภาคใต้,BDC,รับตรงทั่วประเทศด้วย Portfolio,"น้อยกว่า 12,500 บาทต่อเดือน"
IT,INFO,A,B,2,โรงเรียนมีชื่อเสียง,ภาคใต้,BDC,รับตรงทั่วประเทศด้วย Portfolio,"มากกว่า 25,000 บาทต่อเดือน"
MTA,INFO,A,A,3,โรงเรียนทั่วไป,ภาคใต้,BDC,รับตรงทั่วประเทศด้วย Portfolio,"มากกว่า 25,000 บาทต่อเดือน"
DCM,INFO,A,C,3,โรงเรียนมีชื่อเสียง,ภาคใต้,BDC,โควตา 14 จังหวัดภาคใต้และประจวบคีรีขันธ์,"12,500-25,000 บาทต่อเดือน"
DCA,INFO,A,A,3,โรงเรียนมีชื่อเสียง,ภาคใต้,BDC,รับตรงร่วมกัน,"มากกว่า 25,000 บาทต่อเดือน"
IT,INFO,A,B,2,โรงเรียนทั่วไป,ภาคใต้,BDC,รับตรงทั่วประเทศด้วย Portfolio,"น้อยกว่า 12,500 บาทต่อเดือน"
DCM,INFO,A,A,3,โรงเรียนทั่วไป,ภาคใต้,BDC,โควตานักกีฬา,"น้อยกว่า 12,500 บาทต่อเดือน"
DCA,INFO,A,A,3,โรงเรียนทั่วไป,ภาคใต้,BDC,รับตรงทั่วประเทศด้วย Portfolio,"น้อยกว่า 12,500 บาทต่อเดือน"
IT,INFO,A,A,2,โรงเรียนทั่วไป,ภาคใต้,BDC,รับตรงทั่วประเทศด้วย Portfolio,"มากกว่า 25,000 บาทต่อเดือน"
DCM,INFO,A,B,3,โรงเรียนมีชื่อเสียง,ภาคใต้,BDC,รับตรงทั่วประเทศด้วย Portfolio,"น้อยกว่า 12,500 บาทต่อเดือน"
DCM,INFO,C,C,3,โรงเรียนทั่วไป,ภาคใต้,BDC,โควตา 14 จังหวัดภาคใต้และประจวบคีรีขันธ์,"12,500-25,000 บาทต่อเดือน"
MTA,INFO,A,A,1,โรงเรียนทั่วไป,ภาคใต้,BDC,รับตรงร่วมกัน,"น้อยกว่า 12,500 บาทต่อเดือน"
IT,INFO,A,A,2,โรงเรียนทั่วไป,ภาคใต้,BDC,รับตรงทั่วประเทศด้วย Portfolio,"น้อยกว่า 12,500 บาทต่อเดือน"
MTA,INFO,B,B,3,โรงเรียนทั่วไป,ภาคใต้,BDC,รับตรงทั่วประเทศด้วย Portfolio,"น้อยกว่า 12,500 บาทต่อเดือน"
IT,INFO,A,B,2,โรงเรียนมีชื่อเสียง,ภาคใต้,BDC,รับตรงทั่วประเทศด้วย Portfolio,"12,500-25,000 บาทต่อเดือน"
DCA,INFO,B,B,3,โรงเรียนทั่วไป,ภาคใต้,BDC,รับตรงทั่วประเทศด้วย Portfolio,"น้อยกว่า 12,500 บาทต่อเดือน"
DCA,INFO,B,B,3,โรงเรียนทั่วไป,ภาคใต้,BDC,รับตรงทั่วประเทศด้วย Portfolio,"มากกว่า 25,000 บาทต่อเดือน"
MTA,INFO,A,B,3,โรงเรียนมีชื่อเสียง,ภาคใต้,BDC,โควตา 14 จังหวัดภาคใต้และประจวบคีรีขันธ์,"มากกว่า 25,000 บาทต่อเดือน"
DCM,INFO,A,A,3,โรงเรียนมีชื่อเสียง,ภาคใต้,BDC,รับตรงทั่วประเทศด้วย Portfolio,"12,500-25,000 บาทต่อเดือน"
MTA,INFO,A,A,3,โรงเรียนทั่วไป,ภาคใต้,BDC,รับตรงร่วมกัน,"น้อยกว่า 12,500 บาทต่อเดือน"
DCA,INFO,B,A,3,โรงเรียนทั่วไป,ภาคเหนือ,BDC,รับตรงร่วมกัน,"มากกว่า 25,000 บาทต่อเดือน"
MTA,INFO,B,A,3,โรงเรียนทั่วไป,ภาคใต้,BDC,โควตา 14 จังหวัดภาคใต้และประจวบคีรีขันธ์,"น้อยกว่า 12,500 บาทต่อเดือน"
DCM,INFO,A,C,3,โรงเรียนทั่วไป,ภาคใต้,BDC,โควตา 14 จังหวัดภาคใต้และประจวบคีรีขันธ์,"มากกว่า 25,000 บาทต่อเดือน"
DCM,INFO,A,B,3,โรงเรียนทั่วไป,ภาคใต้,BDC,รับตรงทั่วประเทศด้วย Portfolio,"12,500-25,000 บาทต่อเดือน"
IT,INFO,A,B,2,โรงเรียนมีชื่อเสียง,ภาคใต้,BDC,รับตรงทั่วประเทศด้วย Portfolio,"มากกว่า 25,000 บาทต่อเดือน"
MTA,INFO,B,B,3,โรงเรียนมีชื่อเสียง,ภาคใต้,BDC,โควตา 14 จังหวัดภาคใต้และประจวบคีรีขันธ์,"มากกว่า 25,000 บาทต่อเดือน"
DCA,INFO,A,A,3,โรงเรียนมีชื่อเสียง,ภาคใต้,BDC,รับตรงทั่วประเทศด้วย Portfolio,"น้อยกว่า 12,500 บาทต่อเดือน"
MTA,INFO,B,B,3,โรงเรียนมีชื่อเสียง,ภาคใต้,BDC,โควตา 14 จังหวัดภาคใต้และประจวบคีรีขันธ์,"น้อยกว่า 12,500 บาทต่อเดือน"
DCM,INFO,A,B,3,โรงเรียนทั่วไป,ภาคใต้,BDC,รับตรงทั่วประเทศด้วย Portfolio,"มากกว่า 25,000 บาทต่อเดือน"
DCA,INFO,B,B,3,โรงเรียนทั่วไป,ภาคใต้,BDC,รับตรงทั่วประเทศด้วย Portfolio,"มากกว่า 25,000 บาทต่อเดือน"
IT,INFO,A,A,2,โรงเรียนทั่วไป,ภาคใต้,BDC,โควตา 14 จังหวัดภาคใต้และประจวบคีรีขันธ์,"12,500-25,000 บาทต่อเดือน"
MTA,INFO,B,A,3,โรงเรียนทั่วไป,ภาคใต้,BDC,รับตรงทั่วประเทศด้วย Portfolio,"น้อยกว่า 12,500 บาทต่อเดือน"
IT,INFO,A,A,2,โรงเรียนทั่วไป,ภาคใต้,BDC,โควตา 14 จังหวัดภาคใต้และประจวบคีรีขันธ์,"น้อยกว่า 12,500 บาทต่อเดือน"
DCA,INFO,A,A,3,โรงเรียนทั่วไป,ภาคใต้,BDC,รับตรงทั่วประเทศด้วย Portfolio,"น้อยกว่า 12,500 บาทต่อเดือน"
MTA,INFO,B,B,3,โรงเรียนทั่วไป,ภาคใต้,BDC,รับตรงทั่วประเทศด้วย Portfolio,"มากกว่า 25,000 บาทต่อเดือน"
MTA,INFO,B,B,3,โรงเรียนทั่วไป,ภาคใต้,BDC,รับตรงทั่วประเทศด้วย Portfolio,"12,500-25,000 บาทต่อเดือน"
DCA,INFO,A,B,3,โรงเรียนมีชื่อเสียง,ภาคใต้,BDC,โควตาโรงเรียนมาตรฐาน,"มากกว่า 25,000 บาทต่อเดือน"
DCA,INFO,A,B,3,โรงเรียนทั่วไป,กรุงเทพฯและปริมณฑล,BDC,รับตรงร่วมกัน,"12,500-25,000 บาทต่อเดือน"
IT,INFO,A,A,2,โรงเรียนทั่วไป,ภาคใต้,BDC,รับตรงทั่วประเทศด้วย Portfolio,"มากกว่า 25,000 บาทต่อเดือน"
IT,INFO,A,A,2,โรงเรียนทั่วไป,ภาคใต้,BDC,รับตรงร่วมกัน,"น้อยกว่า 12,500 บาทต่อเดือน"
IT,INFO,A,B,2,โรงเรียนมีชื่อเสียง,ภาคใต้,BDC,รับตรงทั่วประเทศด้วย Portfolio,"มากกว่า 25,000 บาทต่อเดือน"
DCA,INFO,A,B,3,โรงเรียนมีชื่อเสียง,ภาคใต้,BDC,รับตรงทั่วประเทศด้วย Portfolio,"น้อยกว่า 12,500 บาทต่อเดือน"
MTA,INFO,A,B,1,โรงเรียนทั่วไป,ภาคใต้,BDC,รับตรงทั่วประเทศด้วย Portfolio,"น้อยกว่า 12,500 บาทต่อเดือน"
DCA,INFO,B,B,3,โรงเรียนทั่วไป,ภาคใต้,BDC,รับตรงทั่วประเทศด้วย Portfolio,"น้อยกว่า 12,500 บาทต่อเดือน"
DCA,INFO,A,B,3,โรงเรียนมีชื่อเสียง,ภาคใต้,BDC,รับตรงทั่วประเทศด้วย Portfolio,"น้อยกว่า 12,500 บาทต่อเดือน"
IT,INFO,B,A,2,โรงเรียนมีชื่อเสียง,ภาคใต้,BDC,รับตรงทั่วประเทศด้วย Portfolio,"มากกว่า 25,000 บาทต่อเดือน"
MTA,INFO,A,A,3,โรงเรียนทั่วไป,ภาคใต้,BDC,รับตรงทั่วประเทศด้วย Portfolio,"น้อยกว่า 12,500 บาทต่อเดือน"
DCA,INFO,B,B,3,โรงเรียนทั่วไป,ภาคใต้,BDC,โควตา 14 จังหวัดภาคใต้และประจวบคีรีขันธ์,"มากกว่า 25,000 บาทต่อเดือน"
MTA,INFO,B,A,3,โรงเรียนทั่วไป,ภาคใต้,BDC,รับตรงทั่วประเทศด้วย Portfolio,"น้อยกว่า 12,500 บาทต่อเดือน"
IT,INFO,A,A,2,โรงเรียนทั่วไป,ภาคใต้,BDC,รับตรงทั่วประเทศด้วย Portfolio,"12,500-25,000 บาทต่อเดือน"
IT,INFO,A,A,2,โรงเรียนทั่วไป,ภาคใต้,BDC,รับตรงทั่วประเทศด้วย Portfolio,"น้อยกว่า 12,500 บาทต่อเดือน"
IT,INFO,A,A,2,โรงเรียนมีชื่อเสียง,ภาคใต้,BDC,รับตรงทั่วประเทศด้วย Portfolio,"12,500-25,000 บาทต่อเดือน"
DCA,INFO,A,B,3,โรงเรียนทั่วไป,ภาคใต้,BDC,รับตรงทั่วประเทศด้วย Portfolio,"น้อยกว่า 12,500 บาทต่อเดือน"
IT,INFO,A,B,2,โรงเรียนมีชื่อเสียง,ภาคใต้,BDC,รับตรงทั่วประเทศด้วย Portfolio,"12,500-25,000 บาทต่อเดือน"
IT,INFO,A,B,2,โรงเรียนทั่วไป,ภาคใต้,BDC,รับตรงทั่วประเทศด้วย Portfolio,"น้อยกว่า 12,500 บาทต่อเดือน"
DCA,INFO,B,B,3,โรงเรียนทั่วไป,ภาคใต้,BDC,รับตรงทั่วประเทศด้วย Portfolio,"น้อยกว่า 12,500 บาทต่อเดือน"
IT,INFO,A,A,2,โรงเรียนทั่วไป,ภาคใต้,BDC,รับตรงทั่วประเทศด้วย Portfolio,"12,500-25,000 บาทต่อเดือน"
MTA,INFO,B,B,3,โรงเรียนทั่วไป,ภาคใต้,BDC,โควตา 14 จังหวัดภาคใต้และประจวบคีรีขันธ์,"น้อยกว่า 12,500 บาทต่อเดือน"
DCA,INFO,A,B,3,โรงเรียนมีชื่อเสียง,ภาคใต้,BDC,รับตรงทั่วประเทศด้วย Portfolio,"มากกว่า 25,000 บาทต่อเดือน"
DCM,INFO,A,A,3,โรงเรียนทั่วไป,ภาคใต้,BDC,รับตรงทั่วประเทศด้วย Portfolio,"มากกว่า 25,000 บาทต่อเดือน"
DCM,INFO,A,A,3,โรงเรียนทั่วไป,ภาคใต้,BDC,โควตา 14 จังหวัดภาคใต้และประจวบคีรีขันธ์,"น้อยกว่า 12,500 บาทต่อเดือน"
DCA,INFO,B,B,3,โรงเรียนทั่วไป,ภาคใต้,BDC,รับตรงทั่วประเทศด้วย Portfolio,"น้อยกว่า 12,500 บาทต่อเดือน"
DCA,INFO,A,B,3,โรงเรียนมีชื่อเสียง,ภาคใต้,BDC,โควตา 14 จังหวัดภาคใต้และประจวบคีรีขันธ์,"มากกว่า 25,000 บาทต่อเดือน"
IT,INFO,A,B,2,โรงเรียนมีชื่อเสียง,ภาคใต้,BDC,โควตา 14 จังหวัดภาคใต้และประจวบคีรีขันธ์,"มากกว่า 25,000 บาทต่อเดือน"
MTA,INFO,B,B,3,โรงเรียนมีชื่อเสียง,ภาคใต้,BDC,รับตรงทั่วประเทศด้วย Portfolio,"มากกว่า 25,000 บาทต่อเดือน"
MTA,INFO,B,B,3,โรงเรียนมีชื่อเสียง,ภาคใต้,BDC,รับตรงทั่วประเทศด้วย Portfolio,"มากกว่า 25,000 บาทต่อเดือน"
MTA,INFO,B,B,1,โรงเรียนมีชื่อเสียง,ภาคใต้,BDC,โควตา 14 จังหวัดภาคใต้และประจวบคีรีขันธ์,"มากกว่า 25,000 บาทต่อเดือน"
DCA,INFO,B,B,3,โรงเรียนทั่วไป,ภาคใต้,BDC,โควตา 14 จังหวัดภาคใต้และประจวบคีรีขันธ์,"มากกว่า 25,000 บาทต่อเดือน"
IT,INFO,B,B,2,โรงเรียนทั่วไป,ภาคใต้,BDC,รับตรงทั่วประเทศด้วย Portfolio,"12,500-25,000 บาทต่อเดือน"
DCA,INFO,B,B,3,โรงเรียนมีชื่อเสียง,ภาคใต้,BDC,รับตรงทั่วประเทศด้วย Portfolio,"12,500-25,000 บาทต่อเดือน"
MTA,INFO,B,B,3,โรงเรียนทั่วไป,ภาคใต้,BDC,รับตรงทั่วประเทศด้วย Portfolio,"น้อยกว่า 12,500 บาทต่อเดือน"
IT,INFO,A,B,2,โรงเรียนมีชื่อเสียง,ภาคใต้,BDC,รับตรงทั่วประเทศด้วย Portfolio,"มากกว่า 25,000 บาทต่อเดือน"
IT,INFO,A,A,2,โรงเรียนทั่วไป,ภาคใต้,BDC,รับตรงทั่วประเทศด้วย Portfolio,"น้อยกว่า 12,500 บาทต่อเดือน"
DCM,INFO,A,B,3,โรงเรียนทั่วไป,ภาคใต้,BDC,รับตรงทั่วประเทศด้วย Portfolio,"มากกว่า 25,000 บาทต่อเดือน"
MTA,INFO,A,A,3,โรงเรียนทั่วไป,ภาคใต้,BDC,รับตรงทั่วประเทศด้วย Portfolio,"น้อยกว่า 12,500 บาทต่อเดือน"
IT,INFO,B,C,2,โรงเรียนทั่วไป,ภาคใต้,BDC,รับตรงร่วมกัน,"น้อยกว่า 12,500 บาทต่อเดือน"
IT,INFO,A,A,3,โรงเรียนทั่วไป,ภาคใต้,BDC,รับตรงทั่วประเทศด้วย Portfolio,"12,500-25,000 บาทต่อเดือน"
DCM,INFO,A,A,3,โรงเรียนทั่วไป,ภาคตะวันออกเฉียงเหนือ,BDC,โควตาผู้มีความสามารถทางด้านวิทยาศาสตร์,"น้อยกว่า 12,500 บาทต่อเดือน"
DCM,INFO,A,A,3,โรงเรียนมีชื่อเสียง,ภาคใต้,BDC,รับตรงทั่วประเทศด้วย Portfolio,"12,500-25,000 บาทต่อเดือน"
DCA,INFO,B,B,3,โรงเรียนทั่วไป,ภาคใต้,BDC,รับตรงทั่วประเทศด้วย Portfolio,"12,500-25,000 บาทต่อเดือน"
MTA,INFO,A,A,3,โรงเรียนทั่วไป,ภาคใต้,BDC,รับตรงทั่วประเทศด้วย Portfolio,"น้อยกว่า 12,500 บาทต่อเดือน"
IT,INFO,A,B,2,โรงเรียนมีชื่อเสียง,ภาคใต้,BDC,โควตา 14 จังหวัดภาคใต้และประจวบคีรีขันธ์,"มากกว่า 25,000 บาทต่อเดือน"
DCA,INFO,B,B,3,โรงเรียนทั่วไป,ภาคใต้,BDC,โควตา 14 จังหวัดภาคใต้และประจวบคีรีขันธ์,"น้อยกว่า 12,500 บาทต่อเดือน"
IT,INFO,A,B,2,โรงเรียนทั่วไป,ภาคใต้,BDC,โควตา 14 จังหวัดภาคใต้และประจวบคีรีขันธ์,ไม่มีรายได้
MTA,INFO,B,B,3,โรงเรียนมีชื่อเสียง,ภาคใต้,BDC,โควตา 14 จังหวัดภาคใต้และประจวบคีรีขันธ์,"มากกว่า 25,000 บาทต่อเดือน"
MTA,INFO,A,B,3,โรงเรียนทั่วไป,ภาคใต้,BDC,โควตา 14 จังหวัดภาคใต้และประจวบคีรีขันธ์,"น้อยกว่า 12,500 บาทต่อเดือน"
MTA,INFO,A,B,3,โรงเรียนทั่วไป,ภาคใต้,BDC,รับตรงทั่วประเทศด้วย Portfolio,"12,500-25,000 บาทต่อเดือน"
DCA,INFO,A,B,3,โรงเรียนทั่วไป,ภาคใต้,BDC,รับตรงทั่วประเทศด้วย Portfolio,"12,500-25,000 บาทต่อเดือน"
IT,INFO,A,B,2,โรงเรียนมีชื่อเสียง,ภาคใต้,BDC,รับตรงทั่วประเทศด้วย Portfolio,"12,500-25,000 บาทต่อเดือน"
DCM,INFO,A,A,3,โรงเรียนทั่วไป,ภาคใต้,BDC,โควตา 14 จังหวัดภาคใต้และประจวบคีรีขันธ์,"น้อยกว่า 12,500 บาทต่อเดือน"
DCA,INFO,B,A,3,โรงเรียนทั่วไป,ภาคใต้,BDC,รับตรงทั่วประเทศด้วย Portfolio,"12,500-25,000 บาทต่อเดือน"
MTA,INFO,B,B,3,โรงเรียนทั่วไป,ภาคใต้,BDC,รับตรงทั่วประเทศด้วย Portfolio,"12,500-25,000 บาทต่อเดือน"
MTA,INFO,A,A,3,โรงเรียนทั่วไป,ภาคใต้,BDC,รับตรงทั่วประเทศด้วย Portfolio,"น้อยกว่า 12,500 บาทต่อเดือน"
DCM,INFO,A,B,3,โรงเรียนทั่วไป,ภาคใต้,BDC,รับตรงทั่วประเทศด้วย Portfolio,"น้อยกว่า 12,500 บาทต่อเดือน"
DCM,INFO,A,A,3,โรงเรียนทั่วไป,ภาคใต้,BDC,รับตรงทั่วประเทศด้วย Portfolio,"12,500-25,000 บาทต่อเดือน"
IT,INFO,A,A,2,โรงเรียนทั่วไป,ภาคใต้,BDC,รับตรงทั่วประเทศด้วย Portfolio,"น้อยกว่า 12,500 บาทต่อเดือน"
IT,INFO,A,A,2,โรงเรียนทั่วไป,ภาคใต้,BDC,รับตรงทั่วประเทศด้วย Portfolio,"12,500-25,000 บาทต่อเดือน"
MTA,INFO,A,B,3,โรงเรียนมีชื่อเสียง,ภาคใต้,BDC,รับตรงทั่วประเทศด้วย Portfolio,"12,500-25,000 บาทต่อเดือน"
IT,INFO,A,A,3,โรงเรียนทั่วไป,ภาคใต้,BDC,รับตรงทั่วประเทศด้วย Portfolio,"มากกว่า 25,000 บาทต่อเดือน"
IT,INFO,A,A,3,โรงเรียนทั่วไป,ภาคใต้,BDC,โครงการเด็กดีมีที่เรียน,"น้อยกว่า 12,500 บาทต่อเดือน"
MTA,INFO,A,A,3,โรงเรียนมีชื่อเสียง,ภาคใต้,BDC,รับตรงร่วมกัน,"น้อยกว่า 12,500 บาทต่อเดือน"
DCA,INFO,B,C,1,โรงเรียนทั่วไป,กรุงเทพฯและปริมณฑล,BDC,รับตรงร่วมกัน,"มากกว่า 25,000 บาทต่อเดือน"
DCA,INFO,A,B,3,โรงเรียนมีชื่อเสียง,ภาคใต้,BDC,รับตรงร่วมกัน,"มากกว่า 25,000 บาทต่อเดือน"
DCM,INFO,A,B,3,โรงเรียนทั่วไป,ภาคใต้,BDC,รับตรงร่วมกัน,"น้อยกว่า 12,500 บาทต่อเดือน"
DCA,INFO,A,B,3,โรงเรียนทั่วไป,ภาคใต้,BDC,รับตรงร่วมกัน,"12,500-25,000 บาทต่อเดือน"
DCA,INFO,A,B,3,โรงเรียนมีชื่อเสียง,ภาคใต้,BDC,Admission,"มากกว่า 25,000 บาทต่อเดือน"
DCA,INFO,A,A,3,โรงเรียนทั่วไป,ภาคใต้,BDC,Admission,"น้อยกว่า 12,500 บาทต่อเดือน"
DCA,INFO,A,A,3,โรงเรียนมีชื่อเสียง,ภาคใต้,BDC,Admission,"น้อยกว่า 12,500 บาทต่อเดือน"
DCA,INFO,B,C,3,โรงเรียนทั่วไป,ภาคใต้,BDC,Admission,"มากกว่า 25,000 บาทต่อเดือน"
DCA,INFO,B,C,3,โรงเรียนทั่วไป,ภาคใต้,BDC,Admission,"12,500-25,000 บาทต่อเดือน"
DCA,INFO,A,A,3,โรงเรียนมีชื่อเสียง,ภาคใต้,BDC,Admission,"น้อยกว่า 12,500 บาทต่อเดือน"
DCM,INFO,B,C,3,โรงเรียนมีชื่อเสียง,กรุงเทพฯและปริมณฑล,BDC,Admission,"มากกว่า 25,000 บาทต่อเดือน"
IT,INFO,A,B,2,โรงเรียนทั่วไป,ภาคใต้,BDC,Admission,"12,500-25,000 บาทต่อเดือน"
DCA,INFO,B,B,3,โรงเรียนทั่วไป,ภาคตะวันตก,BDC,Admission,"น้อยกว่า 12,500 บาทต่อเดือน"
DCA,INFO,A,A,3,โรงเรียนทั่วไป,ภาคใต้,BDC,Admission,"12,500-25,000 บาทต่อเดือน"
DCM,INFO,A,B,3,โรงเรียนทั่วไป,ภาคใต้,BDC,Admission,"12,500-25,000 บาทต่อเดือน"
IT,INFO,B,C,2,โรงเรียนทั่วไป,ภาคใต้,BDC,Admission,"น้อยกว่า 12,500 บาทต่อเดือน"
DCM,INFO,A,B,3,โรงเรียนทั่วไป,ภาคใต้,BDC,Admission,"12,500-25,000 บาทต่อเดือน"
DCM,INFO,A,B,3,โรงเรียนทั่วไป,ภาคใต้,BDC,รับตรงอิสระ,"12,500-25,000 บาทต่อเดือน"
DCA,INFO,B,A,3,โรงเรียนทั่วไป,ภาคใต้,BDC,รับตรงอิสระ,"น้อยกว่า 12,500 บาทต่อเดือน"
DCM,INFO,A,A,1,โรงเรียนทั่วไป,ภาคใต้,BDC,รับตรงอิสระ,"น้อยกว่า 12,500 บาทต่อเดือน"
