S_ID,BRANCH,F_ID,F_NAME,GPA,E-GPA,ADMITACADYEAR,ACADYEAR,SEMESTER,RANK,S_ID ,S_NAME,P_NAME,R_NAME,FEE_NAME,ENTRYNAME,S_PARENT,LABEL
65231,DCA,22,สารสนเทศศาสตร์,2.23,2.73,2559,2562,2,1,84041,ศึกษาสงเคราะห์สุราษฎร์ธานี,สุราษฎร์ธานี,S,BDA,3,2,S
65232,MTA,22,สารสนเทศศาสตร์,2.3,2.36,2559,2562,3,0,93029,สตรีพัทลุง,พัทลุง,S,BDA,3,1,S
65250,DCM,22,สารสนเทศศาสตร์,2.31,2.06,2559,2562,3,0,1080210774,เบญจมราชูทิศ นครศรีธรรมราช,นครศรีธรรมราช,S,BDA,3,3,S
65260,MTA,22,สารสนเทศศาสตร์,2.38,2.76,2559,2562,3,0,99840040,ธิดาแม่พระ,สุราษฎร์ธานี,S,BDA,3,1,S
65269,MTA,22,สารสนเทศศาสตร์,2.15,2.18,2559,2562,3,1,90104,โรงเรียนผู้ใหญ่วรนารีเฉลิม,สงขลา,S,BDA,3,0,S
65272,DCA,22,สารสนเทศศาสตร์,2.24,2.37,2559,2562,2,1,80086,สิชลคุณาธารวิทยา,นครศรีธรรมราช,S,BDA,3,2,S
65312,DCM,22,สารสนเทศศาสตร์,2.78,2.58,2559,2562,3,1,84012,ดอนสักผดุงวิทย์,สุราษฎร์ธานี,S,BDA,3,1,S
65318,DCA,22,สารสนเทศศาสตร์,3.22,3.3,2559,2562,2,1,83100101,อบจ.เมืองภูเก็ต,ภูเก็ต,S,BDA,3,1,S
65330,ITD,22,สารสนเทศศาสตร์,2.21,2.61,2559,2562,3,1,80054,ปากพูน,นครศรีธรรมราช,S,BDA,3,1,S
65375,ITD,22,สารสนเทศศาสตร์,2.64,2.54,2559,2562,3,0,86015,สอาดเผดิมวิทยา,ชุมพร,S,BDA,3,2,S
65382,DCM,22,สารสนเทศศาสตร์,2.98,3.24,2559,2562,3,2,82004,ดีบุกพังงาวิทยายน,พังงา,S,BDA,3,2,S
65423,DCA,22,สารสนเทศศาสตร์,2.72,2.36,2559,2562,2,0,84046,สุราษฎร์ธานี 2,สุราษฎร์ธานี,S,BDA,3,2,S
65426,ITD,22,สารสนเทศศาสตร์,2.37,2.47,2559,2562,3,0,90019,นวมินทราชูทิศ ทักษิณ,สงขลา,S,BDA,3,1,S
65440,MTA,22,สารสนเทศศาสตร์,2.6,2.44,2559,2562,2,1,84038,เมืองสุราษฎร์ธานี,สุราษฎร์ธานี,S,BDA,3,1,S
65445,DCA,22,สารสนเทศศาสตร์,2.47,3.15,2559,2562,2,0,95007,"เบตง""วีระราษฎร์ประสาน""",ยะลา,S,BDA,3,1,S
65452,DCA,22,สารสนเทศศาสตร์,2.59,2.5,2559,2562,2,0,80002,กัลยาณีศรีธรรมราช,นครศรีธรรมราช,S,BDA,3,2,S
65456,ITD,22,สารสนเทศศาสตร์,3.3,2.92,2559,2562,3,1,80086,สิชลคุณาธารวิทยา,นครศรีธรรมราช,S,BDA,3,0,S
65487,MTA,22,สารสนเทศศาสตร์,3.58,3.39,2559,2562,2,1,84047,สุราษฎร์พิทยา,สุราษฎร์ธานี,S,BDA,3,2,S
65492,DCM,22,สารสนเทศศาสตร์,3.19,2.4,2559,2562,3,1,96023,สุไหงโก-ลก,นราธิวาส,S,BDA,3,2,S
65513,DCA,22,สารสนเทศศาสตร์,3.1,2.46,2559,2562,3,1,80075,ศรีธรรมราชศึกษา,นครศรีธรรมราช,S,BDA,3,3,S
65525,ITD,22,สารสนเทศศาสตร์,3.47,2.36,2559,2562,3,1,80023,ชะอวด,นครศรีธรรมราช,S,BDA,3,1,S
65535,DCM,22,สารสนเทศศาสตร์,3.29,3.14,2559,2562,3,1,80075,ศรีธรรมราชศึกษา,นครศรีธรรมราช,S,BDA,3,1,S
65611,DCA,22,สารสนเทศศาสตร์,2.63,2.38,2559,2562,2,1,96023,สุไหงโก-ลก,นราธิวาส,S,BDA,3,3,S
65618,ITD,22,สารสนเทศศาสตร์,2.1,2.52,2559,2562,3,1,84019,ทีปราษฎร์พิทยา,สุราษฎร์ธานี,S,BDA,3,3,S
65619,DCA,22,สารสนเทศศาสตร์,2.61,2.29,2559,2562,2,1,80052,ปากพนัง,นครศรีธรรมราช,S,BDA,3,2,S
65628,MTA,22,สารสนเทศศาสตร์,2.92,2.74,2559,2562,3,1,84047,สุราษฎร์พิทยา,สุราษฎร์ธานี,S,BDA,3,2,S
65630,DCA,22,สารสนเทศศาสตร์,3.2,2.82,2559,2562,3,1,81840101,เทพมิตรศึกษา,สุราษฎร์ธานี,S,BDA,3,2,S
65632,MTA,22,สารสนเทศศาสตร์,3.26,3.55,2559,2562,3,0,92020,วิเชียรมาตุ,ตรัง,S,BDA,3,2,S
65632,MTA,22,สารสนเทศศาสตร์,2.92,2.82,2559,2562,3,0,92020,วิเชียรมาตุ,ตรัง,S,BDA,3,2,S
65645,ITD,22,สารสนเทศศาสตร์,2.85,2.27,2559,2562,3,0,80080,สตรีทุ่งสง,นครศรีธรรมราช,S,BDA,3,2,S
65647,MTA,22,สารสนเทศศาสตร์,2.12,2.92,2559,2562,3,1,99840001,เทศบาล 5,สุราษฎร์ธานี,S,BDA,3,3,S
65675,ITD,22,สารสนเทศศาสตร์,3.85,3.46,2559,2562,2,1,80075,ศรีธรรมราชศึกษา,นครศรีธรรมราช,S,BDA,3,3,S
65679,DCA,22,สารสนเทศศาสตร์,2.09,2.45,2559,2562,2,1,80093,แหลมราษฎร์บำรุง,นครศรีธรรมราช,S,BDA,3,2,S
65682,ITD,22,สารสนเทศศาสตร์,2.9,2.28,2559,2562,3,1,80037,ท่าศาลาประสิทธิ์ศึกษา,นครศรีธรรมราช,S,BDA,3,1,S
65687,MTA,22,สารสนเทศศาสตร์,2.5,2.44,2559,2562,3,1,93002,เขาชัยสน,พัทลุง,S,BDA,3,2,S
65690,DCA,22,สารสนเทศศาสตร์,3.22,2.5,2559,2562,2,1,92006,ตรังคริสเตียนศึกษา,ตรัง,S,BDA,3,3,S
65699,MTA,22,สารสนเทศศาสตร์,2.62,2.74,2559,2562,2,1,92007,ตรังวิทยา,ตรัง,S,BDA,3,1,S
65728,MTA,22,สารสนเทศศาสตร์,2.8,2.78,2559,2562,2,0,80039,ทุ่งสง,นครศรีธรรมราช,S,BDA,3,2,S
65717,DCA,22,สารสนเทศศาสตร์,2.5,2.21,2559,2562,3,1,81840101,เทพมิตรศึกษา,สุราษฎร์ธานี,S,BDA,3,2,S
65733,DCA,22,สารสนเทศศาสตร์,2.98,3.22,2559,2562,2,0,1083400060,เฉลิมพระเกียรติสมเด็จพระศรีนครินทร์ ภูเก็ต,ภูเก็ต,S,BDA,3,2,S
65746,DCA,22,สารสนเทศศาสตร์,2.33,2.14,2559,2562,2,1,90044,หาดใหญ่พิทยาคม,สงขลา,S,BDA,3,1,S
65760,DCA,22,สารสนเทศศาสตร์,2.63,2.66,2559,2562,2,1,81003,คลองยางประชานุสรณ์,กระบี่,S,BDA,3,1,S
65782,DCA,22,สารสนเทศศาสตร์,2.93,2.57,2559,2562,3,0,80002,กัลยาณีศรีธรรมราช,นครศรีธรรมราช,S,BDA,3,3,S
65795,MTA,22,สารสนเทศศาสตร์,2.68,3.19,2559,2562,3,1,8.28E+12,ดารุสสาลาม,นราธิวาส,S,BDA,3,1,S
65827,DCM,22,สารสนเทศศาสตร์,3.78,2.48,2559,2562,3,1,80052,ปากพนัง,นครศรีธรรมราช,S,BDA,3,3,S
65830,DCA,22,สารสนเทศศาสตร์,2.1,2.45,2559,2562,2,1,80018,ฉวางรัชดาภิเษก,นครศรีธรรมราช,S,BDA,3,2,S
65836,ITD,22,สารสนเทศศาสตร์,3.03,2.4,2559,2562,3,1,84038,เมืองสุราษฎร์ธานี,สุราษฎร์ธานี,S,BDA,3,1,S
65843,MTA,22,สารสนเทศศาสตร์,2.71,2.33,2559,2562,3,1,81012,อ่าวลึกประชาสรรค์,กระบี่,S,BDA,3,2,S
65881,DCA,22,สารสนเทศศาสตร์,2.66,2.55,2559,2562,3,1,80086,สิชลคุณาธารวิทยา,นครศรีธรรมราช,S,BDA,3,3,S
65915,DCA,22,สารสนเทศศาสตร์,2.67,2.71,2559,2562,2,1,80052,ปากพนัง,นครศรีธรรมราช,S,BDA,3,2,S
65942,DCA,22,สารสนเทศศาสตร์,2.3,2.84,2559,2562,2,0,1083400060,เฉลิมพระเกียรติสมเด็จพระศรีนครินทร์ ภูเก็ต,ภูเก็ต,S,BDA,3,2,S
65949,DCM,22,สารสนเทศศาสตร์,3.08,2.61,2559,2562,3,1,80075,ศรีธรรมราชศึกษา,นครศรีธรรมราช,S,BDA,3,1,S
65950,ITD,22,สารสนเทศศาสตร์,3.4,2.88,2559,2562,3,1,84005,เขาพนมแบกศึกษา,สุราษฎร์ธานี,S,BDA,3,1,S
65996,MTA,22,สารสนเทศศาสตร์,3.54,3.6,2559,2562,2,1,92004,คันธพิทยาคาร,ตรัง,S,BDA,3,1,S
66223,DCA,22,สารสนเทศศาสตร์,2.46,2.56,2559,2562,3,0,1083400060,เฉลิมพระเกียรติสมเด็จพระศรีนครินทร์ ภูเก็ต,ภูเก็ต,S,BDA,3,2,S
66017,MTA,22,สารสนเทศศาสตร์,2.97,3.04,2559,2562,3,1,80052,ปากพนัง,นครศรีธรรมราช,S,BDA,3,3,S
66042,DCA,22,สารสนเทศศาสตร์,2.22,2.04,2559,2562,3,1,84012011,เตรียมอุดมศึกษาพัฒนาการ สุราษฎร์ธานี,สุราษฎร์ธานี,S,BDA,3,3,S
66055,ITD,22,สารสนเทศศาสตร์,2.48,2.52,2559,2562,3,1,92001,กันตังพิทยากร,ตรัง,S,BDA,3,1,S
66058,MTA,22,สารสนเทศศาสตร์,2.68,2.55,2559,2562,2,1,80052,ปากพนัง,นครศรีธรรมราช,S,BDA,3,1,S
66262,DCM,22,สารสนเทศศาสตร์,3.28,2.56,2559,2562,3,0,90031,วรนารีเฉลิม จังหวัดสงขลา,สงขลา,S,BDA,3,2,S
66066,DCA,22,สารสนเทศศาสตร์,2.31,2.68,2559,2562,2,1,80058,พิปูนสังฆรักษ์ประชาอุทิศ,นครศรีธรรมราช,S,BDA,3,2,S
66077,ITD,22,สารสนเทศศาสตร์,2.85,2.32,2559,2562,3,1,80006,ขนอมพิทยา,นครศรีธรรมราช,S,BDA,3,1,S
66089,DCA,22,สารสนเทศศาสตร์,2.83,2.99,2559,2562,2,1,80086,สิชลคุณาธารวิทยา,นครศรีธรรมราช,S,BDA,3,1,S
66092,DCA,22,สารสนเทศศาสตร์,2.55,2.35,2559,2562,2,1,80055,พรหมคีรีพิทยาคม,นครศรีธรรมราช,S,BDA,3,3,S
66140,ITD,22,สารสนเทศศาสตร์,2.05,2.21,2559,2562,3,1,80028,เชียรใหญ่,นครศรีธรรมราช,S,BDA,3,2,S
66156,ITD,22,สารสนเทศศาสตร์,2.64,2.91,2559,2562,3,1,91007,ท่าศิลาบำรุงราษฎร์,สตูล,S,BDA,3,1,S
66220,DCA,22,สารสนเทศศาสตร์,2.43,2.44,2559,2562,3,1,80006,ขนอมพิทยา,นครศรีธรรมราช,S,BDA,3,1,S
66236,DCM,22,สารสนเทศศาสตร์,3.28,2.28,2559,2562,3,0,1083400060,เฉลิมพระเกียรติสมเด็จพระศรีนครินทร์ ภูเก็ต,ภูเก็ต,S,BDA,3,2,S
66244,DCA,22,สารสนเทศศาสตร์,2.54,2.44,2559,2562,2,1,84038,เมืองสุราษฎร์ธานี,สุราษฎร์ธานี,S,BDA,3,2,S
66245,DCA,22,สารสนเทศศาสตร์,2.87,2.27,2559,2562,2,0,83007,สตรีภูเก็ต,ภูเก็ต,S,BDA,3,2,S
66259,DCA,22,สารสนเทศศาสตร์,2.41,2.97,2559,2562,3,1,84009,เคียนซาพิทยาคม,สุราษฎร์ธานี,S,BDA,3,2,S
66278,MTA,22,สารสนเทศศาสตร์,2.45,2.54,2559,2562,2,1,90038,"สะเดา ""ขรรค์ชัยกัมพลานนท์อนุสรณ์""",สงขลา,S,BDA,3,2,S
66283,ITD,22,สารสนเทศศาสตร์,3.24,2.63,2559,2562,3,1,80066,โยธินบำรุง,นครศรีธรรมราช,S,BDA,3,2,S
66285,MTA,22,สารสนเทศศาสตร์,3.42,2.65,2559,2562,3,0,93029,สตรีพัทลุง,พัทลุง,S,BDA,3,1,S
66299,MTA,22,สารสนเทศศาสตร์,2.72,3.33,2559,2562,2,1,80100052,ประทีปศาสน์,นครศรีธรรมราช,S,BDA,3,2,S
66300,DCA,22,สารสนเทศศาสตร์,2.53,2.97,2559,2562,3,0,90048,หาดใหญ่วิทยาลัย,สงขลา,S,BDA,3,3,S
66322,DCM,22,สารสนเทศศาสตร์,2.47,2.66,2559,2562,3,0,90048,หาดใหญ่วิทยาลัย,สงขลา,S,BDA,3,2,S
66306,MTA,22,สารสนเทศศาสตร์,3.11,3.11,2559,2562,3,0,83007,สตรีภูเก็ต,ภูเก็ต,S,BDA,3,1,S
66323,DCM,22,สารสนเทศศาสตร์,2.89,2.22,2559,2562,3,0,90048,หาดใหญ่วิทยาลัย,สงขลา,S,BDA,3,3,S
66343,MTA,22,สารสนเทศศาสตร์,2.26,2.49,2559,2562,3,1,10,หาดใหญ่เจริญราษฎร์พิทยา,สงขลา,S,BDA,3,3,S
66377,DCA,22,สารสนเทศศาสตร์,2.09,2.1,2559,2562,3,1,90044,หาดใหญ่พิทยาคม,สงขลา,S,BDA,3,1,S
66388,DCA,22,สารสนเทศศาสตร์,2.24,2.73,2559,2562,2,1,96034,สุคิรินวิทยา,นราธิวาส,S,BDA,3,2,S
66420,DCA,22,สารสนเทศศาสตร์,2.32,2.3,2559,2562,2,1,80055,พรหมคีรีพิทยาคม,นครศรีธรรมราช,S,BDA,3,2,S
66469,MTA,22,สารสนเทศศาสตร์,2.59,2.64,2559,2562,3,1,80082,สระแก้วรัตนวิทย์,นครศรีธรรมราช,S,BDA,3,1,S
66498,MTA,22,สารสนเทศศาสตร์,2.64,2.3,2559,2562,3,0,90031,วรนารีเฉลิม จังหวัดสงขลา,สงขลา,S,BDA,3,1,S
66504,MTA,22,สารสนเทศศาสตร์,2.37,3.19,2559,2562,3,1,81001,คลองท่อมราษฎร์รังสรรค์,กระบี่,S,BDA,3,2,S
66528,ITD,22,สารสนเทศศาสตร์,3.13,2.88,2559,2562,3,0,80002,กัลยาณีศรีธรรมราช,นครศรีธรรมราช,S,BDA,3,3,S
66539,DCA,22,สารสนเทศศาสตร์,2.67,2.42,2559,2562,3,1,80075,ศรีธรรมราชศึกษา,นครศรีธรรมราช,S,BDA,3,3,S
66544,MTA,22,สารสนเทศศาสตร์,2.55,2.42,2559,2562,3,0,90048,หาดใหญ่วิทยาลัย,สงขลา,S,BDA,3,2,S
66670,MTA,22,สารสนเทศศาสตร์,2.33,2.78,2559,2562,3,1,90028,ระโนดวิทยา,สงขลา,S,BDA,14,1,S
66732,DCM,22,สารสนเทศศาสตร์,3.35,3.31,2559,2562,3,1,80111,วิทยาลัยอาชีวศึกษานครศรีธรรมราช,นครศรีธรรมราช,S,BDA,7,1,S
66782,DCA,22,สารสนเทศศาสตร์,2.23,2.97,2559,2562,2,1,0,บ้านแป้นพิทยาคม,ลำพูน,N,BDA,7,1,S
66789,DCM,22,สารสนเทศศาสตร์,2.42,3.64,2559,2562,3,1,94105,วิทยาลัยอาชีวศึกษาปัตตานี,ปัตตานี,S,BDA,7,3,S
66800,ITD,22,สารสนเทศศาสตร์,2.53,2.52,2559,2562,3,1,83940202,มูลนิธิอาซิซสถาน,ปัตตานี,S,BDA,7,1,S
66817,ITD,22,สารสนเทศศาสตร์,2.43,2.35,2559,2562,3,1,84026,บ้านนาสาร,สุราษฎร์ธานี,S,BDA,7,2,S
66825,ITD,22,สารสนเทศศาสตร์,2.76,2.22,2559,2562,3,1,80067,ร่อนพิบูลย์เกียรติวสุนธราภิวัฒก์,นครศรีธรรมราช,S,BDA,7,2,S
66826,MTA,22,สารสนเทศศาสตร์,2.1,2.46,2559,2562,3,1,84012011,เตรียมอุดมศึกษาพัฒนาการ สุราษฎร์ธานี,สุราษฎร์ธานี,S,BDA,7,1,S
66845,MTA,22,สารสนเทศศาสตร์,2.6,3.59,2559,2562,3,1,84110,วิทยาลัยอาชีวศึกษาสุราษฎร์ธานี,สุราษฎร์ธานี,S,BDA,7,3,S
66848,MTA,22,สารสนเทศศาสตร์,2.73,2.66,2559,2562,3,1,83104,วิทยาลัยอาชีวะศึกษาภูเก็ต,ภูเก็ต,S,BDA,7,1,S
66864,MTA,22,สารสนเทศศาสตร์,2.5,2.74,2559,2562,3,0,82007,"ตะกั่วป่า""เสนานุกูล""",พังงา,S,BDA,7,2,S
66867,DCA,22,สารสนเทศศาสตร์,2.9,2.88,2559,2562,2,1,5,ศูนย์การศึกษานอกโรงเรียนจังหวัดปัตตานี,ปัตตานี,S,BDA,7,1,S
66875,MTA,22,สารสนเทศศาสตร์,2.58,2.46,2559,2562,3,1,83104,วิทยาลัยอาชีวะศึกษาภูเก็ต,ภูเก็ต,S,BDA,7,1,S
66882,MTA,22,สารสนเทศศาสตร์,3.21,3.14,2559,2562,3,1,83104,วิทยาลัยอาชีวะศึกษาภูเก็ต,ภูเก็ต,S,BDA,7,2,S
66886,DCM,22,สารสนเทศศาสตร์,2.8,2.89,2559,2562,3,1,80063,มุสลิมสันติธรรมมูลนิธิ,นครศรีธรรมราช,S,BDA,7,1,S
66894,DCA,22,สารสนเทศศาสตร์,2.51,2.56,2559,2562,3,1,83104,วิทยาลัยอาชีวะศึกษาภูเก็ต,ภูเก็ต,S,BDA,7,2,S
66912,DCA,22,สารสนเทศศาสตร์,2.63,2.88,2559,2562,2,1,80054,ปากพูน,นครศรีธรรมราช,S,BDA,7,1,S
66927,DCA,22,สารสนเทศศาสตร์,2.43,3.49,2559,2562,3,1,99840001,เทศบาล 5,สุราษฎร์ธานี,S,BDA,7,3,S
66946,MTA,22,สารสนเทศศาสตร์,2.22,3.23,2559,2562,2,1,84110,วิทยาลัยอาชีวศึกษาสุราษฎร์ธานี,สุราษฎร์ธานี,S,BDA,7,3,S
66952,MTA,22,สารสนเทศศาสตร์,2.73,3.43,2559,2562,3,1,94105,วิทยาลัยอาชีวศึกษาปัตตานี,ปัตตานี,S,BDA,7,1,S
66953,MTA,22,สารสนเทศศาสตร์,2.31,2.16,2559,2562,3,0,91011,พิมานพิทยาสรรค์,สตูล,S,BDA,7,0,S
66994,DCM,22,สารสนเทศศาสตร์,2.45,1.57,2559,2562,3,1,80111,วิทยาลัยอาชีวศึกษานครศรีธรรมราช,นครศรีธรรมราช,S,BDA,7,2,S
66999,MTA,22,สารสนเทศศาสตร์,2.16,3.1,2559,2562,3,1,7,ศูนย์บริการการศึกษานอกโรงเรียนอำเภอระโนด,สงขลา,S,BDA,7,2,S
67029,MTA,22,สารสนเทศศาสตร์,2.87,3.17,2559,2562,3,0,99840040,ธิดาแม่พระ,สุราษฎร์ธานี,S,BDA,7,3,S
67035,MTA,22,สารสนเทศศาสตร์,3.33,3.56,2559,2562,2,1,80118,วิทยาลัยศิลปหัตถกรรมนครศรีธรรมราช,นครศรีธรรมราช,S,BDA,7,2,S
67051,DCM,22,สารสนเทศศาสตร์,2.89,2.48,2559,2562,3,1,90117,บริหารธุรกิจวิทยา,สงขลา,S,BDA,7,2,S
67052,DCA,22,สารสนเทศศาสตร์,3.28,3.13,2559,2562,3,0,410102,สตรีราชินูทิศ,อุดรธานี,EN,BDA,7,3,S
67059,ITD,22,สารสนเทศศาสตร์,2.87,2.25,2559,2562,3,1,80018,ฉวางรัชดาภิเษก,นครศรีธรรมราช,S,BDA,7,2,S
67064,MTA,22,สารสนเทศศาสตร์,2.97,2.92,2559,2562,3,1,84102,ศูนย์บริการการศึกษานอกโรงเรียนอำเภอเมืองสุราษฏร์ธานี,สุราษฎร์ธานี,S,BDA,7,1,S
67066,DCA,22,สารสนเทศศาสตร์,2.44,2.7,2559,2562,3,1,99840033,พะตงวิทยามูลนิธิ,สงขลา,S,BDA,7,1,S
67123,MTA,22,สารสนเทศศาสตร์,3.27,3.58,2559,2562,3,1,84012,ดอนสักผดุงวิทย์,สุราษฎร์ธานี,S,BDA,7,1,S
67125,ITD,22,สารสนเทศศาสตร์,3.59,3.6,2559,2562,2,1,93106,วิทยาลัยเทคนิคพัทลุง,พัทลุง,S,BDA,7,3,S
67151,MTA,22,สารสนเทศศาสตร์,3.09,2.05,2559,2562,2,1,82009,ท้ายเหมืองวิทยา,พังงา,S,BDA,7,2,S
67205,DCM,22,สารสนเทศศาสตร์,3.08,2.36,2559,2562,3,0,1083400060,เฉลิมพระเกียรติสมเด็จพระศรีนครินทร์ ภูเก็ต,ภูเก็ต,S,BDA,7,3,S
67224,MTA,22,สารสนเทศศาสตร์,2.68,2.61,2559,2562,3,1,80018,ฉวางรัชดาภิเษก,นครศรีธรรมราช,S,BDA,7,1,S
67230,MTA,22,สารสนเทศศาสตร์,2.98,3.25,2559,2562,3,1,99840033,พะตงวิทยามูลนิธิ,สงขลา,S,BDA,7,1,S
67232,ITD,22,สารสนเทศศาสตร์,2.86,2.72,2559,2562,3,1,80701,วิทยาลัยเทคนิคนครศรีธรรมราช,นครศรีธรรมราช,S,BDA,7,3,S
67236,DCM,22,สารสนเทศศาสตร์,3.35,2.97,2559,2562,3,1,83104,วิทยาลัยอาชีวะศึกษาภูเก็ต,ภูเก็ต,S,BDA,7,2,S
67523,DCA,22,สารสนเทศศาสตร์,2.62,3.22,2559,2562,2,0,70508,นารีวุฒิ,ราชบุรี,W,BDA,2,2,S
67684,MTA,22,สารสนเทศศาสตร์,3.35,3.44,2559,2562,3,1,92010,ทุ่งหนองแห้งประชาสรรค์,ตรัง,S,BDA,0,3,S
67750,DCA,22,สารสนเทศศาสตร์,2.27,2.6,2559,2562,2,0,80002,กัลยาณีศรีธรรมราช,นครศรีธรรมราช,S,BDA,0,3,S
67796,DCA,22,สารสนเทศศาสตร์,2.28,2.25,2559,2562,3,1,93030,หารเทารังสีประชาสรรค์,พัทลุง,S,BDA,0,2,S
67859,ITD,22,สารสนเทศศาสตร์,2.08,2.15,2559,2562,3,1,80086,สิชลคุณาธารวิทยา,นครศรีธรรมราช,S,BDA,7,1,S
67863,MTA,22,สารสนเทศศาสตร์,2.3,2.37,2559,2562,2,1,80075,ศรีธรรมราชศึกษา,นครศรีธรรมราช,S,BDA,7,1,S
67890,DCA,22,สารสนเทศศาสตร์,2.32,2.75,2559,2562,3,1,92022,สภาราชินี 2,ตรัง,S,BDA,7,2,S
67946,MTA,22,สารสนเทศศาสตร์,2.94,3.16,2559,2562,2,1,83104,วิทยาลัยอาชีวะศึกษาภูเก็ต,ภูเก็ต,S,BDA,7,2,S
67958,MTA,22,สารสนเทศศาสตร์,2.86,2.22,2559,2562,3,0,1083400060,เฉลิมพระเกียรติสมเด็จพระศรีนครินทร์ ภูเก็ต,ภูเก็ต,S,BDA,7,2,S
67963,MTA,22,สารสนเทศศาสตร์,3.33,3.22,2559,2562,3,1,83104,วิทยาลัยอาชีวะศึกษาภูเก็ต,ภูเก็ต,S,BDA,7,2,S
67969,DCA,22,สารสนเทศศาสตร์,2.16,2.53,2559,2562,3,1,83104,วิทยาลัยอาชีวะศึกษาภูเก็ต,ภูเก็ต,S,BDA,7,2,S
67971,DCA,22,สารสนเทศศาสตร์,2.56,2,2559,2562,2,1,90307,จริยธรรมศึกษามูลนิธิ,สงขลา,S,BDA,7,1,S
67975,DCA,22,สารสนเทศศาสตร์,3.18,2.37,2559,2562,3,1,8,ศูนย์บริการการศึกษานอกโรงเรียนอำเภอหัวไทร,นครศรีธรรมราช,S,BDA,7,2,S
68028,MTA,22,สารสนเทศศาสตร์,2.27,2.74,2559,2562,2,1,80701,วิทยาลัยเทคนิคนครศรีธรรมราช,นครศรีธรรมราช,S,BDA,7,1,S
68035,MTA,22,สารสนเทศศาสตร์,2.98,3.11,2559,2562,2,1,80118,วิทยาลัยศิลปหัตถกรรมนครศรีธรรมราช,นครศรีธรรมราช,S,BDA,7,1,S
68051,MTA,22,สารสนเทศศาสตร์,2.18,2.3,2559,2562,3,1,80118,วิทยาลัยศิลปหัตถกรรมนครศรีธรรมราช,นครศรีธรรมราช,S,BDA,7,1,S
68066,ITD,22,สารสนเทศศาสตร์,2.98,3.34,2559,2562,3,1,3801109,กีฬาจังหวัดนครศรีธรรมราช,นครศรีธรรมราช,S,BDA,7,1,S
68073,MTA,22,สารสนเทศศาสตร์,3.07,2.53,2559,2562,3,1,6,ศูนย์บริการการศึกษานอกโรงเรียนอำเภอกาญจนดิษฐ์,สุราษฎร์ธานี,S,BDA,7,3,S
68132,MTA,22,สารสนเทศศาสตร์,2.88,2.3,2559,2562,3,1,80066,โยธินบำรุง,นครศรีธรรมราช,S,BDA,7,2,S
68266,DCA,22,สารสนเทศศาสตร์,2.34,2.63,2559,2562,3,0,95015,สตรียะลา,ยะลา,S,BDA,7,1,S
68310,DCM,22,สารสนเทศศาสตร์,2.53,2.43,2559,2562,3,1,95107,วิทยาลัยเทคนิคยะลา,ยะลา,S,BDA,7,2,S
68565,DCM,22,สารสนเทศศาสตร์,2.14,2.26,2559,2562,3,1,70502,สารสิทธิ์พิทยาลัย,ราชบุรี,W,BDA,7,2,S
69578,DCA,22,สารสนเทศศาสตร์,2.9,3.05,2560,2563,2,1,80118,วิทยาลัยศิลปหัตถกรรมนครศรีธรรมราช,นครศรีธรรมราช,S,BDA,5,3,S
69584,DCA,22,สารสนเทศศาสตร์,2.55,2.31,2560,2563,3,1,80085,มัธยมศึกษาจุฬาภรณ์,นครศรีธรรมราช,S,BDA,5,1,S
69607,DCA,22,สารสนเทศศาสตร์,2.29,1.94,2560,2563,3,1,80075,ศรีธรรมราชศึกษา,นครศรีธรรมราช,S,BDA,5,1,S
69630,DCA,22,สารสนเทศศาสตร์,2.63,2.29,2560,2563,2,1,84012,ดอนสักผดุงวิทย์,สุราษฎร์ธานี,S,BDA,5,1,S
69633,MTA,22,สารสนเทศศาสตร์,3.14,2.2,2560,2563,2,0,90019,นวมินทราชูทิศ ทักษิณ,สงขลา,S,BDA,5,1,S
69657,MTA,22,สารสนเทศศาสตร์,3.39,3.3,2562,2564,2,0,80002,กัลยาณีศรีธรรมราช,นครศรีธรรมราช,S,BDA,5,2,S
69709,MTA,22,สารสนเทศศาสตร์,3.26,2.35,2560,2563,3,1,70601,บางแพปฐมพิทยา,ราชบุรี,W,BDA,5,3,S
69742,ITD,22,สารสนเทศศาสตร์,2.45,2.67,2562,2564,3,0,80002,กัลยาณีศรีธรรมราช,นครศรีธรรมราช,S,BDA,5,2,S
69737,MTA,22,สารสนเทศศาสตร์,3.36,3.59,2560,2563,2,0,84046,สุราษฎร์ธานี 2,สุราษฎร์ธานี,S,BDA,5,3,S
69773,MTA,22,สารสนเทศศาสตร์,2.16,2.12,2560,2563,2,1,93017,ป่าพะยอมพิทยาคม,พัทลุง,S,BDA,5,3,S
69809,DCM,22,สารสนเทศศาสตร์,3.36,2.33,2560,2563,3,1,80075,ศรีธรรมราชศึกษา,นครศรีธรรมราช,S,BDA,5,2,S
69810,MTA,22,สารสนเทศศาสตร์,3.06,2.82,2560,2563,2,0,80032,เตรียมอุดมศึกษาภาคใต้,นครศรีธรรมราช,S,BDA,5,3,S
69818,DCA,22,สารสนเทศศาสตร์,2.51,2.47,2560,2563,2,1,80055,พรหมคีรีพิทยาคม,นครศรีธรรมราช,S,BDA,5,1,S
69855,MTA,22,สารสนเทศศาสตร์,2.76,1.67,2560,2563,3,1,92006,ตรังคริสเตียนศึกษา,ตรัง,S,BDA,5,1,S
69860,MTA,22,สารสนเทศศาสตร์,3.29,3.18,2560,2563,2,0,84046,สุราษฎร์ธานี 2,สุราษฎร์ธานี,S,BDA,5,3,S
69863,DCM,22,สารสนเทศศาสตร์,3.53,2.58,2560,2563,3,0,80032,เตรียมอุดมศึกษาภาคใต้,นครศรีธรรมราช,S,BDA,5,3,S
69893,MTA,22,สารสนเทศศาสตร์,3.16,3.22,2560,2563,2,0,90031,วรนารีเฉลิม จังหวัดสงขลา,สงขลา,S,BDA,5,3,S
69897,MTA,22,สารสนเทศศาสตร์,2.98,3.22,2562,2564,2,0,85007,สตรีระนอง,ระนอง,S,BDA,5,2,S
69926,DCA,22,สารสนเทศศาสตร์,2.47,2.29,2562,2564,2,0,80032,เตรียมอุดมศึกษาภาคใต้,นครศรีธรรมราช,S,BDA,5,2,S
69967,MTA,22,สารสนเทศศาสตร์,3.24,2.76,2562,2564,3,2,82004,ดีบุกพังงาวิทยายน,พังงา,S,BDA,5,2,S
69975,MTA,22,สารสนเทศศาสตร์,2.73,2.57,2560,2563,3,0,95015,สตรียะลา,ยะลา,S,BDA,5,3,S
69987,DCA,22,สารสนเทศศาสตร์,2.73,3.28,2560,2563,2,1,81006,พนมเบญจา,กระบี่,S,BDA,5,2,S
70001,MTA,22,สารสนเทศศาสตร์,2.6,2.37,2560,2563,2,1,80075,ศรีธรรมราชศึกษา,นครศรีธรรมราช,S,BDA,5,1,S
70009,MTA,22,สารสนเทศศาสตร์,2.85,2.76,2560,2563,2,1,80037,ท่าศาลาประสิทธิ์ศึกษา,นครศรีธรรมราช,S,BDA,5,1,S
72264,MTA,22,สารสนเทศศาสตร์,2.79,2.2,2562,2564,3,0,84046,สุราษฎร์ธานี 2,สุราษฎร์ธานี,S,BDA,5,2,S
70129,DCA,22,สารสนเทศศาสตร์,2.87,3.04,2560,2563,2,1,81001,คลองท่อมราษฎร์รังสรรค์,กระบี่,S,BDA,5,2,S
72232,DCA,22,สารสนเทศศาสตร์,2.54,2.97,2562,2564,2,0,1080210774,เบญจมราชูทิศ นครศรีธรรมราช,นครศรีธรรมราช,S,BDA,5,2,S
70173,DCA,22,สารสนเทศศาสตร์,2.25,2.18,2560,2563,3,1,80064,เมืองนครศรีธรรมราช,นครศรีธรรมราช,S,BDA,5,2,S
72277,ITD,22,สารสนเทศศาสตร์,2.97,2.37,2562,2564,3,0,90048,หาดใหญ่วิทยาลัย,สงขลา,S,BDA,5,2,S
70243,DCA,22,สารสนเทศศาสตร์,2.79,3.08,2560,2563,3,0,91011,พิมานพิทยาสรรค์,สตูล,S,BDA,6,1,S
70244,DCA,22,สารสนเทศศาสตร์,2.83,3.21,2560,2563,2,1,9,สุราษฏร์พิทยา2,สุราษฎร์ธานี,S,BDA,14,2,S
70238,DCA,22,สารสนเทศศาสตร์,3.21,3.11,2560,2563,2,0,99840047,เทศบาลปลูกปัญญา ในประอุปถัมภ์,ภูเก็ต,S,BDA,6,3,S
70266,DCA,22,สารสนเทศศาสตร์,2.76,2.83,2560,2563,3,1,80092,หัวไทรบำรุงราษฎร์,นครศรีธรรมราช,S,BDA,14,3,S
72275,DCM,22,สารสนเทศศาสตร์,3.22,2.24,2562,2564,3,0,90048,หาดใหญ่วิทยาลัยสมบูรณ์กุลกันยา,สงขลา,S,BDA,6,2,S
70372,MTA,22,สารสนเทศศาสตร์,2.66,2.81,2560,2563,3,0,92020,วิเชียรมาตุ,ตรัง,S,BDA,1,3,S
70429,DCA,22,สารสนเทศศาสตร์,3.36,2.95,2560,2563,2,1,90028,ระโนดวิทยา,สงขลา,S,BDA,7,1,S
72452,DCA,22,สารสนเทศศาสตร์,2.33,2.59,2562,2564,2,0,99840072,เทศบาล ๒ (วัดกะพังสุรินทร์),ตรัง,S,BDA,7,2,S
70469,MTA,22,สารสนเทศศาสตร์,2.84,3.46,2560,2563,2,1,80701,วิทยาลัยเทคนิคนครศรีธรรมราช,นครศรีธรรมราช,S,BDA,7,2,S
72482,MTA,22,สารสนเทศศาสตร์,2.65,2.97,2562,2564,3,0,17101,สมุทรสาครวิทยาลัย,สมุทรสาคร,B,BDA,7,2,S
70489,DCA,22,สารสนเทศศาสตร์,2.65,2.51,2560,2563,2,1,90045,หาดใหญ่รัฐประชาสรรค์,สงขลา,S,BDA,7,1,S
70491,DCA,22,สารสนเทศศาสตร์,2.73,2.82,2560,2563,3,1,86013,สวนศรีวิทยา,ชุมพร,S,BDA,7,1,S
70517,MTA,22,สารสนเทศศาสตร์,3.04,2.54,2560,2563,3,0,85007,สตรีระนอง,ระนอง,S,BDA,7,1,S
70518,MTA,22,สารสนเทศศาสตร์,2.35,2.96,2560,2563,3,1,80014,จรัสพิชากร,นครศรีธรรมราช,S,BDA,7,2,S
70538,DCA,22,สารสนเทศศาสตร์,3.38,2.93,2560,2563,2,1,92015,มัธยมวัดควนวิเศษมูลนิธิ,ตรัง,S,BDA,7,2,S
70547,DCA,22,สารสนเทศศาสตร์,3.32,2.82,2560,2563,2,1,80066,โยธินบำรุง,นครศรีธรรมราช,S,BDA,7,1,S
70557,MTA,22,สารสนเทศศาสตร์,2.81,2.64,2560,2563,3,1,80118,วิทยาลัยศิลปหัตถกรรมนครศรีธรรมราช,นครศรีธรรมราช,S,BDA,7,3,S
70558,MTA,22,สารสนเทศศาสตร์,3.14,3.39,2560,2563,2,1,80701,วิทยาลัยเทคนิคนครศรีธรรมราช,นครศรีธรรมราช,S,BDA,7,1,S
70571,MTA,22,สารสนเทศศาสตร์,2.47,2.55,2560,2563,3,1,80037,ท่าศาลาประสิทธิ์ศึกษา,นครศรีธรรมราช,S,BDA,7,1,S
70595,DCM,22,สารสนเทศศาสตร์,3.23,3.36,2560,2563,3,1,11,อุดมศึกษาพณิชยการ,สงขลา,S,BDA,7,3,S
70633,MTA,22,สารสนเทศศาสตร์,2.09,2.69,2560,2563,3,0,95001,คณะราษฎรบำรุง จังหวัดยะลา,ยะลา,S,BDA,7,3,S
70643,MTA,22,สารสนเทศศาสตร์,2.74,2.77,2560,2563,2,1,80118,วิทยาลัยศิลปหัตถกรรมนครศรีธรรมราช,นครศรีธรรมราช,S,BDA,7,1,S
70645,MTA,22,สารสนเทศศาสตร์,3.11,2.7,2560,2563,2,1,90028,ระโนดวิทยา,สงขลา,S,BDA,7,1,S
70662,DCM,22,สารสนเทศศาสตร์,3.78,3.07,2560,2563,3,0,83007,สตรีภูเก็ต,ภูเก็ต,S,BDA,7,3,S
70725,ITD,22,สารสนเทศศาสตร์,3.16,3.69,2560,2563,3,1,80701,วิทยาลัยเทคนิคนครศรีธรรมราช,นครศรีธรรมราช,S,BDA,7,3,S
70746,MTA,22,สารสนเทศศาสตร์,2.83,2.69,2560,2563,3,0,84046,สุราษฎร์ธานี 2,สุราษฎร์ธานี,S,BDA,7,0,S
70777,DCA,22,สารสนเทศศาสตร์,2.34,3.11,2560,2563,3,1,90020,นาทวีวิทยาคม,สงขลา,S,BDA,7,2,S
70815,DCA,22,สารสนเทศศาสตร์,2.53,2.68,2560,2563,2,1,80037,ท่าศาลาประสิทธิ์ศึกษา,นครศรีธรรมราช,S,BDA,7,3,S
72822,DCM,22,สารสนเทศศาสตร์,2.58,2.95,2562,2564,3,0,1022060232,เบญจมานุสรณ์,จันทบุรี,E,BDA,7,2,S
70838,MTA,22,สารสนเทศศาสตร์,2.48,2.5,2560,2563,3,1,80902,วิทยาลัยเทคโนโลยีภาคใต้,นครศรีธรรมราช,S,BDA,7,3,S
70859,DCA,22,สารสนเทศศาสตร์,2.85,2.5,2560,2563,2,1,80037,ท่าศาลาประสิทธิ์ศึกษา,นครศรีธรรมราช,S,BDA,7,3,S
70864,DCA,22,สารสนเทศศาสตร์,3.19,2.83,2560,2563,2,1,92015,มัธยมวัดควนวิเศษมูลนิธิ,ตรัง,S,BDA,7,1,S
70884,DCM,22,สารสนเทศศาสตร์,2.8,2.79,2560,2563,3,0,84046,สุราษฎร์ธานี 2,สุราษฎร์ธานี,S,BDA,7,1,S
70916,DCA,22,สารสนเทศศาสตร์,2.23,2.74,2560,2563,3,1,80086,สิชลคุณาธารวิทยา,นครศรีธรรมราช,S,BDA,7,2,S
70918,ITD,22,สารสนเทศศาสตร์,2.9,2.77,2560,2563,3,1,80037,ท่าศาลาประสิทธิ์ศึกษา,นครศรีธรรมราช,S,BDA,7,2,S
70922,ITD,22,สารสนเทศศาสตร์,2.64,2.83,2560,2563,3,1,80701,วิทยาลัยเทคนิคนครศรีธรรมราช,นครศรีธรรมราช,S,BDA,7,1,S
70926,DCM,22,สารสนเทศศาสตร์,2.55,2.54,2560,2563,3,1,84005,เขาพนมแบกศึกษา,สุราษฎร์ธานี,S,BDA,7,1,S
70931,MTA,22,สารสนเทศศาสตร์,2.7,2.63,2560,2563,2,1,1082330183,คุระบุรีชัยพัฒนาพิทยาคม,พังงา,S,BDA,7,2,S
70957,ITD,22,สารสนเทศศาสตร์,2.41,2.78,2560,2563,3,1,80063,มุสลิมสันติธรรมมูลนิธิ,นครศรีธรรมราช,S,BDA,7,2,S
70982,MTA,22,สารสนเทศศาสตร์,3.38,3.88,2560,2563,2,1,80118,วิทยาลัยศิลปหัตถกรรมนครศรีธรรมราช,นครศรีธรรมราช,S,BDA,11,1,S
70996,MTA,22,สารสนเทศศาสตร์,3.51,3.48,2560,2563,2,1,80075,ศรีธรรมราชศึกษา,นครศรีธรรมราช,S,BDA,11,3,S
71104,MTA,22,สารสนเทศศาสตร์,2.37,3,2560,2563,2,1,92601,วิทยาลัยการอาชีพห้วยยอด,ตรัง,S,BDA,5,1,S
71150,MTA,22,สารสนเทศศาสตร์,3.27,3.02,2560,2563,3,1,83104,วิทยาลัยอาชีวะศึกษาภูเก็ต,ภูเก็ต,S,BDA,7,2,S
71164,MTA,22,สารสนเทศศาสตร์,3.09,3.23,2560,2563,3,1,8.28E+12,ดารุสสาลาม,นราธิวาส,S,BDA,7,1,S
71168,DCA,22,สารสนเทศศาสตร์,2.91,2.81,2560,2563,3,1,3,วิทยาลัยเทคโนโลยีสุราษฎร์ธานี,สุราษฎร์ธานี,S,BDA,7,1,S
71194,DCM,22,สารสนเทศศาสตร์,2.98,2.55,2560,2563,3,0,80002,กัลยาณีศรีธรรมราช,นครศรีธรรมราช,S,BDA,7,1,S
71204,MTA,22,สารสนเทศศาสตร์,2.96,1.97,2560,2563,2,1,80075,ศรีธรรมราชศึกษา,นครศรีธรรมราช,S,BDA,5,1,S
71314,MTA,22,สารสนเทศศาสตร์,2.85,2.68,2560,2563,2,1,84040,เวียงสระ,สุราษฎร์ธานี,S,BDA,5,1,S
71588,DCA,22,สารสนเทศศาสตร์,3.31,2.89,2560,2563,2,0,80002,กัลยาณีศรีธรรมราช,นครศรีธรรมราช,S,BDA,7,3,S
71623,DCA,22,สารสนเทศศาสตร์,2.63,2.07,2560,2563,2,0,80002,กัลยาณีศรีธรรมราช,นครศรีธรรมราช,S,BDA,2,3,S
72242,DCA,22,สารสนเทศศาสตร์,2.39,2.58,2562,2564,2,0,99840127,เทศบาล 1 (เอ็งเสียงสามัคคี),สงขลา,S,BDA,7,2,S
72257,DCA,22,สารสนเทศศาสตร์,2.94,2.43,2562,2564,2,0,90048,หาดใหญ่วิทยาลัย,สงขลา,S,BDA,2,2,S
72166,ITD,22,สารสนเทศศาสตร์,3.57,2.88,2560,2563,3,1,80043,ทุ่งใหญ่วิทยาคม,นครศรีธรรมราช,S,BDA,7,1,S
72215,ITD,22,สารสนเทศศาสตร์,3.7,3.4,2560,2563,3,1,80087,สิชลประชาสรรค์,นครศรีธรรมราช,S,BDA,0,2,S
72272,DCA,22,สารสนเทศศาสตร์,2.49,3.39,2560,2563,2,1,81300103,อัสสัมชัญ นครราชสีมา,นครราชสีมา,EN,BDA,0,1,S
72284,ITD,22,สารสนเทศศาสตร์,2.77,1.98,2560,2563,3,0,96007,นราธิวาส,นราธิวาส,S,BDA,0,1,S
72323,DCA,22,สารสนเทศศาสตร์,3.63,3.8,2560,2563,2,0,99800001,สาธิตเทศบาลวัดเพชรจริก,นครศรีธรรมราช,S,BDA,0,3,S
72329,ITD,22,สารสนเทศศาสตร์,2.5,2.37,2560,2563,3,1,77301,ทับสะแกวิทยา,ประจวบคีรีขันธ์,W,BDA,0,2,S
72363,MTA,22,สารสนเทศศาสตร์,3.1,2.72,2560,2563,3,1,96026,อัตตัรกียะห์อิสลามียะห์,นราธิวาส,S,BDA,7,3,S
73895,MTA,22,สารสนเทศศาสตร์,2.75,2.78,2561,2564,2,1,84047,สุราษฎร์พิทยา,สุราษฎร์ธานี,S,BDB,8,3,S
73926,DCM,22,สารสนเทศศาสตร์,2.78,3.23,2562,2564,3,2,82004,ดีบุกพังงาวิทยายน,พังงา,S,BDB,2,2,S
73908,DCA,22,สารสนเทศศาสตร์,3.37,2.71,2561,2563,2,0,1080210774,เบญจมราชูทิศ นครศรีธรรมราช,นครศรีธรรมราช,S,BDB,8,3,S
73931,MTA,22,สารสนเทศศาสตร์,3.11,2.58,2561,2564,2,1,80037,ท่าศาลาประสิทธิ์ศึกษา,นครศรีธรรมราช,S,BDB,8,3,S
73944,DCA,22,สารสนเทศศาสตร์,3.13,2.73,2561,2564,2,1,92015,มัธยมวัดควนวิเศษมูลนิธิ,ตรัง,S,BDB,8,1,S
73985,MTA,22,สารสนเทศศาสตร์,2.98,3.08,2561,2564,2,1,84023,บางสวรรค์วิทยาคม,สุราษฎร์ธานี,S,BDB,8,2,S
74000,DCA,22,สารสนเทศศาสตร์,3.16,2.9,2561,2564,2,0,1083400060,เฉลิมพระเกียรติสมเด็จพระศรีนครินทร์ ภูเก็ต,ภูเก็ต,S,BDB,8,1,S
74015,MTA,22,สารสนเทศศาสตร์,2.71,2.65,2561,2564,3,1,84047,สุราษฎร์พิทยา,สุราษฎร์ธานี,S,BDB,8,2,S
74048,MTA,22,สารสนเทศศาสตร์,2.52,3.56,2561,2564,3,1,84103231,เทศบาลบ้านย่านยาว,พังงา,S,BDB,8,2,S
73055,DCA,22,สารสนเทศศาสตร์,3.21,3.03,2561,2563,2,0,86015,สอาดเผดิมวิทยา,ชุมพร,S,BDB,8,3,S
74059,MTA,22,สารสนเทศศาสตร์,2.71,3.25,2561,2564,3,1,40032002,พลวิทยา,สงขลา,S,BDB,8,1,S
74277,DCA,22,สารสนเทศศาสตร์,2.86,2.52,2562,2564,2,0,83007,สตรีภูเก็ต,ภูเก็ต,S,BDB,8,2,S
74079,DCA,22,สารสนเทศศาสตร์,2.78,2.81,2561,2564,2,1,80063,มุสลิมสันติธรรมมูลนิธิ,นครศรีธรรมราช,S,BDB,8,1,S
74082,MTA,22,สารสนเทศศาสตร์,3.5,3.54,2561,2564,2,1,40032002,พลวิทยา,สงขลา,S,BDB,8,1,S
74283,MTA,22,สารสนเทศศาสตร์,2.93,2.83,2562,2564,2,0,1083400060,เฉลิมพระเกียรติสมเด็จพระศรีนครินทร์ ภูเก็ต,ภูเก็ต,S,BDB,8,2,S
74112,DCM,22,สารสนเทศศาสตร์,3.33,3.32,2561,2564,3,1,80701,วิทยาลัยเทคนิคนครศรีธรรมราช,นครศรีธรรมราช,S,BDB,8,2,S
74136,MTA,22,สารสนเทศศาสตร์,2.96,3.27,2561,2564,2,1,80118,วิทยาลัยศิลปหัตถกรรมนครศรีธรรมราช,นครศรีธรรมราช,S,BDB,8,3,S
74160,DCA,22,สารสนเทศศาสตร์,3.08,2.54,2561,2564,2,1,80075,ศรีธรรมราชศึกษา,นครศรีธรรมราช,S,BDB,8,2,S
74178,MTA,22,สารสนเทศศาสตร์,3.17,3.42,2561,2564,2,1,96023,สุไหงโก-ลก,นราธิวาส,S,BDB,8,1,S
74294,MTA,22,สารสนเทศศาสตร์,3.22,2.92,2562,2564,3,0,80002,กัลยาณีศรีธรรมราช,นครศรีธรรมราช,S,BDB,8,2,S
73205,MTA,22,สารสนเทศศาสตร์,2.93,2.9,2561,2563,2,0,82007,"ตะกั่วป่า""เสนานุกูล""",พังงา,S,BDB,8,3,S
73209,DCA,22,สารสนเทศศาสตร์,3.61,2.95,2561,2563,2,0,93029,สตรีพัทลุง,พัทลุง,S,BDB,8,3,S
74217,ITD,22,สารสนเทศศาสตร์,3.4,2.82,2561,2564,2,0,85004,พิชัยรัตนาคาร,ระนอง,S,BDB,8,1,S
74228,MTA,22,สารสนเทศศาสตร์,3.08,3.16,2561,2564,2,0,90026,มหาวชิราวุธ จังหวัดสงขลา,สงขลา,S,BDB,4,1,S
74236,ITD,22,สารสนเทศศาสตร์,3.27,2.95,2561,2564,3,1,80075,ศรีธรรมราชศึกษา,นครศรีธรรมราช,S,BDB,8,1,S
74241,DCA,22,สารสนเทศศาสตร์,2.65,2.77,2561,2564,2,0,1083400060,เฉลิมพระเกียรติสมเด็จพระศรีนครินทร์ ภูเก็ต,ภูเก็ต,S,BDB,8,1,S
74253,MTA,22,สารสนเทศศาสตร์,2.93,3.01,2561,2564,2,1,84023,บางสวรรค์วิทยาคม,สุราษฎร์ธานี,S,BDB,8,2,S
73255,MTA,22,สารสนเทศศาสตร์,2.72,2.81,2561,2563,2,0,1083400060,เฉลิมพระเกียรติสมเด็จพระศรีนครินทร์ ภูเก็ต,ภูเก็ต,S,BDB,8,3,S
74356,MTA,22,สารสนเทศศาสตร์,3.62,3.32,2562,2564,2,0,1080210774,เบญจมราชูทิศ นครศรีธรรมราช,นครศรีธรรมราช,S,BDB,8,2,S
74390,MTA,22,สารสนเทศศาสตร์,2.97,2.85,2561,2564,2,1,84038,เมืองสุราษฎร์ธานี,สุราษฎร์ธานี,S,BDB,8,2,S
74407,MTA,22,สารสนเทศศาสตร์,3.25,3.63,2561,2564,2,1,80118,วิทยาลัยศิลปหัตถกรรมนครศรีธรรมราช,นครศรีธรรมราช,S,BDB,8,2,S
73333,MTA,22,สารสนเทศศาสตร์,3.29,2.88,2561,2563,3,0,1080210774,เบญจมราชูทิศ นครศรีธรรมราช,นครศรีธรรมราช,S,BDB,8,3,S
73335,ITD,22,สารสนเทศศาสตร์,2.69,2.97,2561,2563,3,0,80039,ทุ่งสง,นครศรีธรรมราช,S,BDB,8,3,S
74452,MTA,22,สารสนเทศศาสตร์,2.85,2.68,2562,2564,3,0,99840047,เทศบาลปลูกปัญญา ในประอุปถัมภ์,ภูเก็ต,S,BDB,8,2,S
74453,DCA,22,สารสนเทศศาสตร์,2.7,2.58,2561,2564,2,1,80086,สิชลคุณาธารวิทยา,นครศรีธรรมราช,S,BDB,8,2,S
74454,MTA,22,สารสนเทศศาสตร์,3.06,2.71,2561,2564,2,1,80052,ปากพนัง,นครศรีธรรมราช,S,BDB,8,3,S
74463,DCM,22,สารสนเทศศาสตร์,2.69,2.69,2561,2564,3,0,84004,เกาะสมุย,สุราษฎร์ธานี,S,BDB,8,1,S
74487,MTA,22,สารสนเทศศาสตร์,2.94,3.03,2561,2564,2,1,80118,วิทยาลัยศิลปหัตถกรรมนครศรีธรรมราช,นครศรีธรรมราช,S,BDB,8,1,S
74523,DCM,22,สารสนเทศศาสตร์,3.7,3.2,2562,2564,3,0,1080210774,เบญจมราชูทิศ นครศรีธรรมราช,นครศรีธรรมราช,S,BDB,8,2,S
73516,ITD,22,สารสนเทศศาสตร์,3.33,2.81,2561,2563,2,0,85004,พิชัยรัตนาคาร,ระนอง,S,BDB,8,3,S
74517,MTA,22,สารสนเทศศาสตร์,3,3.78,2561,2564,2,1,83104,วิทยาลัยอาชีวะศึกษาภูเก็ต,ภูเก็ต,S,BDB,8,3,S
74549,DCA,22,สารสนเทศศาสตร์,2.66,2.56,2561,2564,2,1,80064,เมืองนครศรีธรรมราช,นครศรีธรรมราช,S,BDB,8,1,S
74552,MTA,22,สารสนเทศศาสตร์,2.99,3.14,2561,2564,2,1,80701,วิทยาลัยเทคนิคนครศรีธรรมราช,นครศรีธรรมราช,S,BDB,8,1,S
74586,DCM,22,สารสนเทศศาสตร์,3.84,3.82,2561,2564,3,1,80701,วิทยาลัยเทคนิคนครศรีธรรมราช,นครศรีธรรมราช,S,BDB,8,3,S
74604,DCM,22,สารสนเทศศาสตร์,3.9,3.8,2561,2564,3,1,99840173,มัธยมเปี่ยมรัก,สุราษฎร์ธานี,S,BDB,8,3,S
73606,MTA,22,สารสนเทศศาสตร์,3.31,3.12,2561,2563,2,0,90019,นวมินทราชูทิศ ทักษิณ,สงขลา,S,BDB,8,3,S
74622,DCA,22,สารสนเทศศาสตร์,3.52,3.23,2562,2564,2,0,80002,กัลยาณีศรีธรรมราช,นครศรีธรรมราช,S,BDB,8,2,S
74628,ITD,22,สารสนเทศศาสตร์,3.04,3.09,2561,2564,3,1,99840033,พะตงวิทยามูลนิธิ,สงขลา,S,BDB,8,2,S
74647,MTA,22,สารสนเทศศาสตร์,2.64,2.51,2561,2564,2,1,80037,ท่าศาลาประสิทธิ์ศึกษา,นครศรีธรรมราช,S,BDB,8,0,S
74669,MTA,22,สารสนเทศศาสตร์,2.79,2.89,2561,2564,2,1,82009,ท้ายเหมืองวิทยา,พังงา,S,BDB,8,2,S
74699,DCA,22,สารสนเทศศาสตร์,2.66,2.96,2561,2564,2,1,99840131,ราชประชานุเคราะห์ 42 สตูล,สตูล,S,BDB,8,1,S
74739,DCA,22,สารสนเทศศาสตร์,2.9,2.53,2561,2564,2,1,80055,พรหมคีรีพิทยาคม,นครศรีธรรมราช,S,BDB,8,1,S
74744,MTA,22,สารสนเทศศาสตร์,3.46,3.43,2562,2564,2,0,80032,เตรียมอุดมศึกษาภาคใต้,นครศรีธรรมราช,S,BDB,8,2,S
74757,MTA,22,สารสนเทศศาสตร์,3.06,3.32,2561,2564,2,1,80701,วิทยาลัยเทคนิคนครศรีธรรมราช,นครศรีธรรมราช,S,BDB,8,1,S
74795,ITD,22,สารสนเทศศาสตร์,3.45,3.28,2561,2564,3,0,80002,กัลยาณีศรีธรรมราช,นครศรีธรรมราช,S,BDB,8,1,S
74827,MTA,22,สารสนเทศศาสตร์,3.25,2.74,2562,2564,2,0,82007,"ตะกั่วป่า""เสนานุกูล""",พังงา,S,BDB,8,2,S
74840,DCA,22,สารสนเทศศาสตร์,2.6,3.2,2561,2564,3,1,99840087,เทศบาล 1 (บ้านท่าตะเภา),ชุมพร,S,BDB,1,2,S
74860,MTA,22,สารสนเทศศาสตร์,3.1,3.08,2561,2564,2,0,80080,สตรีทุ่งสง,นครศรีธรรมราช,S,BDB,8,1,S
74862,MTA,22,สารสนเทศศาสตร์,3.04,3.11,2561,2564,2,1,96023,สุไหงโก-ลก,นราธิวาส,S,BDB,8,0,S
74868,MTA,22,สารสนเทศศาสตร์,2.99,3.09,2561,2564,3,1,83900410,พัฒนาศาสตร์มูลนิธิ,สงขลา,S,BDB,8,2,S
74878,DCA,22,สารสนเทศศาสตร์,2.57,3.35,2561,2564,2,1,84103231,เทศบาลบ้านย่านยาว,พังงา,S,BDB,8,2,S
73911,DCM,22,สารสนเทศศาสตร์,3.21,2.76,2561,2563,3,0,1080210774,เบญจมราชูทิศ นครศรีธรรมราช,นครศรีธรรมราช,S,BDB,8,3,S
74914,DCA,22,สารสนเทศศาสตร์,3.64,3.35,2561,2564,2,1,96026,อัตตัรกียะห์อิสลามียะห์,นราธิวาส,S,BDB,8,3,S
74917,DCA,22,สารสนเทศศาสตร์,2.45,2.54,2561,2564,2,1,80107,ท่านครญาณวโรภาสอุทิศ,นครศรีธรรมราช,S,BDB,8,1,S
74931,DCM,22,สารสนเทศศาสตร์,2.96,3.13,2561,2564,3,1,80701,วิทยาลัยเทคนิคนครศรีธรรมราช,นครศรีธรรมราช,S,BDB,8,2,S
74946,MTA,22,สารสนเทศศาสตร์,2.83,2.94,2561,2564,2,1,9,สุราษฏร์พิทยา2,สุราษฎร์ธานี,S,BDB,8,1,S
74953,ITD,22,สารสนเทศศาสตร์,3.32,3.05,2561,2564,2,1,83910310,อรุณศาสน์วิทยามูลนิธิ,สตูล,S,BDB,8,1,S
75004,DCM,22,สารสนเทศศาสตร์,3.68,3.59,2561,2564,3,1,84012011,เตรียมอุดมศึกษาพัฒนาการ สุราษฎร์ธานี,สุราษฎร์ธานี,S,BDB,3,1,S
75024,MTA,22,สารสนเทศศาสตร์,2.85,2.85,2561,2564,3,1,80075,ศรีธรรมราชศึกษา,นครศรีธรรมราช,S,BDB,3,2,S
75061,ITD,22,สารสนเทศศาสตร์,3.14,2.72,2561,2564,2,1,80075,ศรีธรรมราชศึกษา,นครศรีธรรมราช,S,BDB,3,1,S
75062,DCA,22,สารสนเทศศาสตร์,3.19,2.61,2561,2563,2,0,1080210774,เบญจมราชูทิศ นครศรีธรรมราช,นครศรีธรรมราช,S,BDB,3,3,S
75075,DCM,22,สารสนเทศศาสตร์,2.32,1.93,2561,2563,3,0,80002,กัลยาณีศรีธรรมราช,นครศรีธรรมราช,S,BDB,3,3,S
75082,DCA,22,สารสนเทศศาสตร์,2.44,1.67,2561,2564,3,1,80075,ศรีธรรมราชศึกษา,นครศรีธรรมราช,S,BDB,3,2,S
75091,DCA,22,สารสนเทศศาสตร์,2.52,2,2561,2564,2,1,80037,ท่าศาลาประสิทธิ์ศึกษา,นครศรีธรรมราช,S,BDB,3,2,S
75109,ITD,22,สารสนเทศศาสตร์,3.34,2.83,2561,2564,2,1,93021,พัทลุงพิทยาคม,พัทลุง,S,BDB,3,2,S
75118,MTA,22,สารสนเทศศาสตร์,2.35,1.9,2561,2564,2,1,80075,ศรีธรรมราชศึกษา,นครศรีธรรมราช,S,BDB,3,2,S
75233,DCA,22,สารสนเทศศาสตร์,2.62,2.54,2562,2564,2,0,81013,อำมาตย์พานิชนุกูล,กระบี่,S,BDB,3,2,S
75234,DCA,22,สารสนเทศศาสตร์,2.9,3.38,2561,2564,2,1,84030,พระแสงวิทยา,สุราษฎร์ธานี,S,BDB,3,1,S
75273,DCM,22,สารสนเทศศาสตร์,2.92,2.19,2561,2563,3,0,81013,อำมาตย์พานิชนุกูล,กระบี่,S,BDB,3,3,S
75274,ITD,22,สารสนเทศศาสตร์,3.18,2.75,2561,2564,2,1,80018,ฉวางรัชดาภิเษก,นครศรีธรรมราช,S,BDB,3,1,S
75286,ITD,22,สารสนเทศศาสตร์,2.85,2.43,2561,2564,3,0,90019,นวมินทราชูทิศ ทักษิณ,สงขลา,S,BDB,3,1,S
75306,MTA,22,สารสนเทศศาสตร์,3,2.11,2561,2564,2,1,80075,ศรีธรรมราชศึกษา,นครศรีธรรมราช,S,BDB,3,3,S
75325,ITD,22,สารสนเทศศาสตร์,2.96,2.43,2561,2564,3,1,92023,สวัสดิ์รัตนาภิมุข,ตรัง,S,BDB,3,1,S
75422,DCM,22,สารสนเทศศาสตร์,3.25,2.26,2562,2564,3,0,83007,สตรีภูเก็ต,ภูเก็ต,S,BDB,3,2,S
75424,DCA,22,สารสนเทศศาสตร์,2.21,2.04,2561,2564,3,1,80064,เมืองนครศรีธรรมราช,นครศรีธรรมราช,S,BDB,3,1,S
75490,DCA,22,สารสนเทศศาสตร์,2.39,2.15,2561,2564,3,1,80066,โยธินบำรุง,นครศรีธรรมราช,S,BDB,3,2,S
75500,DCM,22,สารสนเทศศาสตร์,2.35,2.41,2561,2564,3,1,80118,วิทยาลัยศิลปหัตถกรรมนครศรีธรรมราช,นครศรีธรรมราช,S,BDB,3,3,S
75524,DCA,22,สารสนเทศศาสตร์,2.89,2.34,2562,2564,2,0,84045,สุราษฎร์ธานี,สุราษฎร์ธานี,S,BDB,3,2,S
75507,DCA,22,สารสนเทศศาสตร์,2.38,2.56,2561,2564,3,1,80042,ทุ่งใหญ่เฉลิมราชอนุสรณ์ รัชมังคลาภิเษก,นครศรีธรรมราช,S,BDB,3,1,S
75528,DCA,22,สารสนเทศศาสตร์,2.26,2.23,2562,2564,3,0,80032,เตรียมอุดมศึกษาภาคใต้,นครศรีธรรมราช,S,BDB,3,2,S
75793,DCA,22,สารสนเทศศาสตร์,2.49,2.28,2561,2564,2,1,80066,โยธินบำรุง,นครศรีธรรมราช,S,BDB,9,3,S
75808,DCA,22,สารสนเทศศาสตร์,2.08,2.47,2561,2564,2,0,99840040,ธิดาแม่พระ,สุราษฎร์ธานี,S,BDB,9,1,S
75813,ITD,22,สารสนเทศศาสตร์,3.29,3.13,2561,2564,2,1,80406,วิทยาลัยเทคนิคสิชล,นครศรีธรรมราช,S,BDB,9,3,S
75850,MTA,22,สารสนเทศศาสตร์,2.8,2.23,2561,2564,2,0,90048,หาดใหญ่วิทยาลัย,สงขลา,S,BDB,9,1,S
75857,MTA,22,สารสนเทศศาสตร์,2.38,2.08,2561,2564,3,1,84023,บางสวรรค์วิทยาคม,สุราษฎร์ธานี,S,BDB,9,1,S
75860,DCA,22,สารสนเทศศาสตร์,2.77,2.53,2561,2564,2,0,81013,อำมาตย์พานิชนุกูล,กระบี่,S,BDB,9,1,S
75869,MTA,22,สารสนเทศศาสตร์,2.82,2.89,2561,2564,2,1,83100016,มุสลิมวิทยาภูเก็ต,ภูเก็ต,S,BDB,9,2,S
75932,DCA,22,สารสนเทศศาสตร์,2.38,2.31,2561,2563,2,0,90026,มหาวชิราวุธ จังหวัดสงขลา,สงขลา,S,BDB,9,3,S
75956,MTA,22,สารสนเทศศาสตร์,2.89,2.31,2561,2564,2,1,80055,พรหมคีรีพิทยาคม,นครศรีธรรมราช,S,BDB,9,2,S
75961,MTA,22,สารสนเทศศาสตร์,2.35,1.92,2561,2564,3,1,80055,พรหมคีรีพิทยาคม,นครศรีธรรมราช,S,BDB,9,1,S
76055,ITD,22,สารสนเทศศาสตร์,3.17,2.52,2561,2564,3,1,80058,พิปูนสังฆรักษ์ประชาอุทิศ,นครศรีธรรมราช,S,BDB,9,2,S
76285,DCM,22,สารสนเทศศาสตร์,3.2,3.29,2562,2564,3,0,1083400060,เฉลิมพระเกียรติสมเด็จพระศรีนครินทร์ ภูเก็ต,ภูเก็ต,S,BDB,9,2,S
76121,DCA,22,สารสนเทศศาสตร์,3.46,2.35,2561,2564,3,0,70803,บรมราชินีนาถราชวิทยาลัย,ราชบุรี,W,BDB,9,1,S
76174,DCA,22,สารสนเทศศาสตร์,3.07,2.68,2561,2564,2,1,80052,ปากพนัง,นครศรีธรรมราช,S,BDB,9,0,S
76192,ITD,22,สารสนเทศศาสตร์,2.78,2.34,2561,2564,2,1,80075,ศรีธรรมราชศึกษา,นครศรีธรรมราช,S,BDB,9,1,S
76210,DCM,22,สารสนเทศศาสตร์,3.03,2.03,2561,2563,3,0,56902,เฉลิมพระเกียรติสมเด็จพระศรีนครินทร์ ลพบุรี,ลพบุรี,C,BDB,9,3,S
76248,DCM,22,สารสนเทศศาสตร์,2.6,2.23,2561,2564,3,1,80075,ศรีธรรมราชศึกษา,นครศรีธรรมราช,S,BDB,9,1,S
76239,MTA,22,สารสนเทศศาสตร์,2.9,2.93,2561,2563,2,0,50130,ดาราวิทยาลัย,เชียงใหม่,N,BDB,9,3,S
76251,DCA,22,สารสนเทศศาสตร์,2.98,3.02,2561,2564,2,1,81012,อ่าวลึกประชาสรรค์,กระบี่,S,BDB,9,3,S
76272,DCA,22,สารสนเทศศาสตร์,2.92,2.52,2562,2564,2,0,83007,สตรีภูเก็ต,ภูเก็ต,S,BDB,9,2,S
76282,MTA,22,สารสนเทศศาสตร์,2.45,2.27,2561,2564,3,1,80037,ท่าศาลาประสิทธิ์ศึกษา,นครศรีธรรมราช,S,BDB,9,1,S
76287,MTA,22,สารสนเทศศาสตร์,3.32,2.34,2561,2564,2,0,74102,สมุทรสาครบูรณะ,สมุทรสาคร,B,BDB,9,1,S
76566,DCM,22,สารสนเทศศาสตร์,3.27,3.74,2561,2564,3,1,80701,วิทยาลัยเทคนิคนครศรีธรรมราช,นครศรีธรรมราช,S,BDB,9,2,S
76709,DCA,22,สารสนเทศศาสตร์,3.75,2.69,2561,2563,2,0,80002,กัลยาณีศรีธรรมราช,นครศรีธรรมราช,S,BDB,0,3,S
76737,DCA,22,สารสนเทศศาสตร์,3.19,2.57,2561,2564,2,0,80002,กัลยาณีศรีธรรมราช,นครศรีธรรมราช,S,BDB,0,1,S
76767,DCA,22,สารสนเทศศาสตร์,3,2.61,2561,2564,2,1,80037,ท่าศาลาประสิทธิ์ศึกษา,นครศรีธรรมราช,S,BDB,0,1,S
76768,DCM,22,สารสนเทศศาสตร์,2.07,1.93,2561,2563,3,0,1080210774,เบญจมราชูทิศ นครศรีธรรมราช,นครศรีธรรมราช,S,BDB,0,3,S
76827,DCA,22,สารสนเทศศาสตร์,2.72,2.57,2561,2564,2,1,86003,ท่าแซะรัชดาภิเษก,ชุมพร,S,BDB,0,1,S
76859,DCM,22,สารสนเทศศาสตร์,2.92,2.29,2561,2563,3,0,80032,เตรียมอุดมศึกษาภาคใต้,นครศรีธรรมราช,S,BDB,10,3,S
76880,DCA,22,สารสนเทศศาสตร์,2.76,2.99,2561,2564,2,1,91001,กำแพงวิทยา,สตูล,S,BDB,0,1,S
76913,MTA,22,สารสนเทศศาสตร์,3.12,3,2561,2564,3,1,80058,พิปูนสังฆรักษ์ประชาอุทิศ,นครศรีธรรมราช,S,BDB,10,2,S
76944,DCM,22,สารสนเทศศาสตร์,2.88,3.16,2561,2564,3,1,76101,พรหมานุสรณ์ เพชรบุรี,เพชรบุรี,W,BDB,0,2,S
76946,DCM,22,สารสนเทศศาสตร์,2.61,2.22,2561,2564,3,1,8183010,ดาวรุ่งวิทยา,ภูเก็ต,S,BDB,10,3,S
77364,DCM,22,สารสนเทศศาสตร์,2.44,2.96,2561,2564,3,1,84110,วิทยาลัยอาชีวศึกษาสุราษฎร์ธานี,สุราษฎร์ธานี,S,BDB,10,1,S
77384,DCA,22,สารสนเทศศาสตร์,2.4,2.6,2561,2564,2,1,84110,วิทยาลัยอาชีวศึกษาสุราษฎร์ธานี,สุราษฎร์ธานี,S,BDB,10,3,S
77484,DCA,22,สารสนเทศศาสตร์,2.68,2.73,2561,2564,2,1,80075,ศรีธรรมราชศึกษา,นครศรีธรรมราช,S,BDB,10,3,S
77485,DCA,22,สารสนเทศศาสตร์,3.02,3.2,2561,2564,2,1,80037,ท่าศาลาประสิทธิ์ศึกษา,นครศรีธรรมราช,S,BDB,10,1,S
78285,IMI,22,สารสนเทศศาสตร์,3.53,3.43,2562,2564,2,1,84019,ทีปราษฎร์พิทยา,สุราษฎร์ธานี,S,BDC,8,1,S
78300,MTA,22,สารสนเทศศาสตร์,3.19,3.05,2562,2564,3,0,90048,หาดใหญ่วิทยาลัย,สงขลา,S,BDC,8,1,S
78309,ITD,22,สารสนเทศศาสตร์,3.61,3.14,2562,2564,2,1,92016,ย่านตาขาวรัฐชนูปถัมภ์,ตรัง,S,BDC,8,1,S
78318,ITD,22,สารสนเทศศาสตร์,3.35,2.83,2562,2564,2,0,82004,ดีบุกพังงาวิทยายน,พังงา,S,BDC,8,3,S
78346,MTA,22,สารสนเทศศาสตร์,3.21,3.09,2562,2564,3,1,80075,ศรีธรรมราชศึกษา,นครศรีธรรมราช,S,BDC,8,3,S
78362,DCM,22,สารสนเทศศาสตร์,3.73,2.23,2562,2564,3,0,93020,พัทลุง,พัทลุง,S,BDC,3,2,S
78370,DCA,22,สารสนเทศศาสตร์,3.79,3.26,2562,2564,3,0,80002,กัลยาณีศรีธรรมราช,นครศรีธรรมราช,S,BDC,9,3,S
78383,ITD,22,สารสนเทศศาสตร์,3.41,2.92,2562,2564,2,1,80037,ท่าศาลาประสิทธิ์ศึกษา,นครศรีธรรมราช,S,BDC,8,1,S
78406,DCM,22,สารสนเทศศาสตร์,3.73,3.14,2562,2564,3,1,92024,สามัคคีศึกษา,ตรัง,S,BDC,12,1,S
78408,DCA,22,สารสนเทศศาสตร์,3.12,3.03,2562,2564,3,1,80037,ท่าศาลาประสิทธิ์ศึกษา,นครศรีธรรมราช,S,BDC,8,1,S
78428,IMI,22,สารสนเทศศาสตร์,3.39,3.52,2562,2564,2,1,80075,ศรีธรรมราชศึกษา,นครศรีธรรมราช,S,BDC,8,3,S
78433,DCM,22,สารสนเทศศาสตร์,3.55,2.96,2562,2564,3,0,92020,วิเชียรมาตุ,ตรัง,S,BDC,8,1,S
78438,DCM,22,สารสนเทศศาสตร์,2.27,2.13,2562,2564,3,1,80075,ศรีธรรมราชศึกษา,นครศรีธรรมราช,S,BDC,3,2,S
78446,IMI,22,สารสนเทศศาสตร์,3.35,3.07,2562,2564,2,1,80075,ศรีธรรมราชศึกษา,นครศรีธรรมราช,S,BDC,8,1,S
78450,MTA,22,สารสนเทศศาสตร์,2.71,2.86,2562,2564,3,1,92601,วิทยาลัยการอาชีพห้วยยอด,ตรัง,S,BDC,8,1,S
78452,ITD,22,สารสนเทศศาสตร์,3.26,2.83,2562,2564,2,0,90048,หาดใหญ่วิทยาลัย,สงขลา,S,BDC,8,2,S
78461,DCA,22,สารสนเทศศาสตร์,2.86,2.58,2562,2564,3,1,93030,หารเทารังสีประชาสรรค์,พัทลุง,S,BDC,8,1,S
78490,DCA,22,สารสนเทศศาสตร์,2.95,2.71,2562,2564,3,1,84034,พุนพินพิทยาคม,สุราษฎร์ธานี,S,BDC,8,3,S
78393,MTA,22,สารสนเทศศาสตร์,3.57,2.97,2562,2564,3,0,93020,พัทลุง,พัทลุง,S,BDC,3,3,S
78522,DCM,22,สารสนเทศศาสตร์,3.67,3.28,2562,2564,3,0,1080210774,เบญจมราชูทิศ นครศรีธรรมราช,นครศรีธรรมราช,S,BDC,8,2,S
78506,MTA,22,สารสนเทศศาสตร์,3.45,3.05,2562,2564,3,1,90027,มัธยมสิริวัณวรี 2 สงขลา,สงขลา,S,BDC,9,1,S
78507,DCA,22,สารสนเทศศาสตร์,2.88,3.49,2562,2564,3,1,4,วิทยาลัยอาชีวศึกษาเชียงราย,เชียงราย,N,BDC,9,3,S
78553,MTA,22,สารสนเทศศาสตร์,2.96,3.04,2562,2564,3,1,9,สุราษฏร์พิทยา2,สุราษฎร์ธานี,S,BDC,3,1,S
78554,DCM,22,สารสนเทศศาสตร์,3.59,2.42,2562,2564,3,1,84047,สุราษฎร์พิทยา,สุราษฎร์ธานี,S,BDC,3,3,S
78555,DCM,22,สารสนเทศศาสตร์,3.2,2.63,2562,2564,3,1,80037,ท่าศาลาประสิทธิ์ศึกษา,นครศรีธรรมราช,S,BDC,8,2,S
78571,ITD,22,สารสนเทศศาสตร์,3.71,2.78,2562,2564,2,0,99800001,สาธิตเทศบาลวัดเพชรจริก,นครศรีธรรมราช,S,BDC,8,3,S
78573,MTA,22,สารสนเทศศาสตร์,2.77,2.81,2562,2564,3,0,80002,กัลยาณีศรีธรรมราช,นครศรีธรรมราช,S,BDC,3,3,S
78587,DCA,22,สารสนเทศศาสตร์,3.08,3.06,2562,2564,3,0,84004,เกาะสมุย,สุราษฎร์ธานี,S,BDC,8,1,S
78601,MTA,22,สารสนเทศศาสตร์,2.84,2.81,2562,2564,3,0,93020,พัทลุง,พัทลุง,S,BDC,3,1,S
78602,DCM,22,สารสนเทศศาสตร์,3.03,2.51,2562,2564,3,1,80075,ศรีธรรมราชศึกษา,นครศรีธรรมราช,S,BDC,8,3,S
78610,DCA,22,สารสนเทศศาสตร์,2.89,2.92,2562,2564,3,1,80014,จรัสพิชากร,นครศรีธรรมราช,S,BDC,8,3,S
78620,ITD,22,สารสนเทศศาสตร์,3.31,3.27,2562,2564,2,1,81007,เมืองกระบี่,กระบี่,S,BDC,3,2,S
78621,MTA,22,สารสนเทศศาสตร์,2.6,3.62,2562,2564,3,1,99840178,วิทยาลัยเทคโนโลยีหาดใหญ่อำนวยวิทย์,สงขลา,S,BDC,8,1,S
78628,IMI,22,สารสนเทศศาสตร์,3.62,3.27,2562,2564,2,1,80100052,ประทีปศาสน์,นครศรีธรรมราช,S,BDC,3,1,S
78653,DCA,22,สารสนเทศศาสตร์,3.24,3.17,2562,2564,3,1,80037,ท่าศาลาประสิทธิ์ศึกษา,นครศรีธรรมราช,S,BDC,8,1,S
78660,MTA,22,สารสนเทศศาสตร์,2.64,2.94,2562,2564,3,1,80037,ท่าศาลาประสิทธิ์ศึกษา,นครศรีธรรมราช,S,BDC,8,3,S
78661,MTA,22,สารสนเทศศาสตร์,2.7,2.68,2562,2564,3,1,81006,พนมเบญจา,กระบี่,S,BDC,8,2,S
78662,DCA,22,สารสนเทศศาสตร์,3.07,2.92,2562,2564,3,0,92013,บูรณะรำลึก,ตรัง,S,BDC,3,3,S
78665,DCA,22,สารสนเทศศาสตร์,3.2,2.78,2562,2564,3,1,10304,เตรียมอุดมศึกษาสุวินทวงศ์,กรุงเทพมหานคร,B,BDC,9,2,S
78680,ITD,22,สารสนเทศศาสตร์,3.45,3.16,2562,2564,2,1,80906,ปัญญาสารธรรมมูลนิธิ,นครศรีธรรมราช,S,BDC,8,3,S
78698,ITD,22,สารสนเทศศาสตร์,3.14,3.46,2562,2564,2,1,93026,ศาสนูปถัมภ์ปากพะยูนมูลนิธิ,พัทลุง,S,BDC,9,1,S
78713,ITD,22,สารสนเทศศาสตร์,3.07,2.89,2562,2564,2,0,84004,เกาะสมุย,สุราษฎร์ธานี,S,BDC,8,3,S
78718,DCA,22,สารสนเทศศาสตร์,3.12,2.58,2562,2564,3,0,96007,นราธิวาส,นราธิวาส,S,BDC,8,1,S
78726,DCA,22,สารสนเทศศาสตร์,2.88,2.85,2562,2564,3,1,93017,ป่าพะยอมพิทยาคม,พัทลุง,S,BDC,8,1,S
78727,DCA,22,สารสนเทศศาสตร์,3.15,2.93,2562,2564,3,0,80002,กัลยาณีศรีธรรมราช,นครศรีธรรมราช,S,BDC,8,1,S
78733,ITD,22,สารสนเทศศาสตร์,2.83,3.13,2562,2564,2,0,84004,เกาะสมุย,สุราษฎร์ธานี,S,BDC,8,3,S
78767,MTA,22,สารสนเทศศาสตร์,3.5,3.22,2562,2564,3,1,92017,รัษฎา,ตรัง,S,BDC,8,1,S
78780,DCA,22,สารสนเทศศาสตร์,2.62,2.8,2562,2564,3,1,80037,ท่าศาลาประสิทธิ์ศึกษา,นครศรีธรรมราช,S,BDC,3,3,S
78783,MTA,22,สารสนเทศศาสตร์,2.88,3.55,2562,2564,3,1,84101,วิทยาลัยเทคนิคสุราษฎร์ธานี,สุราษฎร์ธานี,S,BDC,8,1,S
78790,IMI,22,สารสนเทศศาสตร์,3.64,3.25,2562,2564,2,1,80100052,ประทีปศาสน์,นครศรีธรรมราช,S,BDC,8,2,S
78813,ITD,22,สารสนเทศศาสตร์,3.12,3.1,2562,2564,2,1,80092,หัวไทรบำรุงราษฎร์,นครศรีธรรมราช,S,BDC,8,1,S
78837,IMI,22,สารสนเทศศาสตร์,3.92,3.32,2562,2564,2,2,82004,ดีบุกพังงาวิทยายน,พังงา,S,BDC,8,2,S
78845,DCA,22,สารสนเทศศาสตร์,3.15,2.93,2562,2564,3,1,99840178,วิทยาลัยเทคโนโลยีหาดใหญ่อำนวยวิทย์,สงขลา,S,BDC,8,1,S
78852,IMI,22,สารสนเทศศาสตร์,3.62,2.66,2562,2564,2,0,93020,พัทลุง,พัทลุง,S,BDC,8,2,S
78879,ITD,22,สารสนเทศศาสตร์,3.37,2.56,2562,2564,2,1,80037,ท่าศาลาประสิทธิ์ศึกษา,นครศรีธรรมราช,S,BDC,8,1,S
78890,DCA,22,สารสนเทศศาสตร์,2.87,2.97,2562,2564,3,1,80037,ท่าศาลาประสิทธิ์ศึกษา,นครศรีธรรมราช,S,BDC,8,1,S
78901,IMI,22,สารสนเทศศาสตร์,3.11,3.09,2562,2564,2,1,80075,ศรีธรรมราชศึกษา,นครศรีธรรมราช,S,BDC,8,2,S
78902,MTA,22,สารสนเทศศาสตร์,2.52,2.75,2562,2564,3,1,80075,ศรีธรรมราชศึกษา,นครศรีธรรมราช,S,BDC,3,1,S
78907,DCA,22,สารสนเทศศาสตร์,3.37,2.98,2562,2564,3,0,92013,บูรณะรำลึก,ตรัง,S,BDC,8,3,S
78908,DCM,22,สารสนเทศศาสตร์,3.18,3.17,2562,2564,3,1,81900101,วชิรานุกูล,สงขลา,S,BDC,8,3,S
78915,DCM,22,สารสนเทศศาสตร์,3.32,3.02,2562,2564,3,1,80107,ท่านครญาณวโรภาสอุทิศ,นครศรีธรรมราช,S,BDC,3,1,S
78924,DCA,22,สารสนเทศศาสตร์,2.75,2.88,2562,2564,3,1,84110,วิทยาลัยอาชีวศึกษาสุราษฎร์ธานี,สุราษฎร์ธานี,S,BDC,8,1,S
78926,DCA,22,สารสนเทศศาสตร์,3.28,2.78,2562,2564,3,0,80002,กัลยาณีศรีธรรมราช,นครศรีธรรมราช,S,BDC,3,3,S
78938,IMI,22,สารสนเทศศาสตร์,3.1,2.69,2562,2564,2,0,84045,สุราษฎร์ธานี,สุราษฎร์ธานี,S,BDC,3,3,S
78955,MTA,22,สารสนเทศศาสตร์,2.83,2.66,2562,2564,3,0,80002,กัลยาณีศรีธรรมราช,นครศรีธรรมราช,S,BDC,8,3,S
78965,MTA,22,สารสนเทศศาสตร์,2.95,2.59,2562,2564,3,0,84045,สุราษฎร์ธานี,สุราษฎร์ธานี,S,BDC,8,3,S
78996,DCA,22,สารสนเทศศาสตร์,2.92,2.6,2562,2564,3,1,83301,กะทู้วิทยา,ภูเก็ต,S,BDC,3,3,S
79016,ITD,22,สารสนเทศศาสตร์,2.91,2.77,2562,2564,2,1,80037,ท่าศาลาประสิทธิ์ศึกษา,นครศรีธรรมราช,S,BDC,8,2,S
79229,DCA,22,สารสนเทศศาสตร์,2.99,2.92,2562,2564,3,0,92020,วิเชียรมาตุ,ตรัง,S,BDC,8,2,S
79033,MTA,22,สารสนเทศศาสตร์,2.86,2.96,2562,2564,3,1,80037,ท่าศาลาประสิทธิ์ศึกษา,นครศรีธรรมราช,S,BDC,8,1,S
79032,IMI,22,สารสนเทศศาสตร์,3.16,2.58,2562,2564,2,0,83007,สตรีภูเก็ต,ภูเก็ต,S,BDC,8,3,S
79050,IMI,22,สารสนเทศศาสตร์,3.59,3.25,2562,2564,2,1,90030,รุ่งโรจน์วิทยา,สงขลา,S,BDC,8,1,S
79055,DCM,22,สารสนเทศศาสตร์,3.38,2.78,2562,2564,3,1,2,มัดร่อซาตุลอุลูมิดดีน,นครศรีธรรมราช,S,BDC,8,3,S
79063,MTA,22,สารสนเทศศาสตร์,3.52,3.27,2562,2564,3,1,86013,สวนศรีวิทยา,ชุมพร,S,BDC,8,1,S
79067,ITD,22,สารสนเทศศาสตร์,2.6,2.05,2562,2564,2,1,80075,ศรีธรรมราชศึกษา,นครศรีธรรมราช,S,BDC,9,1,S
79071,IMI,22,สารสนเทศศาสตร์,3.5,3.13,2562,2564,3,1,80075,ศรีธรรมราชศึกษา,นครศรีธรรมราช,S,BDC,8,2,S
79098,DCM,22,สารสนเทศศาสตร์,3.45,3.55,2562,2564,3,1,36901,เทพสถิตวิทยา,ชัยภูมิ,EN,BDC,13,1,S
79226,DCM,22,สารสนเทศศาสตร์,3.79,3.64,2562,2564,3,0,1083400060,เฉลิมพระเกียรติสมเด็จพระศรีนครินทร์ ภูเก็ต,ภูเก็ต,S,BDC,8,2,S
79128,DCA,22,สารสนเทศศาสตร์,2.93,2.56,2562,2564,3,1,81840101,เทพมิตรศึกษา,สุราษฎร์ธานี,S,BDC,8,2,S
79133,MTA,22,สารสนเทศศาสตร์,3.24,3.15,2562,2564,3,1,3802102,นบพิตำวิทยา,นครศรีธรรมราช,S,BDC,8,1,S
79138,IMI,22,สารสนเทศศาสตร์,3.61,2.9,2562,2564,2,0,80032,เตรียมอุดมศึกษาภาคใต้,นครศรีธรรมราช,S,BDC,3,3,S
79175,DCA,22,สารสนเทศศาสตร์,2.96,2.95,2562,2564,3,1,93017,ป่าพะยอมพิทยาคม,พัทลุง,S,BDC,3,1,S
79228,IMI,22,สารสนเทศศาสตร์,3.35,2.98,2562,2564,2,1,80015,วิทยาศาสตร์จุฬาภรณราชวิทยาลัย นครศรีธรรมราช,นครศรีธรรมราช,S,BDC,3,0,S
79233,MTA,22,สารสนเทศศาสตร์,2.67,2.63,2562,2564,3,0,80080,สตรีทุ่งสง,นครศรีธรรมราช,S,BDC,3,3,S
79241,MTA,22,สารสนเทศศาสตร์,3.15,2.75,2562,2564,3,1,80028,เชียรใหญ่,นครศรีธรรมราช,S,BDC,3,1,S
79262,MTA,22,สารสนเทศศาสตร์,3.29,2.79,2562,2564,3,1,99840001,เทศบาล 5,สุราษฎร์ธานี,S,BDC,8,2,S
79263,DCA,22,สารสนเทศศาสตร์,3.21,2.69,2562,2564,3,1,92022,สภาราชินี 2,ตรัง,S,BDC,8,2,S
79273,ITD,22,สารสนเทศศาสตร์,3.43,2.78,2562,2564,2,0,80002,กัลยาณีศรีธรรมราช,นครศรีธรรมราช,S,BDC,8,2,S
79280,DCM,22,สารสนเทศศาสตร์,3.62,3.02,2562,2564,3,1,92024,สามัคคีศึกษา,ตรัง,S,BDC,3,1,S
79304,DCA,22,สารสนเทศศาสตร์,2.65,3.1,2562,2564,3,1,81007,เมืองกระบี่,กระบี่,S,BDC,8,2,S
79317,MTA,22,สารสนเทศศาสตร์,2.87,2.85,2562,2564,3,1,80118,วิทยาลัยศิลปหัตถกรรมนครศรีธรรมราช,นครศรีธรรมราช,S,BDC,8,2,S
79322,MTA,22,สารสนเทศศาสตร์,3.52,3.47,2562,2564,3,1,92016,ย่านตาขาวรัฐชนูปถัมภ์,ตรัง,S,BDC,8,1,S
79371,DCM,22,สารสนเทศศาสตร์,3.28,2.84,2562,2564,3,1,80092,หัวไทรบำรุงราษฎร์,นครศรีธรรมราช,S,BDC,8,1,S
79450,DCM,22,สารสนเทศศาสตร์,3.23,3.62,2562,2564,3,1,81006,พนมเบญจา,กระบี่,S,BDC,8,2,S
79451,IMI,22,สารสนเทศศาสตร์,3.63,3.23,2562,2564,2,1,80075,ศรีธรรมราชศึกษา,นครศรีธรรมราช,S,BDC,8,1,S
79459,IMI,22,สารสนเทศศาสตร์,3.14,3.14,2562,2564,2,1,80075,ศรีธรรมราชศึกษา,นครศรีธรรมราช,S,BDC,8,2,S
79468,MTA,22,สารสนเทศศาสตร์,3.38,2.9,2562,2564,3,0,81013,อำมาตย์พานิชนุกูล,กระบี่,S,BDC,8,2,S
79482,ITD,22,สารสนเทศศาสตร์,3.15,3.49,2562,2564,3,1,1,บ้านทับวัง,ชุมพร,S,BDC,8,3,S
79490,IMI,22,สารสนเทศศาสตร์,3.82,3.34,2562,2564,3,1,96026,อัตตัรกียะห์อิสลามียะห์,นราธิวาส,S,BDC,1,1,S
79536,MTA,22,สารสนเทศศาสตร์,3.64,3.02,2562,2564,3,0,99840077,ปัญญาวิทย์,ตรัง,S,BDC,9,1,S
79598,DCA,22,สารสนเทศศาสตร์,3.21,2.59,2562,2564,3,0,81013,อำมาตย์พานิชนุกูล,กระบี่,S,BDC,9,3,S
79672,DCM,22,สารสนเทศศาสตร์,3.11,2.81,2562,2564,3,1,80701,วิทยาลัยเทคนิคนครศรีธรรมราช,นครศรีธรรมราช,S,BDC,9,1,S
79741,DCA,22,สารสนเทศศาสตร์,3,2.76,2562,2564,3,1,80037,ท่าศาลาประสิทธิ์ศึกษา,นครศรีธรรมราช,S,BDC,9,2,S
79823,DCA,22,สารสนเทศศาสตร์,3.08,2.83,2562,2564,3,0,80002,กัลยาณีศรีธรรมราช,นครศรีธรรมราช,S,BDC,0,3,S
79864,DCA,22,สารสนเทศศาสตร์,3.11,3.46,2562,2564,3,1,93026,ศาสนูปถัมภ์ปากพะยูนมูลนิธิ,พัทลุง,S,BDC,0,1,S
79895,DCA,22,สารสนเทศศาสตร์,3.5,3.2,2562,2564,3,0,80002,กัลยาณีศรีธรรมราช,นครศรีธรรมราช,S,BDC,0,1,S
79904,DCA,22,สารสนเทศศาสตร์,2.58,2.11,2562,2564,3,1,80406,วิทยาลัยเทคนิคสิชล,นครศรีธรรมราช,S,BDC,0,3,S
79912,DCA,22,สารสนเทศศาสตร์,2.68,2.18,2562,2564,3,1,80111,วิทยาลัยอาชีวศึกษานครศรีธรรมราช,นครศรีธรรมราช,S,BDC,0,2,S
79921,DCA,22,สารสนเทศศาสตร์,3.82,3.59,2562,2564,3,0,99840072,เทศบาล ๒ (วัดกะพังสุรินทร์),ตรัง,S,BDC,0,1,S
80009,DCM,22,สารสนเทศศาสตร์,2.87,1.68,2562,2564,3,0,10602,นวมินทราชินูทิศ สตรีวิทยา 2,กรุงเทพมหานคร,B,BDC,0,3,S
80014,IMI,22,สารสนเทศศาสตร์,3.03,2.53,2562,2564,2,1,80075,ศรีธรรมราชศึกษา,นครศรีธรรมราช,S,BDC,0,2,S
80058,DCA,22,สารสนเทศศาสตร์,2.9,2.9,2562,2564,3,1,57701,หัวหิน,ประจวบคีรีขันธ์,W,BDC,0,1,S
80066,DCA,22,สารสนเทศศาสตร์,3.53,3.49,2562,2564,3,1,90005,ควนเนียงวิทยา,สงขลา,S,BDC,0,2,S
80172,DCM,22,สารสนเทศศาสตร์,3.46,2.84,2562,2564,3,1,84100064,ดารุสสลามวิทยา,สุราษฎร์ธานี,S,BDC,0,2,S
80177,ITD,22,สารสนเทศศาสตร์,2.79,1.81,2562,2564,2,1,80075,ศรีธรรมราชศึกษา,นครศรีธรรมราช,S,BDC,0,1,S
80186,DCM,22,สารสนเทศศาสตร์,3.24,2.6,2562,2564,3,1,80066,โยธินบำรุง,นครศรีธรรมราช,S,BDC,0,2,S
80269,DCM,22,สารสนเทศศาสตร์,3.05,2.73,2562,2564,3,1,80906,ปัญญาสารธรรมมูลนิธิ,นครศรีธรรมราช,S,BDC,10,2,S
80276,DCA,22,สารสนเทศศาสตร์,2.66,3.21,2562,2564,3,1,80009,คงคาประชารักษ์,นครศรีธรรมราช,S,BDC,10,1,S
