SD_ID,BRANCH,F_ID,F_NAME,GPA,ENTRY-GPA,STATUS,ADMITACADYEAR,ACADYEAR,SEMESTER,STUDENTSTATUS.STUDENTSTATUS,S_NAME,S_TYPE,PID,P_NAME,R_NAME,OUTLAY,ENTRYNAME,CHOICENAME,,,,
65231,DCA,22,INFO,2.23,2.73,40,2559,2562,2,40,ศึกษาสงเคราะห์สุราษฎร์ธานี,โรงเรียนทั่วไป,84,สุราษฎร์ธานี,ภาคใต้,BDA,โควตา 14 จังหวัดภาคใต้และประจวบคีรีขันธ์,"12,500-25,000 บาทต่อเดือน",,,,
65232,MTA,22,INFO,2.3,2.36,40,2559,2562,3,40,สตรีพัทลุง,โรงเรียนมีชื่อเสียง,93,พัทลุง,ภาคใต้,BDA,โควตา 14 จังหวัดภาคใต้และประจวบคีรีขันธ์,"น้อยกว่า 12,500 บาทต่อเดือน",,,,
65250,DCM,22,INFO,2.41,2.06,40,2559,2562,3,40,เบญจมราชูทิศ นครศรีธรรมราช,โรงเรียนมีชื่อเสียง,80,นครศรีธรรมราช,ภาคใต้,BDA,โควตา 14 จังหวัดภาคใต้และประจวบคีรีขันธ์,"มากกว่า 25,000 บาทต่อเดือน",,,,
65260,MTA,22,INFO,2.38,2.76,40,2559,2562,3,40,ธิดาแม่พระ,โรงเรียนมีชื่อเสียง,84,สุราษฎร์ธานี,ภาคใต้,BDA,โควตา 14 จังหวัดภาคใต้และประจวบคีรีขันธ์,"น้อยกว่า 12,500 บาทต่อเดือน",,,,
65269,MTA,22,INFO,2.15,2.18,40,2559,2562,3,40,โรงเรียนผู้ใหญ่วรนารีเฉลิม,โรงเรียนทั่วไป,90,สงขลา,ภาคใต้,BDA,โควตา 14 จังหวัดภาคใต้และประจวบคีรีขันธ์,ไม่มีรายได้,,,,
65272,DCA,22,INFO,2.24,2.37,40,2559,2562,2,40,สิชลคุณาธารวิทยา,โรงเรียนทั่วไป,80,นครศรีธรรมราช,ภาคใต้,BDA,โควตา 14 จังหวัดภาคใต้และประจวบคีรีขันธ์,"12,500-25,000 บาทต่อเดือน",,,,
65312,DCM,22,INFO,2.78,2.58,40,2559,2562,3,40,ดอนสักผดุงวิทย์,โรงเรียนทั่วไป,93,พัทลุง,ภาคใต้,BDA,โควตา 14 จังหวัดภาคใต้และประจวบคีรีขันธ์,"น้อยกว่า 12,500 บาทต่อเดือน",,,,
65318,DCA,22,INFO,3.22,3.3,40,2559,2562,2,40,อบจ.เมืองภูเก็ต,โรงเรียนทั่วไป,83,ภูเก็ต,ภาคใต้,BDA,โควตา 14 จังหวัดภาคใต้และประจวบคีรีขันธ์,"น้อยกว่า 12,500 บาทต่อเดือน",,,,
65330,IT,22,INFO,2.21,2.61,40,2559,2562,3,40,ปากพูน,โรงเรียนทั่วไป,84,สุราษฎร์ธานี,ภาคใต้,BDA,โควตา 14 จังหวัดภาคใต้และประจวบคีรีขันธ์,"น้อยกว่า 12,500 บาทต่อเดือน",,,,
65375,IT,22,INFO,2.64,2.54,40,2559,2562,3,40,สอาดเผดิมวิทยา,โรงเรียนมีชื่อเสียง,83,ภูเก็ต,ภาคใต้,BDA,โควตา 14 จังหวัดภาคใต้และประจวบคีรีขันธ์,"12,500-25,000 บาทต่อเดือน",,,,
65381,DCM,22,INFO,2.98,3.24,40,2559,2562,3,40,ดีบุกพังงาวิทยายน,โรงเรียนมีชื่อเสียง,82,พังงา,ภาคใต้,BDA,โควตา 14 จังหวัดภาคใต้และประจวบคีรีขันธ์,"12,500-25,000 บาทต่อเดือน",,,,
65403,DCA,22,INFO,2.72,2.36,40,2559,2562,2,40,สุราษฎร์ธานี 2,โรงเรียนมีชื่อเสียง,84,สุราษฎร์ธานี,ภาคใต้,BDA,โควตา 14 จังหวัดภาคใต้และประจวบคีรีขันธ์,"12,500-25,000 บาทต่อเดือน",,,,
65426,IT,22,INFO,2.37,2.47,40,2559,2562,3,40,นวมินทราชูทิศ ทักษิณ,,90,สงขลา,ภาคใต้,BDA,โควตา 14 จังหวัดภาคใต้และประจวบคีรีขันธ์,"น้อยกว่า 12,500 บาทต่อเดือน",,,,
65440,MTA,22,INFO,2.6,2.44,40,2559,2562,2,40,เมืองสุราษฎร์ธานี,โรงเรียนทั่วไป,84,สุราษฎร์ธานี,ภาคใต้,BDA,โควตา 14 จังหวัดภาคใต้และประจวบคีรีขันธ์,"น้อยกว่า 12,500 บาทต่อเดือน",,,,
65445,DCA,22,INFO,2.47,3.15,40,2559,2562,2,40,"เบตง""วีระราษฎร์ประสาน""",โรงเรียนมีชื่อเสียง,95,ยะลา,ภาคใต้,BDA,โควตา 14 จังหวัดภาคใต้และประจวบคีรีขันธ์,"น้อยกว่า 12,500 บาทต่อเดือน",,,,
65451,DCA,22,INFO,2.59,2.5,40,2559,2562,2,40,กัลยาณีศรีธรรมราช,โรงเรียนมีชื่อเสียง,80,นครศรีธรรมราช,ภาคใต้,BDA,โควตา 14 จังหวัดภาคใต้และประจวบคีรีขันธ์,"12,500-25,000 บาทต่อเดือน",,,,
65456,IT,22,INFO,3.3,2.92,40,2559,2562,3,40,สิชลคุณาธารวิทยา,โรงเรียนทั่วไป,80,นครศรีธรรมราช,ภาคใต้,BDA,โควตา 14 จังหวัดภาคใต้และประจวบคีรีขันธ์,ไม่มีรายได้,,,,
65474,MTA,22,INFO,3.22,2.98,40,2559,2563,1,40,บางแก้วพิทยาคม,โรงเรียนทั่วไป,80,พัทลุง,ภาคใต้,BDA,โควตา 14 จังหวัดภาคใต้และประจวบคีรีขันธ์,"มากกว่า 25,000 บาทต่อเดือน",,,,
65487,MTA,22,INFO,3.58,3.39,40,2559,2562,2,40,สุราษฎร์พิทยา,โรงเรียนมีชื่อเสียง,84,สุราษฎร์ธานี,ภาคใต้,BDA,โควตา 14 จังหวัดภาคใต้และประจวบคีรีขันธ์,"12,500-25,000 บาทต่อเดือน",,,,
65492,DCM,22,INFO,3.19,2.4,40,2559,2562,3,40,สุไหงโก-ลก,โรงเรียนทั่วไป,96,นราธิวาส,ภาคใต้,BDA,โควตา 14 จังหวัดภาคใต้และประจวบคีรีขันธ์,"12,500-25,000 บาทต่อเดือน",,,,
65513,DCA,22,INFO,3.1,2.46,40,2559,2562,3,40,ศรีธรรมราชศึกษา,โรงเรียนทั่วไป,80,นครศรีธรรมราช,ภาคใต้,BDA,โควตา 14 จังหวัดภาคใต้และประจวบคีรีขันธ์,"มากกว่า 25,000 บาทต่อเดือน",,,2559/3,155
65525,IT,22,INFO,3.47,2.36,40,2559,2562,3,40,ชะอวด,โรงเรียนทั่วไป,80,นครศรีธรรมราช,ภาคใต้,BDA,โควตา 14 จังหวัดภาคใต้และประจวบคีรีขันธ์,"น้อยกว่า 12,500 บาทต่อเดือน",,,,
65526,MTA,22,INFO,2.15,2.07,40,2559,2564,2,40,สตรีทุ่งสง,โรงเรียนมีชื่อเสียง,80,นครศรีธรรมราช,ภาคใต้,BDA,โควตา 14 จังหวัดภาคใต้และประจวบคีรีขันธ์,"12,500-25,000 บาทต่อเดือน",,,,
65535,DCM,22,INFO,3.29,3.14,40,2559,2562,3,40,ศรีธรรมราชศึกษา,โรงเรียนทั่วไป,80,นครศรีธรรมราช,ภาคใต้,BDA,โควตา 14 จังหวัดภาคใต้และประจวบคีรีขันธ์,"น้อยกว่า 12,500 บาทต่อเดือน",,,,
65593,DCA,22,INFO,2.16,2.55,40,2559,2563,2,40,เมืองสุราษฎร์ธานี,โรงเรียนทั่วไป,84,สุราษฎร์ธานี,ภาคใต้,BDA,โควตา 14 จังหวัดภาคใต้และประจวบคีรีขันธ์,"น้อยกว่า 12,500 บาทต่อเดือน",,,,
65611,DCA,22,INFO,2.63,2.38,40,2559,2562,2,40,สุไหงโก-ลก,โรงเรียนทั่วไป,96,นราธิวาส,ภาคใต้,BDA,โควตา 14 จังหวัดภาคใต้และประจวบคีรีขันธ์,"มากกว่า 25,000 บาทต่อเดือน",,,,
65613,DCA,22,INFO,2.06,1.98,40,2559,2563,2,40,กัลยาณีศรีธรรมราช,โรงเรียนมีชื่อเสียง,80,นครศรีธรรมราช,ภาคใต้,BDA,โควตา 14 จังหวัดภาคใต้และประจวบคีรีขันธ์,"มากกว่า 25,000 บาทต่อเดือน",,,,
65618,IT,22,INFO,2.1,2.52,40,2559,2562,3,40,ทีปราษฎร์พิทยา,โรงเรียนทั่วไป,84,สุราษฎร์ธานี,ภาคใต้,BDA,โควตา 14 จังหวัดภาคใต้และประจวบคีรีขันธ์,"มากกว่า 25,000 บาทต่อเดือน",,,,
65619,DCA,22,INFO,2.61,2.29,40,2559,2562,2,40,ปากพนัง,โรงเรียนทั่วไป,80,นครศรีธรรมราช,ภาคใต้,BDA,โควตา 14 จังหวัดภาคใต้และประจวบคีรีขันธ์,"12,500-25,000 บาทต่อเดือน",,,,
65628,MTA,22,INFO,2.92,2.74,40,2559,2562,3,40,สุราษฎร์พิทยา,โรงเรียนทั่วไป,84,สุราษฎร์ธานี,ภาคใต้,BDA,โควตา 14 จังหวัดภาคใต้และประจวบคีรีขันธ์,"12,500-25,000 บาทต่อเดือน",,,,
65630,DCA,22,INFO,3.2,2.82,40,2559,2562,3,40,เทพมิตรศึกษา,โรงเรียนทั่วไป,84,สุราษฎร์ธานี,ภาคใต้,BDA,โควตา 14 จังหวัดภาคใต้และประจวบคีรีขันธ์,"12,500-25,000 บาทต่อเดือน",,,2559/2,
65631,MTA,22,INFO,3.16,3.55,40,2559,2562,3,40,วิเชียรมาตุ,โรงเรียนมีชื่อเสียง,92,ตรัง,ภาคใต้,BDA,โควตา 14 จังหวัดภาคใต้และประจวบคีรีขันธ์,"12,500-25,000 บาทต่อเดือน",,,,
65632,MTA,22,INFO,2.92,2.81,40,2559,2562,3,40,วิเชียรมาตุ,โรงเรียนมีชื่อเสียง,92,ตรัง,ภาคใต้,BDA,โควตา 14 จังหวัดภาคใต้และประจวบคีรีขันธ์,"12,500-25,000 บาทต่อเดือน",,,,
65645,IT,22,INFO,2.85,2.17,40,2559,2562,3,40,สตรีทุ่งสง,โรงเรียนมีชื่อเสียง,80,นครศรีธรรมราช,ภาคใต้,BDA,โควตา 14 จังหวัดภาคใต้และประจวบคีรีขันธ์,"12,500-25,000 บาทต่อเดือน",,,,
65647,MTA,22,INFO,2.12,2.92,40,2559,2562,3,40,เทศบาล 5,โรงเรียนทั่วไป,84,สุราษฎร์ธานี,ภาคใต้,BDA,โควตา 14 จังหวัดภาคใต้และประจวบคีรีขันธ์,"มากกว่า 25,000 บาทต่อเดือน",,,,
65675,IT,22,INFO,3.85,3.46,40,2559,2562,2,40,ศรีธรรมราชศึกษา,โรงเรียนทั่วไป,80,นครศรีธรรมราช,ภาคใต้,BDA,โควตา 14 จังหวัดภาคใต้และประจวบคีรีขันธ์,"มากกว่า 25,000 บาทต่อเดือน",,,,
65679,DCA,22,INFO,2.09,2.45,40,2559,2562,2,40,แหลมราษฎร์บำรุง,โรงเรียนทั่วไป,80,นครศรีธรรมราช,ภาคใต้,BDA,โควตา 14 จังหวัดภาคใต้และประจวบคีรีขันธ์,"12,500-25,000 บาทต่อเดือน",,,,
65682,IT,22,INFO,2.9,2.28,40,2559,2562,3,40,ท่าศาลาประสิทธิ์ศึกษา,โรงเรียนทั่วไป,80,นครศรีธรรมราช,ภาคใต้,BDA,โควตา 14 จังหวัดภาคใต้และประจวบคีรีขันธ์,"น้อยกว่า 12,500 บาทต่อเดือน",,,,
65687,MTA,22,INFO,2.5,2.44,40,2559,2562,3,40,เขาชัยสน,โรงเรียนทั่วไป,93,พัทลุง,ภาคใต้,BDA,โควตา 14 จังหวัดภาคใต้และประจวบคีรีขันธ์,"12,500-25,000 บาทต่อเดือน",,,,
65690,DCA,22,INFO,3.22,2.5,40,2559,2562,2,40,ตรังคริสเตียนศึกษา,โรงเรียนทั่วไป,92,ตรัง,ภาคใต้,BDA,โควตา 14 จังหวัดภาคใต้และประจวบคีรีขันธ์,"มากกว่า 25,000 บาทต่อเดือน",,,,
65699,MTA,22,INFO,2.62,2.74,40,2559,2562,2,40,ตรังวิทยา,โรงเรียนทั่วไป,92,ตรัง,ภาคใต้,BDA,โควตา 14 จังหวัดภาคใต้และประจวบคีรีขันธ์,"น้อยกว่า 12,500 บาทต่อเดือน",,,,
65708,MTA,22,INFO,2.8,2.78,40,2559,2562,2,40,ทุ่งสง,โรงเรียนมีชื่อเสียง,80,นครศรีธรรมราช,ภาคใต้,BDA,โควตา 14 จังหวัดภาคใต้และประจวบคีรีขันธ์,"12,500-25,000 บาทต่อเดือน",,,,
65717,DCA,22,INFO,2.5,2.21,40,2559,2562,3,40,เทพมิตรศึกษา,โรงเรียนทั่วไป,84,สุราษฎร์ธานี,ภาคใต้,BDA,โควตา 14 จังหวัดภาคใต้และประจวบคีรีขันธ์,"12,500-25,000 บาทต่อเดือน",,,,
65733,DCA,22,INFO,2.98,3.12,40,2559,2562,2,40,เฉลิมพระเกียรติสมเด็จพระศรีนครินทร์ ภูเก็ต,โรงเรียนมีชื่อเสียง,83,ภูเก็ต,ภาคใต้,BDA,โควตา 14 จังหวัดภาคใต้และประจวบคีรีขันธ์,"12,500-25,000 บาทต่อเดือน",,,,
65746,DCA,22,INFO,2.33,2.14,40,2559,2562,2,40,หาดใหญ่พิทยาคม,โรงเรียนทั่วไป,90,สงขลา,ภาคใต้,BDA,โควตา 14 จังหวัดภาคใต้และประจวบคีรีขันธ์,"น้อยกว่า 12,500 บาทต่อเดือน",,,,
65760,DCA,22,INFO,2.63,2.66,40,2559,2562,2,40,คลองยางประชานุสรณ์,โรงเรียนทั่วไป,81,กระบี่,ภาคใต้,BDA,โควตา 14 จังหวัดภาคใต้และประจวบคีรีขันธ์,"น้อยกว่า 12,500 บาทต่อเดือน",,,,
65782,DCA,22,INFO,2.94,2.57,40,2559,2562,3,40,กัลยาณีศรีธรรมราช,โรงเรียนมีชื่อเสียง,80,นครศรีธรรมราช,ภาคใต้,BDA,โควตา 14 จังหวัดภาคใต้และประจวบคีรีขันธ์,"มากกว่า 25,000 บาทต่อเดือน",,,,
65795,MTA,22,INFO,2.68,3.19,40,2559,2562,3,40,ดารุสสาลาม,โรงเรียนทั่วไป,96,นราธิวาส,ภาคใต้,BDA,โควตา 14 จังหวัดภาคใต้และประจวบคีรีขันธ์,"น้อยกว่า 12,500 บาทต่อเดือน",,,,
65827,DCM,22,INFO,3.78,2.48,40,2559,2562,3,40,ปากพนัง,โรงเรียนทั่วไป,80,นครศรีธรรมราช,ภาคใต้,BDA,โควตา 14 จังหวัดภาคใต้และประจวบคีรีขันธ์,"มากกว่า 25,000 บาทต่อเดือน",,,,
65830,DCA,22,INFO,2.1,2.45,40,2559,2562,2,40,ฉวางรัชดาภิเษก,โรงเรียนทั่วไป,80,นครศรีธรรมราช,ภาคใต้,BDA,โควตา 14 จังหวัดภาคใต้และประจวบคีรีขันธ์,"12,500-25,000 บาทต่อเดือน",,,,
65836,IT,22,INFO,3.03,2.4,40,2559,2562,3,40,เมืองสุราษฎร์ธานี,โรงเรียนทั่วไป,84,สุราษฎร์ธานี,ภาคใต้,BDA,โควตา 14 จังหวัดภาคใต้และประจวบคีรีขันธ์,"น้อยกว่า 12,500 บาทต่อเดือน",,,,
65843,MTA,22,INFO,2.71,2.33,40,2559,2562,3,40,อ่าวลึกประชาสรรค์,โรงเรียนทั่วไป,81,กระบี่,ภาคใต้,BDA,โควตา 14 จังหวัดภาคใต้และประจวบคีรีขันธ์,"12,500-25,000 บาทต่อเดือน",,,,
65875,DCA,22,INFO,2.12,2.24,40,2559,2563,2,40,ชะอวดวิทยาคาร,โรงเรียนทั่วไป,80,นครศรีธรรมราช,ภาคใต้,BDA,โควตา 14 จังหวัดภาคใต้และประจวบคีรีขันธ์,"น้อยกว่า 12,500 บาทต่อเดือน",,,,
65881,DCA,22,INFO,2.66,2.55,40,2559,2562,3,40,สิชลคุณาธารวิทยา,โรงเรียนทั่วไป,80,นครศรีธรรมราช,ภาคใต้,BDA,โควตา 14 จังหวัดภาคใต้และประจวบคีรีขันธ์,"มากกว่า 25,000 บาทต่อเดือน",,,,
65887,MTA,22,INFO,2.17,2.67,40,2559,2564,3,40,ดาวรุ่งวิทยา,โรงเรียนทั่วไป,83,ภูเก็ต,ภาคใต้,BDA,โควตา 14 จังหวัดภาคใต้และประจวบคีรีขันธ์,"มากกว่า 25,000 บาทต่อเดือน",,,,
65915,DCA,22,INFO,2.67,2.71,40,2559,2562,2,40,ปากพนัง,โรงเรียนทั่วไป,80,นครศรีธรรมราช,ภาคใต้,BDA,โควตา 14 จังหวัดภาคใต้และประจวบคีรีขันธ์,"12,500-25,000 บาทต่อเดือน",,,,
65917,MTA,22,INFO,2.62,3.02,40,2559,2563,1,40,ท่าศาลาประสิทธิ์ศึกษา,โรงเรียนทั่วไป,80,นครศรีธรรมราช,ภาคใต้,BDA,โควตา 14 จังหวัดภาคใต้และประจวบคีรีขันธ์,"น้อยกว่า 12,500 บาทต่อเดือน",,,,
65942,DCA,22,INFO,2.3,2.84,40,2559,2562,2,40,เฉลิมพระเกียรติสมเด็จพระศรีนครินทร์ ภูเก็ต,โรงเรียนมีชื่อเสียง,83,ภูเก็ต,ภาคใต้,BDA,โควตา 14 จังหวัดภาคใต้และประจวบคีรีขันธ์,"12,500-25,000 บาทต่อเดือน",,,,
65949,DCM,22,INFO,3.08,2.61,40,2559,2562,3,40,ศรีธรรมราชศึกษา,โรงเรียนทั่วไป,80,นครศรีธรรมราช,ภาคใต้,BDA,โควตา 14 จังหวัดภาคใต้และประจวบคีรีขันธ์,"น้อยกว่า 12,500 บาทต่อเดือน",,,,
65950,IT,22,INFO,3.4,2.88,40,2559,2562,3,40,เขาพนมแบกศึกษา,โรงเรียนทั่วไป,84,สุราษฎร์ธานี,ภาคใต้,BDA,โควตา 14 จังหวัดภาคใต้และประจวบคีรีขันธ์,"น้อยกว่า 12,500 บาทต่อเดือน",,,,
65956,MTA,22,INFO,2.53,2.5,40,2559,2563,1,40,วรนารีเฉลิม จังหวัดสงขลา,โรงเรียนมีชื่อเสียง,90,สงขลา,ภาคใต้,BDA,โควตา 14 จังหวัดภาคใต้และประจวบคีรีขันธ์,"น้อยกว่า 12,500 บาทต่อเดือน",,,,
65995,MTA,22,INFO,2.68,2.86,40,2559,2564,3,40,หาดใหญ่วิทยาลัย 2,โรงเรียนมีชื่อเสียง,90,สงขลา,ภาคใต้,BDA,โควตา 14 จังหวัดภาคใต้และประจวบคีรีขันธ์,"น้อยกว่า 12,500 บาทต่อเดือน",,,,
65996,MTA,22,INFO,3.54,3.6,40,2559,2562,2,40,คันธพิทยาคาร,โรงเรียนทั่วไป,92,ตรัง,ภาคใต้,BDA,โควตา 14 จังหวัดภาคใต้และประจวบคีรีขันธ์,"น้อยกว่า 12,500 บาทต่อเดือน",,,,
65999,MTA,22,INFO,2.17,2.09,40,2559,2563,3,40,นวมินทราชูทิศ ทักษิณ,โรงเรียนมีชื่อเสียง,90,สงขลา,ภาคใต้,BDA,โควตา 14 จังหวัดภาคใต้และประจวบคีรีขันธ์,"12,500-25,000 บาทต่อเดือน",,,,
66013,DCA,22,INFO,2.46,2.56,40,2559,2562,3,40,เฉลิมพระเกียรติสมเด็จพระศรีนครินทร์ ภูเก็ต,โรงเรียนมีชื่อเสียง,83,ภูเก็ต,ภาคใต้,BDA,โควตา 14 จังหวัดภาคใต้และประจวบคีรีขันธ์,"12,500-25,000 บาทต่อเดือน",,,,
66017,MTA,22,INFO,2.97,3.04,40,2559,2562,3,40,ปากพนัง,โรงเรียนทั่วไป,80,นครศรีธรรมราช,ภาคใต้,BDA,โควตา 14 จังหวัดภาคใต้และประจวบคีรีขันธ์,"มากกว่า 25,000 บาทต่อเดือน",,,,
66022,MTA,22,INFO,2.22,2.24,40,2559,2563,1,40,เทพมิตรศึกษา,โรงเรียนทั่วไป,84,สุราษฎร์ธานี,ภาคใต้,BDA,โควตา 14 จังหวัดภาคใต้และประจวบคีรีขันธ์,ไม่มีรายได้,,,,
66042,DCA,22,INFO,2.22,2.04,40,2559,2562,3,40,เตรียมอุดมศึกษาพัฒนาการ สุราษฎร์ธานี,โรงเรียนทั่วไป,84,สุราษฎร์ธานี,ภาคใต้,BDA,โควตา 14 จังหวัดภาคใต้และประจวบคีรีขันธ์,"มากกว่า 25,000 บาทต่อเดือน",,,,
66055,IT,22,INFO,2.48,2.52,40,2559,2562,3,40,กันตังพิทยากร,โรงเรียนทั่วไป,92,ตรัง,ภาคใต้,BDA,โควตา 14 จังหวัดภาคใต้และประจวบคีรีขันธ์,"น้อยกว่า 12,500 บาทต่อเดือน",,,,
66058,MTA,22,INFO,2.68,2.55,40,2559,2562,2,40,ปากพนัง,โรงเรียนทั่วไป,80,นครศรีธรรมราช,ภาคใต้,BDA,โควตา 14 จังหวัดภาคใต้และประจวบคีรีขันธ์,"น้อยกว่า 12,500 บาทต่อเดือน",,,,
66061,DCM,22,INFO,3.28,2.56,40,2559,2562,3,40,วรนารีเฉลิม จังหวัดสงขลา,โรงเรียนมีชื่อเสียง,90,สงขลา,ภาคใต้,BDA,โควตา 14 จังหวัดภาคใต้และประจวบคีรีขันธ์,"12,500-25,000 บาทต่อเดือน",,,,
66066,DCA,22,INFO,2.31,2.68,40,2559,2562,2,40,พิปูนสังฆรักษ์ประชาอุทิศ,โรงเรียนทั่วไป,80,นครศรีธรรมราช,ภาคใต้,BDA,โควตา 14 จังหวัดภาคใต้และประจวบคีรีขันธ์,"12,500-25,000 บาทต่อเดือน",,,,
66077,IT,22,INFO,2.85,2.32,40,2559,2562,3,40,ขนอมพิทยา,โรงเรียนทั่วไป,80,นครศรีธรรมราช,ภาคใต้,BDA,โควตา 14 จังหวัดภาคใต้และประจวบคีรีขันธ์,"น้อยกว่า 12,500 บาทต่อเดือน",,,,
66089,DCA,22,INFO,2.83,2.99,40,2559,2562,2,40,สิชลคุณาธารวิทยา,โรงเรียนทั่วไป,80,นครศรีธรรมราช,ภาคใต้,BDA,โควตา 14 จังหวัดภาคใต้และประจวบคีรีขันธ์,"น้อยกว่า 12,500 บาทต่อเดือน",,,,
66092,DCA,22,INFO,2.55,2.35,40,2559,2562,2,40,พรหมคีรีพิทยาคม,โรงเรียนทั่วไป,80,นครศรีธรรมราช,ภาคใต้,BDA,โควตา 14 จังหวัดภาคใต้และประจวบคีรีขันธ์,"มากกว่า 25,000 บาทต่อเดือน",,,,
66140,IT,22,INFO,2.05,2.21,40,2559,2562,3,40,เชียรใหญ่,โรงเรียนทั่วไป,80,นครศรีธรรมราช,ภาคใต้,BDA,โควตา 14 จังหวัดภาคใต้และประจวบคีรีขันธ์,"12,500-25,000 บาทต่อเดือน",,,,
66141,DCM,22,INFO,2.49,2.48,40,2559,2563,1,40,พิมานพิทยาสรรค์,โรงเรียนมีชื่อเสียง,91,สตูล,ภาคใต้,BDA,โควตา 14 จังหวัดภาคใต้และประจวบคีรีขันธ์,"มากกว่า 25,000 บาทต่อเดือน",,,,
66156,IT,22,INFO,2.64,2.91,40,2559,2562,3,40,ท่าศิลาบำรุงราษฎร์,โรงเรียนทั่วไป,91,สตูล,ภาคใต้,BDA,โควตา 14 จังหวัดภาคใต้และประจวบคีรีขันธ์,"น้อยกว่า 12,500 บาทต่อเดือน",,,,
66220,DCA,22,INFO,2.43,2.44,40,2559,2562,3,40,ขนอมพิทยา,โรงเรียนทั่วไป,80,นครศรีธรรมราช,ภาคใต้,BDA,โควตา 14 จังหวัดภาคใต้และประจวบคีรีขันธ์,"น้อยกว่า 12,500 บาทต่อเดือน",,,,
66236,DCM,22,INFO,3.18,2.08,40,2559,2562,3,40,เฉลิมพระเกียรติสมเด็จพระศรีนครินทร์ ภูเก็ต,โรงเรียนมีชื่อเสียง,83,ภูเก็ต,ภาคใต้,BDA,โควตา 14 จังหวัดภาคใต้และประจวบคีรีขันธ์,"12,500-25,000 บาทต่อเดือน",,,,
66244,DCA,22,INFO,2.54,2.44,40,2559,2562,2,40,เมืองสุราษฎร์ธานี,โรงเรียนทั่วไป,84,สุราษฎร์ธานี,ภาคใต้,BDA,โควตา 14 จังหวัดภาคใต้และประจวบคีรีขันธ์,"12,500-25,000 บาทต่อเดือน",,,,
66245,DCA,22,INFO,2.87,2.17,40,2559,2562,2,40,สตรีภูเก็ต,โรงเรียนมีชื่อเสียง,83,ภูเก็ต,ภาคใต้,BDA,โควตา 14 จังหวัดภาคใต้และประจวบคีรีขันธ์,"12,500-25,000 บาทต่อเดือน",,,,
66259,DCA,22,INFO,2.41,2.97,40,2559,2562,3,40,เคียนซาพิทยาคม,โรงเรียนทั่วไป,84,สุราษฎร์ธานี,ภาคใต้,BDA,โควตา 14 จังหวัดภาคใต้และประจวบคีรีขันธ์,"12,500-25,000 บาทต่อเดือน",,,,
66268,DCA,22,INFO,2.19,2.28,40,2559,2563,2,40,กัลยาณีศรีธรรมราช,โรงเรียนมีชื่อเสียง,80,นครศรีธรรมราช,ภาคใต้,BDA,โควตา 14 จังหวัดภาคใต้และประจวบคีรีขันธ์,"น้อยกว่า 12,500 บาทต่อเดือน",,,,
66278,MTA,22,INFO,2.45,2.54,40,2559,2562,2,40,"สะเดา ""ขรรค์ชัยกัมพลานนท์อนุสรณ์""",โรงเรียนทั่วไป,90,สงขลา,ภาคใต้,BDA,โควตา 14 จังหวัดภาคใต้และประจวบคีรีขันธ์,"12,500-25,000 บาทต่อเดือน",,,,
66283,IT,22,INFO,3.24,2.63,40,2559,2562,3,40,โยธินบำรุง,โรงเรียนทั่วไป,80,นครศรีธรรมราช,ภาคใต้,BDA,โควตา 14 จังหวัดภาคใต้และประจวบคีรีขันธ์,"12,500-25,000 บาทต่อเดือน",,,,
66284,MTA,22,INFO,2,2.17,40,2559,2563,1,40,หาดใหญ่วิทยาลัยสมบูรณ์กุลกันยา,โรงเรียนมีชื่อเสียง,90,สงขลา,ภาคใต้,BDA,โควตา 14 จังหวัดภาคใต้และประจวบคีรีขันธ์,"น้อยกว่า 12,500 บาทต่อเดือน",,,,
66285,MTA,22,INFO,3.42,2.65,40,2559,2562,3,40,สตรีพัทลุง,โรงเรียนมีชื่อเสียง,93,พัทลุง,ภาคใต้,BDA,โควตา 14 จังหวัดภาคใต้และประจวบคีรีขันธ์,"น้อยกว่า 12,500 บาทต่อเดือน",,,,
66299,MTA,22,INFO,2.72,3.33,40,2559,2562,2,40,ประทีปศาสน์,โรงเรียนทั่วไป,80,นครศรีธรรมราช,ภาคใต้,BDA,โควตา 14 จังหวัดภาคใต้และประจวบคีรีขันธ์,"12,500-25,000 บาทต่อเดือน",,,,
66300,DCA,22,INFO,2.54,2.97,40,2559,2562,3,40,หาดใหญ่วิทยาลัย,โรงเรียนมีชื่อเสียง,90,สงขลา,ภาคใต้,BDA,โควตา 14 จังหวัดภาคใต้และประจวบคีรีขันธ์,"มากกว่า 25,000 บาทต่อเดือน",,,,
66301,DCM,22,INFO,2.47,2.66,40,2559,2562,3,40,หาดใหญ่วิทยาลัย,โรงเรียนมีชื่อเสียง,90,สงขลา,ภาคใต้,BDA,โควตา 14 จังหวัดภาคใต้และประจวบคีรีขันธ์,"12,500-25,000 บาทต่อเดือน",,,,
66306,MTA,22,INFO,3.11,3.11,40,2559,2562,3,40,สตรีภูเก็ต,โรงเรียนมีชื่อเสียง,83,ภูเก็ต,ภาคใต้,BDA,โควตา 14 จังหวัดภาคใต้และประจวบคีรีขันธ์,"น้อยกว่า 12,500 บาทต่อเดือน",,,,
66324,DCM,22,INFO,2.89,2.22,40,2559,2562,3,40,หาดใหญ่วิทยาลัย,โรงเรียนมีชื่อเสียง,90,สงขลา,ภาคใต้,BDA,โควตา 14 จังหวัดภาคใต้และประจวบคีรีขันธ์,"มากกว่า 25,000 บาทต่อเดือน",,,,
66332,DCM,22,INFO,2.62,2.95,40,2559,2563,1,40,เฉลิมพระเกียรติสมเด็จพระศรีนครินทร์ ภูเก็ต,โรงเรียนมีชื่อเสียง,83,ภูเก็ต,ภาคใต้,BDA,โควตา 14 จังหวัดภาคใต้และประจวบคีรีขันธ์,"12,500-25,000 บาทต่อเดือน",,,,
66343,MTA,22,INFO,2.26,2.49,40,2559,2562,3,40,หาดใหญ่เจริญราษฎร์พิทยา,โรงเรียนทั่วไป,90,สงขลา,ภาคใต้,BDA,โควตา 14 จังหวัดภาคใต้และประจวบคีรีขันธ์,"มากกว่า 25,000 บาทต่อเดือน",,,,
66377,DCA,22,INFO,2.09,2.1,40,2559,2562,3,40,หาดใหญ่พิทยาคม,โรงเรียนทั่วไป,90,สงขลา,ภาคใต้,BDA,โควตา 14 จังหวัดภาคใต้และประจวบคีรีขันธ์,"น้อยกว่า 12,500 บาทต่อเดือน",,,,
66388,DCA,22,INFO,2.24,2.73,40,2559,2562,2,40,สุคิรินวิทยา,โรงเรียนทั่วไป,96,นราธิวาส,ภาคใต้,BDA,โควตา 14 จังหวัดภาคใต้และประจวบคีรีขันธ์,"12,500-25,000 บาทต่อเดือน",,,,
66417,DCA,22,INFO,2.17,2.23,40,2559,2563,1,40,ส่งเสริมศาสนาวิทยามูลนิธิ,โรงเรียนทั่วไป,90,สงขลา,ภาคใต้,BDA,โควตา 14 จังหวัดภาคใต้และประจวบคีรีขันธ์,"12,500-25,000 บาทต่อเดือน",,,,
66420,DCA,22,INFO,2.32,2.3,40,2559,2562,2,40,พรหมคีรีพิทยาคม,โรงเรียนทั่วไป,80,นครศรีธรรมราช,ภาคใต้,BDA,โควตา 14 จังหวัดภาคใต้และประจวบคีรีขันธ์,"12,500-25,000 บาทต่อเดือน",,,,
66458,MTA,22,INFO,2.64,2.67,40,2559,2563,1,40,หาดใหญ่วิทยาลัยสมบูรณ์กุลกันยา,โรงเรียนมีชื่อเสียง,90,สงขลา,ภาคใต้,BDA,โควตา 14 จังหวัดภาคใต้และประจวบคีรีขันธ์,"12,500-25,000 บาทต่อเดือน",,,,
66469,MTA,22,INFO,2.59,2.64,40,2559,2562,3,40,สระแก้วรัตนวิทย์,โรงเรียนทั่วไป,80,นครศรีธรรมราช,ภาคใต้,BDA,โควตา 14 จังหวัดภาคใต้และประจวบคีรีขันธ์,"น้อยกว่า 12,500 บาทต่อเดือน",,,,
66498,MTA,22,INFO,2.64,2.3,40,2559,2562,3,40,วรนารีเฉลิม จังหวัดสงขลา,โรงเรียนมีชื่อเสียง,90,สงขลา,ภาคใต้,BDA,โควตา 14 จังหวัดภาคใต้และประจวบคีรีขันธ์,"น้อยกว่า 12,500 บาทต่อเดือน",,,,
66504,MTA,22,INFO,2.37,3.19,40,2559,2562,3,40,คลองท่อมราษฎร์รังสรรค์,โรงเรียนทั่วไป,81,กระบี่,ภาคใต้,BDA,โควตา 14 จังหวัดภาคใต้และประจวบคีรีขันธ์,"12,500-25,000 บาทต่อเดือน",,,,
66528,IT,22,INFO,3.14,2.88,40,2559,2562,3,40,กัลยาณีศรีธรรมราช,โรงเรียนมีชื่อเสียง,80,นครศรีธรรมราช,ภาคใต้,BDA,โควตา 14 จังหวัดภาคใต้และประจวบคีรีขันธ์,"มากกว่า 25,000 บาทต่อเดือน",,,,
66533,DCA,22,INFO,2.24,2.17,40,2559,2563,1,40,สตรีภูเก็ต,โรงเรียนมีชื่อเสียง,83,ภูเก็ต,ภาคใต้,BDA,โควตา 14 จังหวัดภาคใต้และประจวบคีรีขันธ์,"น้อยกว่า 12,500 บาทต่อเดือน",,,,
66539,DCA,22,INFO,2.67,2.42,40,2559,2562,3,40,ศรีธรรมราชศึกษา,โรงเรียนทั่วไป,80,นครศรีธรรมราช,ภาคใต้,BDA,โควตา 14 จังหวัดภาคใต้และประจวบคีรีขันธ์,"มากกว่า 25,000 บาทต่อเดือน",,,,
66544,MTA,22,INFO,2.55,2.41,40,2559,2562,3,40,หาดใหญ่วิทยาลัย,โรงเรียนมีชื่อเสียง,90,สงขลา,ภาคใต้,BDA,โควตา 14 จังหวัดภาคใต้และประจวบคีรีขันธ์,"12,500-25,000 บาทต่อเดือน",,,,
66584,DCA,22,INFO,2.03,1.96,40,2559,2563,2,40,เดชะปัตตนยานุกูล,โรงเรียนทั่วไป,94,ปัตตานี,ภาคใต้,BDA,โควตา 14 จังหวัดภาคใต้และประจวบคีรีขันธ์,"12,500-25,000 บาทต่อเดือน",,,,
66670,MTA,22,INFO,2.33,2.78,40,2559,2562,3,40,ระโนดวิทยา,โรงเรียนทั่วไป,90,สงขลา,ภาคใต้,BDA,ผู้มีความสามารถด้านกิจกรรมนักศึกษา,"น้อยกว่า 12,500 บาทต่อเดือน",,,,
66732,DCM,22,INFO,3.35,3.31,40,2559,2562,3,40,วิทยาลัยอาชีวศึกษานครศรีธรรมราช,โรงเรียนทั่วไป,80,นครศรีธรรมราช,ภาคใต้,BDA,รับตรง,"น้อยกว่า 12,500 บาทต่อเดือน",,,,
66782,DCA,22,INFO,2.23,2.97,40,2559,2562,2,40,บ้านแป้นพิทยาคม,โรงเรียนทั่วไป,51,ลำพูน,ภาคเหนือ,BDA,รับตรง,"น้อยกว่า 12,500 บาทต่อเดือน",,,,
66789,DCM,22,INFO,2.42,3.64,40,2559,2562,3,40,วิทยาลัยอาชีวศึกษาปัตตานี,โรงเรียนทั่วไป,94,ปัตตานี,ภาคใต้,BDA,รับตรง,"มากกว่า 25,000 บาทต่อเดือน",,,,
66800,IT,22,INFO,2.53,2.52,40,2559,2562,3,40,มูลนิธิอาซิซสถาน,โรงเรียนทั่วไป,94,ปัตตานี,ภาคใต้,BDA,รับตรง,"น้อยกว่า 12,500 บาทต่อเดือน",,,,
66817,IT,22,INFO,2.43,2.35,40,2559,2562,3,40,บ้านนาสาร,โรงเรียนทั่วไป,84,สุราษฎร์ธานี,ภาคใต้,BDA,รับตรง,"12,500-25,000 บาทต่อเดือน",,,,
66825,IT,22,INFO,2.76,2.22,40,2559,2562,3,40,ร่อนพิบูลย์เกียรติวสุนธราภิวัฒก์,โรงเรียนทั่วไป,80,นครศรีธรรมราช,ภาคใต้,BDA,รับตรง,"12,500-25,000 บาทต่อเดือน",,,,
66826,MTA,22,INFO,2.1,2.46,40,2559,2562,3,40,เตรียมอุดมศึกษาพัฒนาการ สุราษฎร์ธานี,โรงเรียนทั่วไป,84,สุราษฎร์ธานี,ภาคใต้,BDA,รับตรง,"น้อยกว่า 12,500 บาทต่อเดือน",,,,
66845,MTA,22,INFO,2.6,3.59,40,2559,2562,3,40,วิทยาลัยอาชีวศึกษาสุราษฎร์ธานี,โรงเรียนทั่วไป,84,สุราษฎร์ธานี,ภาคใต้,BDA,รับตรง,"มากกว่า 25,000 บาทต่อเดือน",,,,
66848,MTA,22,INFO,2.73,2.66,40,2559,2562,3,40,วิทยาลัยอาชีวะศึกษาภูเก็ต,โรงเรียนทั่วไป,83,ภูเก็ต,ภาคใต้,BDA,รับตรง,"น้อยกว่า 12,500 บาทต่อเดือน",,,,
66864,MTA,22,INFO,2.5,2.74,40,2559,2562,3,40,"ตะกั่วป่า""เสนานุกูล""",โรงเรียนมีชื่อเสียง,82,พังงา,ภาคใต้,BDA,รับตรง,"12,500-25,000 บาทต่อเดือน",,,,
66867,DCA,22,INFO,2.9,2.88,40,2559,2562,2,40,ศูนย์การศึกษานอกโรงเรียนจังหวัดปัตตานี,โรงเรียนทั่วไป,94,ปัตตานี,ภาคใต้,BDA,รับตรง,"น้อยกว่า 12,500 บาทต่อเดือน",,,,
66875,MTA,22,INFO,2.58,2.46,40,2559,2562,3,40,วิทยาลัยอาชีวะศึกษาภูเก็ต,โรงเรียนทั่วไป,83,ภูเก็ต,ภาคใต้,BDA,รับตรง,"น้อยกว่า 12,500 บาทต่อเดือน",,,,
66882,MTA,22,INFO,3.21,3.14,40,2559,2562,3,40,วิทยาลัยอาชีวะศึกษาภูเก็ต,โรงเรียนทั่วไป,83,ภูเก็ต,ภาคใต้,BDA,รับตรง,"12,500-25,000 บาทต่อเดือน",,,,
66886,DCM,22,INFO,2.8,2.89,40,2559,2562,3,40,มุสลิมสันติธรรมมูลนิธิ,โรงเรียนทั่วไป,80,นครศรีธรรมราช,ภาคใต้,BDA,รับตรง,"น้อยกว่า 12,500 บาทต่อเดือน",,,,
66894,DCA,22,INFO,2.51,2.56,40,2559,2562,3,40,วิทยาลัยอาชีวะศึกษาภูเก็ต,โรงเรียนทั่วไป,83,ภูเก็ต,ภาคใต้,BDA,รับตรง,"12,500-25,000 บาทต่อเดือน",,,,
66912,DCA,22,INFO,2.63,2.88,40,2559,2562,2,40,ปากพูน,โรงเรียนทั่วไป,80,นครศรีธรรมราช,ภาคใต้,BDA,รับตรง,"น้อยกว่า 12,500 บาทต่อเดือน",,,,
66925,MTA,22,INFO,2.3,2.91,40,2559,2563,1,40,วิเชียรมาตุ,โรงเรียนมีชื่อเสียง,92,ตรัง,ภาคใต้,BDA,รับตรง,"น้อยกว่า 12,500 บาทต่อเดือน",,,,
66927,DCA,22,INFO,2.43,3.49,40,2559,2562,3,40,เทศบาล 5,โรงเรียนทั่วไป,84,สุราษฎร์ธานี,ภาคใต้,BDA,รับตรง,"มากกว่า 25,000 บาทต่อเดือน",,,,
66946,MTA,22,INFO,2.22,3.23,40,2559,2562,2,40,วิทยาลัยอาชีวศึกษาสุราษฎร์ธานี,โรงเรียนทั่วไป,84,สุราษฎร์ธานี,ภาคใต้,BDA,รับตรง,"มากกว่า 25,000 บาทต่อเดือน",,,,
66952,MTA,22,INFO,2.73,3.43,40,2559,2562,3,40,วิทยาลัยอาชีวศึกษาปัตตานี,โรงเรียนทั่วไป,94,ปัตตานี,ภาคใต้,BDA,รับตรง,"น้อยกว่า 12,500 บาทต่อเดือน",,,,
66953,MTA,22,INFO,2.31,2.16,40,2559,2562,3,40,พิมานพิทยาสรรค์,โรงเรียนมีชื่อเสียง,91,สตูล,ภาคใต้,BDA,รับตรง,ไม่มีรายได้,,,,
66969,DCM,22,INFO,2.02,2.14,40,2559,2563,1,40,วิทยาลัยศิลปหัตถกรรมนครศรีธรรมราช,โรงเรียนทั่วไป,80,นครศรีธรรมราช,ภาคใต้,BDA,รับตรง,"น้อยกว่า 12,500 บาทต่อเดือน",,,,
66989,MTA,22,INFO,3.1,3.58,40,2559,2563,1,40,เฉลิมพระเกียรติสมเด็จพระศรีนครินทร์ ภูเก็ต,โรงเรียนมีชื่อเสียง,83,ภูเก็ต,ภาคใต้,BDA,รับตรง,"มากกว่า 25,000 บาทต่อเดือน",,,,
66994,DCM,22,INFO,2.45,1.57,40,2559,2562,3,40,วิทยาลัยอาชีวศึกษานครศรีธรรมราช,โรงเรียนทั่วไป,80,นครศรีธรรมราช,ภาคใต้,BDA,รับตรง,"12,500-25,000 บาทต่อเดือน",,,,
66999,MTA,22,INFO,2.16,3.1,40,2559,2562,3,40,ศูนย์บริการการศึกษานอกโรงเรียนอำเภอระโนด,โรงเรียนทั่วไป,90,สงขลา,ภาคใต้,BDA,รับตรง,"12,500-25,000 บาทต่อเดือน",,,,
67029,MTA,22,INFO,2.87,3.17,40,2559,2562,3,40,ธิดาแม่พระ,โรงเรียนมีชื่อเสียง,84,สุราษฎร์ธานี,ภาคใต้,BDA,รับตรง,"มากกว่า 25,000 บาทต่อเดือน",,,,
67035,MTA,22,INFO,3.33,3.56,40,2559,2562,2,40,วิทยาลัยศิลปหัตถกรรมนครศรีธรรมราช,โรงเรียนทั่วไป,80,นครศรีธรรมราช,ภาคใต้,BDA,รับตรง,"12,500-25,000 บาทต่อเดือน",,,,
67051,DCM,22,INFO,2.89,2.48,40,2559,2562,3,40,บริหารธุรกิจวิทยา,โรงเรียนทั่วไป,90,สงขลา,ภาคใต้,BDA,รับตรง,"12,500-25,000 บาทต่อเดือน",,,,
67052,DCA,22,INFO,3.28,3.13,40,2559,2562,3,40,สตรีราชินูทิศ,โรงเรียนมีชื่อเสียง,41,อุดราธานี,ภาคตะวันออกเฉียงเหนือ,BDA,รับตรง,"มากกว่า 25,000 บาทต่อเดือน",,,,
67059,IT,22,INFO,2.87,2.25,40,2559,2562,3,40,ฉวางรัชดาภิเษก,โรงเรียนทั่วไป,80,นครศรีธรรมราช,ภาคใต้,BDA,รับตรง,"12,500-25,000 บาทต่อเดือน",,,,
67064,MTA,22,INFO,2.97,2.92,40,2559,2562,3,40,ศูนย์บริการการศึกษานอกโรงเรียนอำเภอเมืองสุราษฏร์ธานี,โรงเรียนทั่วไป,84,สุราษฎร์ธานี,ภาคใต้,BDA,รับตรง,"น้อยกว่า 12,500 บาทต่อเดือน",,,,
67066,DCA,22,INFO,2.44,2.7,40,2559,2562,3,40,พะตงวิทยามูลนิธิ,โรงเรียนทั่วไป,90,สงขลา,ภาคใต้,BDA,รับตรง,"น้อยกว่า 12,500 บาทต่อเดือน",,,,
67123,MTA,22,INFO,3.27,3.58,40,2559,2562,3,40,ดอนสักผดุงวิทย์,โรงเรียนทั่วไป,84,สุราษฎร์ธานี,ภาคใต้,BDA,รับตรง,"น้อยกว่า 12,500 บาทต่อเดือน",,,,
67125,IT,22,INFO,3.59,3.6,40,2559,2562,2,40,วิทยาลัยเทคนิคพัทลุง,โรงเรียนทั่วไป,93,พัทลุง,ภาคใต้,BDA,รับตรง,"มากกว่า 25,000 บาทต่อเดือน",,,,
67151,MTA,22,INFO,3.09,2.05,40,2559,2562,2,40,ท้ายเหมืองวิทยา,โรงเรียนทั่วไป,82,พังงา,ภาคใต้,BDA,รับตรง,"12,500-25,000 บาทต่อเดือน",,,,
67205,DCM,22,INFO,3.08,2.46,40,2559,2562,3,40,เฉลิมพระเกียรติสมเด็จพระศรีนครินทร์ ภูเก็ต,โรงเรียนมีชื่อเสียง,83,ภูเก็ต,ภาคใต้,BDA,รับตรง,"มากกว่า 25,000 บาทต่อเดือน",,,,
67224,MTA,22,INFO,2.68,2.61,40,2559,2562,3,40,ฉวางรัชดาภิเษก,โรงเรียนทั่วไป,80,นครศรีธรรมราช,ภาคใต้,BDA,รับตรง,"น้อยกว่า 12,500 บาทต่อเดือน",,,,
67230,MTA,22,INFO,2.98,3.25,40,2559,2562,3,40,พะตงวิทยามูลนิธิ,โรงเรียนทั่วไป,90,สงขลา,ภาคใต้,BDA,รับตรง,"น้อยกว่า 12,500 บาทต่อเดือน",,,,
67232,IT,22,INFO,2.86,2.72,40,2559,2562,3,40,วิทยาลัยเทคนิคนครศรีธรรมราช,โรงเรียนทั่วไป,80,นครศรีธรรมราช,ภาคใต้,BDA,รับตรง,"มากกว่า 25,000 บาทต่อเดือน",,,,
67236,DCM,22,INFO,3.35,2.97,40,2559,2562,3,40,วิทยาลัยอาชีวะศึกษาภูเก็ต,โรงเรียนทั่วไป,83,ภูเก็ต,ภาคใต้,BDA,รับตรง,"12,500-25,000 บาทต่อเดือน",,,,
67513,DCA,22,INFO,2.61,3.01,40,2559,2562,2,40,นารีวุฒิ,โรงเรียนมีชื่อเสียง,70,ราชบุรี,ภาคตะวันตก,BDA,Admission,"12,500-25,000 บาทต่อเดือน",,,,
67524,DCA,22,INFO,2.11,1.63,40,2559,2563,2,40,หาดใหญ่รัฐประชาสรรค์,โรงเรียนทั่วไป,90,สงขลา,ภาคใต้,BDA,Admission,"มากกว่า 25,000 บาทต่อเดือน",,,,
67684,MTA,22,INFO,3.35,3.44,40,2559,2562,3,40,ทุ่งหนองแห้งประชาสรรค์,โรงเรียนทั่วไป,92,ตรัง,ภาคใต้,BDA,Admission,"มากกว่า 25,000 บาทต่อเดือน",,,,
67750,DCA,22,INFO,2.27,2.6,40,2559,2562,2,40,กัลยาณีศรีธรรมราช,โรงเรียนมีชื่อเสียง,80,นครศรีธรรมราช,ภาคใต้,BDA,Admission,"มากกว่า 25,000 บาทต่อเดือน",,,,
67796,DCA,22,INFO,2.28,2.25,40,2559,2562,3,40,หารเทารังสีประชาสรรค์,โรงเรียนทั่วไป,93,พัทลุง,ภาคใต้,BDA,Admission,"12,500-25,000 บาทต่อเดือน",,,,
67857,DCM,22,INFO,2.57,2.41,40,2559,2563,1,40,สตรีภูเก็ต,โรงเรียนมีชื่อเสียง,83,ภูเก็ต,ภาคใต้,BDA,รับตรง,"12,500-25,000 บาทต่อเดือน",,,,
67859,IT,22,INFO,2.08,2.15,40,2559,2562,3,40,สิชลคุณาธารวิทยา,โรงเรียนทั่วไป,80,นครศรีธรรมราช,ภาคใต้,BDA,รับตรง,"น้อยกว่า 12,500 บาทต่อเดือน",,,,
67863,MTA,22,INFO,2.3,2.37,40,2559,2562,2,40,ศรีธรรมราชศึกษา,โรงเรียนทั่วไป,80,นครศรีธรรมราช,ภาคใต้,BDA,รับตรง,"น้อยกว่า 12,500 บาทต่อเดือน",,,,
67890,DCA,22,INFO,2.32,2.75,40,2559,2562,3,40,สภาราชินี 2,โรงเรียนทั่วไป,92,ตรัง,ภาคใต้,BDA,รับตรง,"12,500-25,000 บาทต่อเดือน",,,,
67946,MTA,22,INFO,2.94,3.16,40,2559,2562,2,40,วิทยาลัยอาชีวะศึกษาภูเก็ต,โรงเรียนทั่วไป,83,ภูเก็ต,ภาคใต้,BDA,รับตรง,"12,500-25,000 บาทต่อเดือน",,,,
67958,MTA,22,INFO,2.86,2.22,40,2559,2562,3,40,เฉลิมพระเกียรติสมเด็จพระศรีนครินทร์ ภูเก็ต,โรงเรียนมีชื่อเสียง,83,ภูเก็ต,ภาคใต้,BDA,รับตรง,"12,500-25,000 บาทต่อเดือน",,,,
67963,MTA,22,INFO,3.33,3.22,40,2559,2562,3,40,วิทยาลัยอาชีวะศึกษาภูเก็ต,โรงเรียนทั่วไป,83,ภูเก็ต,ภาคใต้,BDA,รับตรง,"12,500-25,000 บาทต่อเดือน",,,,
67969,DCA,22,INFO,2.16,2.53,40,2559,2562,3,40,วิทยาลัยอาชีวะศึกษาภูเก็ต,โรงเรียนทั่วไป,83,ภูเก็ต,ภาคใต้,BDA,รับตรง,"12,500-25,000 บาทต่อเดือน",,,,
67971,DCA,22,INFO,2.56,2,40,2559,2562,2,40,จริยธรรมศึกษามูลนิธิ,โรงเรียนทั่วไป,90,สงขลา,ภาคใต้,BDA,รับตรง,"น้อยกว่า 12,500 บาทต่อเดือน",,,,
67975,DCA,22,INFO,3.18,2.37,40,2559,2562,3,40,ศูนย์บริการการศึกษานอกโรงเรียนอำเภอหัวไทร,โรงเรียนทั่วไป,80,นครศรีธรรมราช,ภาคใต้,BDA,รับตรง,"12,500-25,000 บาทต่อเดือน",,,,
68028,MTA,22,INFO,2.27,2.74,40,2559,2562,2,40,วิทยาลัยเทคนิคนครศรีธรรมราช,โรงเรียนทั่วไป,80,นครศรีธรรมราช,ภาคใต้,BDA,รับตรง,"น้อยกว่า 12,500 บาทต่อเดือน",,,,
68035,MTA,22,INFO,2.98,3.11,40,2559,2562,2,40,วิทยาลัยศิลปหัตถกรรมนครศรีธรรมราช,โรงเรียนทั่วไป,80,นครศรีธรรมราช,ภาคใต้,BDA,รับตรง,"น้อยกว่า 12,500 บาทต่อเดือน",,,,
68041,DCM,22,INFO,2.12,2.64,40,2559,2563,1,40,มุสลิมวิทยา,โรงเรียนทั่วไป,83,ภูเก็ต,ภาคใต้,BDA,รับตรง,"12,500-25,000 บาทต่อเดือน",,,,
68051,MTA,22,INFO,2.18,2.3,40,2559,2562,3,40,วิทยาลัยศิลปหัตถกรรมนครศรีธรรมราช,โรงเรียนทั่วไป,80,นครศรีธรรมราช,ภาคใต้,BDA,รับตรง,"น้อยกว่า 12,500 บาทต่อเดือน",,,,
68066,IT,22,INFO,2.98,3.34,40,2559,2562,3,40,กีฬาจังหวัดนครศรีธรรมราช,โรงเรียนทั่วไป,80,นครศรีธรรมราช,ภาคใต้,BDA,รับตรง,"น้อยกว่า 12,500 บาทต่อเดือน",,,,
68073,MTA,22,INFO,3.07,2.53,40,2559,2562,3,40,ศูนย์บริการการศึกษานอกโรงเรียนอำเภอกาญจนดิษฐ์,โรงเรียนทั่วไป,84,สุราษฎร์ธานี,ภาคใต้,BDA,รับตรง,"มากกว่า 25,000 บาทต่อเดือน",,,,
68101,MTA,22,INFO,2.93,3.03,40,2559,2563,1,40,อัสสัมชัญธนบุรี,โรงเรียนมีชื่อเสียง,10,กรุงเทพมหานคร,กรุงเทพฯและปริมณฑล,BDA,รับตรง,"12,500-25,000 บาทต่อเดือน",,,,
68132,MTA,22,INFO,2.88,2.3,40,2559,2562,3,40,โยธินบำรุง,โรงเรียนทั่วไป,80,นครศรีธรรมราช,ภาคใต้,BDA,รับตรง,"12,500-25,000 บาทต่อเดือน",,,,
68153,DCM,22,INFO,2.07,2.23,40,2559,2563,1,40,สุราษฎร์ธานี 2,โรงเรียนมีชื่อเสียง,84,สุราษฎร์ธานี,ภาคใต้,BDA,รับตรง,"น้อยกว่า 12,500 บาทต่อเดือน",,,,
68162,IT,22,INFO,2.01,2.42,40,2559,2563,3,40,สตรีระนอง,โรงเรียนมีชื่อเสียง,85,ระนอง,ภาคใต้,BDA,รับตรง,"น้อยกว่า 12,500 บาทต่อเดือน",,,,
68266,DCA,22,INFO,2.34,2.63,40,2559,2562,3,40,สตรียะลา,โรงเรียนทั่วไป,95,ยะลา,ภาคใต้,BDA,รับตรง,"น้อยกว่า 12,500 บาทต่อเดือน",,,,
68310,DCM,22,INFO,2.53,2.43,40,2559,2562,3,40,วิทยาลัยเทคนิคยะลา,โรงเรียนทั่วไป,95,ยะลา,ภาคใต้,BDA,รับตรง,"12,500-25,000 บาทต่อเดือน",,,,
68565,DCM,22,INFO,2.14,2.26,40,2559,2562,3,40,สารสิทธิ์พิทยาลัย,โรงเรียนทั่วไป,70,ราชบุรี,ภาคตะวันตก,BDA,รับตรง,"12,500-25,000 บาทต่อเดือน",,,,
69480,MTA,22,INFO,2.25,2.19,40,2560,2564,1,40,เบญจมราชูทิศ นครศรีธรรมราช,โรงเรียนมีชื่อเสียง,80,นครศรีธรรมราช,ภาคใต้,BDA,โควตาทั่วประเทศ,ไม่มีรายได้,,,,
69578,DCA,22,INFO,2.9,3.05,40,2560,2563,2,40,วิทยาลัยศิลปหัตถกรรมนครศรีธรรมราช,โรงเรียนทั่วไป,80,นครศรีธรรมราช,ภาคใต้,BDA,โควตาทั่วประเทศ,"มากกว่า 25,000 บาทต่อเดือน",,,,
69584,DCA,22,INFO,2.55,2.31,40,2560,2563,3,40,มัธยมศึกษาจุฬาภรณ์,โรงเรียนทั่วไป,80,นครศรีธรรมราช,ภาคใต้,BDA,โควตาทั่วประเทศ,"น้อยกว่า 12,500 บาทต่อเดือน",,,,
69607,DCA,22,INFO,2.29,1.94,40,2560,2563,3,40,ศรีธรรมราชศึกษา,โรงเรียนทั่วไป,80,นครศรีธรรมราช,ภาคใต้,BDA,โควตาทั่วประเทศ,"น้อยกว่า 12,500 บาทต่อเดือน",,,,
69610,MTA,22,INFO,2.12,2.23,40,2560,2564,1,40,จริยธรรมศึกษามูลนิธิ,โรงเรียนทั่วไป,90,สงขลา,ภาคใต้,BDA,โควตาทั่วประเทศ,"12,500-25,000 บาทต่อเดือน",,,,
69630,DCA,22,INFO,2.63,2.29,40,2560,2563,2,40,ดอนสักผดุงวิทย์,โรงเรียนทั่วไป,84,สุราษฎร์ธานี,ภาคใต้,BDA,โควตาทั่วประเทศ,"น้อยกว่า 12,500 บาทต่อเดือน",,,,
69633,MTA,22,INFO,3.14,2.2,40,2560,2563,2,40,นวมินทราชูทิศ ทักษิณ,โรงเรียนมีชื่อเสียง,90,สงขลา,ภาคใต้,BDA,โควตาทั่วประเทศ,"น้อยกว่า 12,500 บาทต่อเดือน",,,,
69657,MTA,22,INFO,3.39,3.3,40,2560,2563,2,40,กัลยาณีศรีธรรมราช,โรงเรียนมีชื่อเสียง,80,นครศรีธรรมราช,ภาคใต้,BDA,โควตาทั่วประเทศ,"12,500-25,000 บาทต่อเดือน",,,,
69709,MTA,22,INFO,3.26,2.35,40,2560,2563,3,40,บางแพปฐมพิทยา,โรงเรียนทั่วไป,70,ราชบุรี,ภาคตะวันตก,BDA,โควตาทั่วประเทศ,"มากกว่า 25,000 บาทต่อเดือน",,,,
69720,IT,22,INFO,3.18,2.02,40,2560,2564,3,40,วุฒิชัยวิทยา,โรงเรียนทั่วไป,94,ปัตตานี,ภาคใต้,BDA,โควตาทั่วประเทศ,"มากกว่า 25,000 บาทต่อเดือน",,,,
69740,IT,22,INFO,2.45,2.67,40,2560,2563,3,40,กัลยาณีศรีธรรมราช,โรงเรียนมีชื่อเสียง,80,นครศรีธรรมราช,ภาคใต้,BDA,โควตาทั่วประเทศ,"12,500-25,000 บาทต่อเดือน",,,,
69747,MTA,22,INFO,3.46,3.59,40,2560,2563,2,40,สุราษฎร์ธานี 2,โรงเรียนมีชื่อเสียง,84,สุราษฎร์ธานี,ภาคใต้,BDA,โควตาทั่วประเทศ,"มากกว่า 25,000 บาทต่อเดือน",,,,
69773,MTA,22,INFO,2.16,2.12,40,2560,2563,2,40,ป่าพะยอมพิทยาคม,โรงเรียนทั่วไป,93,พัทลุง,ภาคใต้,BDA,โควตาทั่วประเทศ,"มากกว่า 25,000 บาทต่อเดือน",,,,
69809,DCM,22,INFO,3.36,2.33,40,2560,2563,3,40,ศรีธรรมราชศึกษา,โรงเรียนทั่วไป,80,นครศรีธรรมราช,ภาคใต้,BDA,โควตาทั่วประเทศ,"12,500-25,000 บาทต่อเดือน",,,,
69810,MTA,22,INFO,3.06,2.82,40,2560,2563,2,40,เตรียมอุดมศึกษาภาคใต้,โรงเรียนมีชื่อเสียง,80,นครศรีธรรมราช,ภาคใต้,BDA,โควตาทั่วประเทศ,"มากกว่า 25,000 บาทต่อเดือน",,,,
69818,DCA,22,INFO,2.51,2.47,40,2560,2563,2,40,พรหมคีรีพิทยาคม,โรงเรียนทั่วไป,80,นครศรีธรรมราช,ภาคใต้,BDA,โควตาทั่วประเทศ,"น้อยกว่า 12,500 บาทต่อเดือน",,,,
69855,MTA,22,INFO,2.76,1.67,40,2560,2563,3,40,ตรังคริสเตียนศึกษา,โรงเรียนทั่วไป,92,ตรัง,ภาคใต้,BDA,โควตาทั่วประเทศ,"น้อยกว่า 12,500 บาทต่อเดือน",,,,
69860,MTA,22,INFO,3.29,3.18,40,2560,2563,2,40,สุราษฎร์ธานี 2,โรงเรียนมีชื่อเสียง,84,สุราษฎร์ธานี,ภาคใต้,BDA,โควตาทั่วประเทศ,"มากกว่า 25,000 บาทต่อเดือน",,,,
69864,DCM,22,INFO,3.53,2.58,40,2560,2563,3,40,เตรียมอุดมศึกษาภาคใต้,โรงเรียนมีชื่อเสียง,80,นครศรีธรรมราช,ภาคใต้,BDA,โควตาทั่วประเทศ,"มากกว่า 25,000 บาทต่อเดือน",,,,
69894,MTA,22,INFO,3.16,3.22,40,2560,2563,2,40,วรนารีเฉลิม จังหวัดสงขลา,โรงเรียนมีชื่อเสียง,90,สงขลา,ภาคใต้,BDA,โควตาทั่วประเทศ,"มากกว่า 25,000 บาทต่อเดือน",,,,
69897,MTA,22,INFO,2.98,3.22,40,2560,2563,2,40,สตรีระนอง,โรงเรียนมีชื่อเสียง,85,ระนอง,ภาคใต้,BDA,โควตาทั่วประเทศ,"12,500-25,000 บาทต่อเดือน",,,,
69916,DCA,22,INFO,2.47,2.19,40,2560,2563,2,40,เตรียมอุดมศึกษาภาคใต้,โรงเรียนมีชื่อเสียง,80,นครศรีธรรมราช,ภาคใต้,BDA,โควตาทั่วประเทศ,"12,500-25,000 บาทต่อเดือน",,,,
69967,MTA,22,INFO,3.24,2.76,40,2560,2563,3,40,ดีบุกพังงาวิทยายน,โรงเรียนมีชื่อเสียง,82,พังงา,ภาคใต้,BDA,โควตาทั่วประเทศ,"12,500-25,000 บาทต่อเดือน",,,,
69975,MTA,22,INFO,2.74,2.57,40,2560,2563,3,40,สตรียะลา,โรงเรียนทั่วไป,95,ยะลา,ภาคใต้,BDA,โควตาทั่วประเทศ,"มากกว่า 25,000 บาทต่อเดือน",,,,
69987,DCA,22,INFO,2.73,3.28,40,2560,2563,2,40,พนมเบญจา,โรงเรียนทั่วไป,81,กระบี่,ภาคใต้,BDA,โควตาทั่วประเทศ,"12,500-25,000 บาทต่อเดือน",,,,
70001,MTA,22,INFO,2.6,2.37,40,2560,2563,2,40,ศรีธรรมราชศึกษา,โรงเรียนทั่วไป,80,นครศรีธรรมราช,ภาคใต้,BDA,โควตาทั่วประเทศ,"น้อยกว่า 12,500 บาทต่อเดือน",,,,
70009,MTA,22,INFO,2.85,2.76,40,2560,2563,2,40,ท่าศาลาประสิทธิ์ศึกษา,โรงเรียนทั่วไป,80,นครศรีธรรมราช,ภาคใต้,BDA,โควตาทั่วประเทศ,"น้อยกว่า 12,500 บาทต่อเดือน",,,,
70064,MTA,22,INFO,2.79,2.2,40,2560,2563,3,40,สุราษฎร์ธานี 2,โรงเรียนมีชื่อเสียง,84,สุราษฎร์ธานี,ภาคใต้,BDA,โควตาทั่วประเทศ,"12,500-25,000 บาทต่อเดือน",,,,
70129,DCA,22,INFO,2.87,3.04,40,2560,2563,2,40,คลองท่อมราษฎร์รังสรรค์,โรงเรียนทั่วไป,81,กระบี่,ภาคใต้,BDA,โควตาทั่วประเทศ,"12,500-25,000 บาทต่อเดือน",,,,
70132,DCA,22,INFO,2.54,2.97,40,2560,2563,2,40,เบญจมราชูทิศ นครศรีธรรมราช,โรงเรียนมีชื่อเสียง,80,นครศรีธรรมราช,ภาคใต้,BDA,โควตาทั่วประเทศ,"12,500-25,000 บาทต่อเดือน",,,,
70173,DCA,22,INFO,2.25,2.18,40,2560,2563,3,40,เมืองนครศรีธรรมราช,โรงเรียนทั่วไป,80,นครศรีธรรมราช,ภาคใต้,BDA,โควตาทั่วประเทศ,"12,500-25,000 บาทต่อเดือน",,,,
70177,IT,22,INFO,2.97,2.37,40,2560,2563,3,40,หาดใหญ่วิทยาลัย,โรงเรียนมีชื่อเสียง,90,สงขลา,ภาคใต้,BDA,โควตาทั่วประเทศ,"12,500-25,000 บาทต่อเดือน",,,,
70181,MTA,22,INFO,2.22,2.31,40,2560,2564,1,40,ศรีธรรมราชศึกษา,โรงเรียนทั่วไป,80,นครศรีธรรมราช,ภาคใต้,BDA,โควตาทั่วประเทศ,"12,500-25,000 บาทต่อเดือน",,,,
70243,DCA,22,INFO,2.79,3.08,40,2560,2563,3,40,พิมานพิทยาสรรค์,โรงเรียนมีชื่อเสียง,91,สตูล,ภาคใต้,BDA,ผู้มีความสามารถด้านกิจกรรมนักศึกษา,"น้อยกว่า 12,500 บาทต่อเดือน",,,,
70244,DCA,22,INFO,2.83,3.21,40,2560,2563,2,40,สุราษฏร์พิทยา2,โรงเรียนทั่วไป,84,สุราษฎร์ธานี,ภาคใต้,BDA,ผู้มีความสามารถด้านกิจกรรมนักศึกษา,"12,500-25,000 บาทต่อเดือน",,,,
70248,DCA,22,INFO,3.21,3.11,40,2560,2563,2,40,เทศบาลปลูกปัญญา ในประอุปถัมภ์,โรงเรียนมีชื่อเสียง,83,ภูเก็ต,ภาคใต้,BDA,ผู้มีความสามารถด้านกิจกรรมนักศึกษา,"มากกว่า 25,000 บาทต่อเดือน",,,,
70266,DCA,22,INFO,2.76,2.83,40,2560,2563,3,40,หัวไทรบำรุงราษฎร์,โรงเรียนทั่วไป,80,นครศรีธรรมราช,ภาคใต้,BDA,ผู้มีความสามารถด้านกิจกรรมนักศึกษา,"มากกว่า 25,000 บาทต่อเดือน",,,,
70275,DCM,22,INFO,3.11,2.24,40,2560,2563,3,40,หาดใหญ่วิทยาลัยสมบูรณ์กุลกันยา,โรงเรียนมีชื่อเสียง,90,สงขลา,ภาคใต้,BDA,ผู้มีความสามารถด้านกิจกรรมนักศึกษา,"12,500-25,000 บาทต่อเดือน",,,,
70372,MTA,22,INFO,2.66,2.81,40,2560,2563,3,40,วิเชียรมาตุ,โรงเรียนมีชื่อเสียง,92,ตรัง,ภาคใต้,BDA,โครงการเด็กดีมีที่เรียน,"มากกว่า 25,000 บาทต่อเดือน",,,,
70429,DCA,22,INFO,3.36,2.95,40,2560,2563,2,40,ระโนดวิทยา,โรงเรียนทั่วไป,90,สงขลา,ภาคใต้,BDA,รับตรง,"น้อยกว่า 12,500 บาทต่อเดือน",,,,
70451,DCA,22,INFO,2.33,2.59,40,2560,2563,2,40,เทศบาล ๒ (วัดกะพังสุรินทร์),โรงเรียนมีชื่อเสียง,92,ตรัง,ภาคใต้,BDA,รับตรง,"12,500-25,000 บาทต่อเดือน",,,,
70469,MTA,22,INFO,2.84,3.46,40,2560,2563,2,40,วิทยาลัยเทคนิคนครศรีธรรมราช,โรงเรียนทั่วไป,80,นครศรีธรรมราช,ภาคใต้,BDA,รับตรง,"12,500-25,000 บาทต่อเดือน",,,,
70481,MTA,22,INFO,2.65,2.97,40,2560,2564,3,40,สมุทรสาครวิทยาลัย,โรงเรียนมีชื่อเสียง,74,สมุทรสาคร,กรุงเทพฯและปริมณฑล,BDA,รับตรง,"12,500-25,000 บาทต่อเดือน",,,,
70489,DCA,22,INFO,2.65,2.51,40,2560,2563,2,40,หาดใหญ่รัฐประชาสรรค์,โรงเรียนทั่วไป,90,สงขลา,ภาคใต้,BDA,รับตรง,"น้อยกว่า 12,500 บาทต่อเดือน",,,,
70491,DCA,22,INFO,2.73,2.82,40,2560,2563,3,40,สวนศรีวิทยา,โรงเรียนทั่วไป,86,ชุมพร,ภาคใต้,BDA,รับตรง,"น้อยกว่า 12,500 บาทต่อเดือน",,,,
70517,MTA,22,INFO,3.04,2.54,40,2560,2563,3,40,สตรีระนอง,โรงเรียนมีชื่อเสียง,85,ระนอง,ภาคใต้,BDA,รับตรง,"น้อยกว่า 12,500 บาทต่อเดือน",,,,
70518,MTA,22,INFO,2.35,2.96,40,2560,2563,3,40,จรัสพิชากร,โรงเรียนทั่วไป,80,นครศรีธรรมราช,ภาคใต้,BDA,รับตรง,"12,500-25,000 บาทต่อเดือน",,,,
70538,DCA,22,INFO,3.38,2.93,40,2560,2563,2,40,มัธยมวัดควนวิเศษมูลนิธิ,โรงเรียนทั่วไป,92,ตรัง,ภาคใต้,BDA,รับตรง,"12,500-25,000 บาทต่อเดือน",,,,
70547,DCA,22,INFO,3.32,2.82,40,2560,2563,2,40,โยธินบำรุง,โรงเรียนทั่วไป,80,นครศรีธรรมราช,ภาคใต้,BDA,รับตรง,"น้อยกว่า 12,500 บาทต่อเดือน",,,,
70557,MTA,22,INFO,2.81,2.64,40,2560,2563,3,40,วิทยาลัยศิลปหัตถกรรมนครศรีธรรมราช,โรงเรียนทั่วไป,80,นครศรีธรรมราช,ภาคใต้,BDA,รับตรง,"มากกว่า 25,000 บาทต่อเดือน",,,,
70558,MTA,22,INFO,3.14,3.39,40,2560,2563,2,40,วิทยาลัยเทคนิคนครศรีธรรมราช,โรงเรียนทั่วไป,80,นครศรีธรรมราช,ภาคใต้,BDA,รับตรง,"น้อยกว่า 12,500 บาทต่อเดือน",,,,
70571,MTA,22,INFO,2.47,2.55,40,2560,2563,3,40,ท่าศาลาประสิทธิ์ศึกษา,โรงเรียนทั่วไป,80,นครศรีธรรมราช,ภาคใต้,BDA,รับตรง,"น้อยกว่า 12,500 บาทต่อเดือน",,,,
70595,DCM,22,INFO,3.23,3.36,40,2560,2563,3,40,อุดมศึกษาพณิชยการ,โรงเรียนทั่วไป,90,สงขลา,ภาคใต้,BDA,รับตรง,"มากกว่า 25,000 บาทต่อเดือน",,,,
70633,MTA,22,INFO,2.09,2.69,40,2560,2563,3,40,คณะราษฎรบำรุง จังหวัดยะลา,โรงเรียนมีชื่อเสียง,95,ยะลา,ภาคใต้,BDA,รับตรง,"มากกว่า 25,000 บาทต่อเดือน",,,,
70643,MTA,22,INFO,2.74,2.77,40,2560,2563,2,40,วิทยาลัยศิลปหัตถกรรมนครศรีธรรมราช,โรงเรียนทั่วไป,80,นครศรีธรรมราช,ภาคใต้,BDA,รับตรง,"น้อยกว่า 12,500 บาทต่อเดือน",,,,
70645,MTA,22,INFO,3.11,2.7,40,2560,2563,2,40,ระโนดวิทยา,โรงเรียนทั่วไป,90,สงขลา,ภาคใต้,BDA,รับตรง,"น้อยกว่า 12,500 บาทต่อเดือน",,,,
70662,DCM,22,INFO,3.78,3.07,40,2560,2563,3,40,สตรีภูเก็ต,โรงเรียนมีชื่อเสียง,83,ภูเก็ต,ภาคใต้,BDA,รับตรง,"มากกว่า 25,000 บาทต่อเดือน",,,,
70725,IT,22,INFO,3.16,3.69,40,2560,2563,3,40,วิทยาลัยเทคนิคนครศรีธรรมราช,โรงเรียนทั่วไป,80,นครศรีธรรมราช,ภาคใต้,BDA,รับตรง,"มากกว่า 25,000 บาทต่อเดือน",,,,
70746,MTA,22,INFO,2.83,2.69,40,2560,2563,3,40,สุราษฎร์ธานี 2,โรงเรียนมีชื่อเสียง,84,สุราษฎร์ธานี,ภาคใต้,BDA,รับตรง,ไม่มีรายได้,,,,
70777,DCA,22,INFO,2.34,3.11,40,2560,2563,3,40,นาทวีวิทยาคม,โรงเรียนทั่วไป,90,สงขลา,ภาคใต้,BDA,รับตรง,"12,500-25,000 บาทต่อเดือน",,,,
70815,DCA,22,INFO,2.53,2.68,40,2560,2563,2,40,ท่าศาลาประสิทธิ์ศึกษา,โรงเรียนทั่วไป,80,นครศรีธรรมราช,ภาคใต้,BDA,รับตรง,"มากกว่า 25,000 บาทต่อเดือน",,,,
70821,DCA,22,INFO,2.4,2.67,40,2560,2564,2,40,โพธิสัมพันธ์พิทยาคาร,โรงเรียนทั่วไป,20,ชลบุรี,ภาคตะวันออก,BDA,รับตรง,"12,500-25,000 บาทต่อเดือน",,,,
70822,DCM,22,INFO,2.58,2.95,40,2560,2563,3,40,เบญจมานุสรณ์,โรงเรียนมีชื่อเสียง,22,จันทบุรี,ภาคตะวันออก,BDA,รับตรง,"12,500-25,000 บาทต่อเดือน",,,,
70838,MTA,22,INFO,2.48,2.5,40,2560,2563,3,40,วิทยาลัยเทคโนโลยีภาคใต้,โรงเรียนทั่วไป,92,ตรัง,ภาคใต้,BDA,รับตรง,"มากกว่า 25,000 บาทต่อเดือน",,,,
70859,DCA,22,INFO,2.85,2.5,40,2560,2563,2,40,ท่าศาลาประสิทธิ์ศึกษา,โรงเรียนทั่วไป,80,นครศรีธรรมราช,ภาคใต้,BDA,รับตรง,"มากกว่า 25,000 บาทต่อเดือน",,,,
70864,DCA,22,INFO,3.19,2.83,40,2560,2563,2,40,มัธยมวัดควนวิเศษมูลนิธิ,โรงเรียนทั่วไป,92,ตรัง,ภาคใต้,BDA,รับตรง,"น้อยกว่า 12,500 บาทต่อเดือน",,,,
70884,DCM,22,INFO,2.8,2.79,40,2560,2563,3,40,สุราษฎร์ธานี 2,โรงเรียนมีชื่อเสียง,84,สุราษฎร์ธานี,ภาคใต้,BDA,รับตรง,"น้อยกว่า 12,500 บาทต่อเดือน",,,,
70916,DCA,22,INFO,2.23,2.74,40,2560,2563,3,40,สิชลคุณาธารวิทยา,โรงเรียนทั่วไป,80,นครศรีธรรมราช,ภาคใต้,BDA,รับตรง,"12,500-25,000 บาทต่อเดือน",,,,
70918,IT,22,INFO,2.9,2.77,40,2560,2563,3,40,ท่าศาลาประสิทธิ์ศึกษา,โรงเรียนทั่วไป,80,นครศรีธรรมราช,ภาคใต้,BDA,รับตรง,"12,500-25,000 บาทต่อเดือน",,,,
70922,IT,22,INFO,2.64,2.83,40,2560,2563,3,40,วิทยาลัยเทคนิคนครศรีธรรมราช,โรงเรียนทั่วไป,80,นครศรีธรรมราช,ภาคใต้,BDA,รับตรง,"น้อยกว่า 12,500 บาทต่อเดือน",,,,
70926,DCM,22,INFO,2.55,2.54,40,2560,2563,3,40,เขาพนมแบกศึกษา,โรงเรียนทั่วไป,84,สุราษฎร์ธานี,ภาคใต้,BDA,รับตรง,"น้อยกว่า 12,500 บาทต่อเดือน",,,,
70931,MTA,22,INFO,2.7,2.63,40,2560,2563,2,40,คุระบุรีชัยพัฒนาพิทยาคม,โรงเรียนทั่วไป,82,พังงา,ภาคใต้,BDA,รับตรง,"12,500-25,000 บาทต่อเดือน",,,,
70957,IT,22,INFO,2.41,2.78,40,2560,2563,3,40,มุสลิมสันติธรรมมูลนิธิ,โรงเรียนทั่วไป,80,นครศรีธรรมราช,ภาคใต้,BDA,รับตรง,"12,500-25,000 บาทต่อเดือน",,,,
70982,MTA,22,INFO,3.38,3.88,40,2560,2563,2,40,วิทยาลัยศิลปหัตถกรรมนครศรีธรรมราช,โรงเรียนทั่วไป,80,นครศรีธรรมราช,ภาคใต้,BDA,โครงการเก่ง ดี มีสุข,"น้อยกว่า 12,500 บาทต่อเดือน",,,,
70996,MTA,22,INFO,3.51,3.48,40,2560,2563,2,40,ศรีธรรมราชศึกษา,โรงเรียนทั่วไป,80,นครศรีธรรมราช,ภาคใต้,BDA,โครงการเก่ง ดี มีสุข,"มากกว่า 25,000 บาทต่อเดือน",,,,
71104,MTA,22,INFO,2.37,3,40,2560,2563,2,40,วิทยาลัยการอาชีพห้วยยอด,โรงเรียนทั่วไป,92,ตรัง,ภาคใต้,BDA,โควตาทั่วประเทศ,"น้อยกว่า 12,500 บาทต่อเดือน",,,,
71150,MTA,22,INFO,3.27,3.02,40,2560,2563,3,40,วิทยาลัยอาชีวะศึกษาภูเก็ต,โรงเรียนทั่วไป,83,ภูเก็ต,ภาคใต้,BDA,รับตรง,"12,500-25,000 บาทต่อเดือน",,,,
71164,MTA,22,INFO,3.09,3.23,40,2560,2563,3,40,ดารุสสาลาม,โรงเรียนทั่วไป,96,นราธิวาส,ภาคใต้,BDA,รับตรง,"น้อยกว่า 12,500 บาทต่อเดือน",,,,
71168,DCA,22,INFO,2.91,2.81,40,2560,2563,3,40,วิทยาลัยเทคโนโลยีสุราษฎร์ธานี,โรงเรียนทั่วไป,84,สุราษฎร์ธานี,ภาคใต้,BDA,รับตรง,"น้อยกว่า 12,500 บาทต่อเดือน",,,,
71194,DCM,22,INFO,2.98,2.55,40,2560,2563,3,40,กัลยาณีศรีธรรมราช,โรงเรียนมีชื่อเสียง,80,นครศรีธรรมราช,ภาคใต้,BDA,รับตรง,"น้อยกว่า 12,500 บาทต่อเดือน",,,,
71204,MTA,22,INFO,2.96,1.97,40,2560,2563,2,40,ศรีธรรมราชศึกษา,โรงเรียนทั่วไป,80,นครศรีธรรมราช,ภาคใต้,BDA,โควตาทั่วประเทศ,"น้อยกว่า 12,500 บาทต่อเดือน",,,,
71314,MTA,22,INFO,2.85,2.68,40,2560,2563,2,40,เวียงสระ,โรงเรียนทั่วไป,84,สุราษฎร์ธานี,ภาคใต้,BDA,โควตาทั่วประเทศ,"น้อยกว่า 12,500 บาทต่อเดือน",,,,
71435,DCA,22,INFO,2.68,3.16,40,2560,2564,2,40,เฉลิมราชประชาอุทิศ,โรงเรียนทั่วไป,80,นครศรีธรรมราช,ภาคใต้,BDA,รับตรง,ไม่มีรายได้,,,,
71588,DCA,22,INFO,3.41,2.89,40,2560,2563,2,40,กัลยาณีศรีธรรมราช,โรงเรียนมีชื่อเสียง,80,นครศรีธรรมราช,ภาคใต้,BDA,รับตรง,"มากกว่า 25,000 บาทต่อเดือน",,,,
71624,DCA,22,INFO,2.64,2.07,40,2560,2563,2,40,กัลยาณีศรีธรรมราช,โรงเรียนมีชื่อเสียง,80,นครศรีธรรมราช,ภาคใต้,BDA,โครงการส่งเสริมนักเรียนที่มีความสามารถเข้าศึกษาต่อสำนักวิชาINFO (กลุ่ม1),"มากกว่า 25,000 บาทต่อเดือน",,,,
72140,DCA,22,INFO,2.39,2.58,40,2560,2563,2,40,เทศบาล 1 (เอ็งเสียงสามัคคี),โรงเรียนมีชื่อเสียง,90,สงขลา,ภาคใต้,BDA,รับตรง,"12,500-25,000 บาทต่อเดือน",,,,
72157,DCA,22,INFO,2.94,2.43,40,2560,2563,2,40,หาดใหญ่วิทยาลัย,โรงเรียนมีชื่อเสียง,90,สงขลา,ภาคใต้,BDA,Admission,"12,500-25,000 บาทต่อเดือน",,,,
72166,IT,22,INFO,3.57,2.88,40,2560,2563,3,40,ทุ่งใหญ่วิทยาคม,โรงเรียนทั่วไป,80,นครศรีธรรมราช,ภาคใต้,BDA,รับตรง,"น้อยกว่า 12,500 บาทต่อเดือน",,,,
72215,IT,22,INFO,3.7,3.4,40,2560,2563,3,40,สิชลประชาสรรค์,โรงเรียนทั่วไป,80,นครศรีธรรมราช,ภาคใต้,BDA,Admission,"12,500-25,000 บาทต่อเดือน",,,,
72272,DCA,22,INFO,2.49,3.39,40,2560,2563,2,40,อัสสัมชัญ นครราชสีมา,โรงเรียนทั่วไป,30,นครราชสีมา,ภาคตะวันออกเฉียงเหนือ,BDA,Admission,"น้อยกว่า 12,500 บาทต่อเดือน",,,,
72284,IT,22,INFO,2.77,1.98,40,2560,2563,3,40,นราธิวาส,โรงเรียนมีชื่อเสียง,96,นราธิวาส,ภาคใต้,BDA,Admission,"น้อยกว่า 12,500 บาทต่อเดือน",,,,
72324,DCA,22,INFO,3.64,3.8,40,2560,2563,2,40,สาธิตเทศบาลวัดเพชรจริก,โรงเรียนมีชื่อเสียง,80,นครศรีธรรมราช,ภาคใต้,BDA,Admission,"มากกว่า 25,000 บาทต่อเดือน",,,,
72329,IT,22,INFO,2.5,2.37,40,2560,2563,3,40,ทับสะแกวิทยา,โรงเรียนทั่วไป,77,ประจวบคีรีขันธ์,ภาคตะวันตก,BDA,Admission,"12,500-25,000 บาทต่อเดือน",,,,
72363,MTA,22,INFO,3.1,2.72,40,2560,2563,3,40,อัตตัรกียะห์อิสลามียะห์,โรงเรียนทั่วไป,96,นราธิวาส,ภาคใต้,BDA,รับตรง,"มากกว่า 25,000 บาทต่อเดือน",,,,
73895,MTA,22,INFO,2.75,2.78,40,2561,2564,2,40,สุราษฎร์พิทยา,โรงเรียนทั่วไป,84,สุราษฎร์ธานี,ภาคใต้,BDB,รับตรงทั่วประเทศด้วย Portfolio,"มากกว่า 25,000 บาทต่อเดือน",,,,
73906,DCM,22,INFO,2.78,3.13,40,2561,2564,3,40,ดีบุกพังงาวิทยายน,โรงเรียนมีชื่อเสียง,82,พังงา,ภาคใต้,BDB,โครงการเด็กดีมีที่เรียน,"12,500-25,000 บาทต่อเดือน",,,,
73908,DCA,22,INFO,3.47,2.71,40,2561,2564,2,40,เบญจมราชูทิศ นครศรีธรรมราช,โรงเรียนมีชื่อเสียง,80,นครศรีธรรมราช,ภาคใต้,BDB,รับตรงทั่วประเทศด้วย Portfolio,"มากกว่า 25,000 บาทต่อเดือน",,,,
73931,MTA,22,INFO,3.11,2.58,40,2561,2564,2,40,ท่าศาลาประสิทธิ์ศึกษา,โรงเรียนทั่วไป,80,นครศรีธรรมราช,ภาคใต้,BDB,รับตรงทั่วประเทศด้วย Portfolio,"มากกว่า 25,000 บาทต่อเดือน",,,,
73944,DCA,22,INFO,3.13,2.73,40,2561,2564,2,40,มัธยมวัดควนวิเศษมูลนิธิ,โรงเรียนทั่วไป,92,ตรัง,ภาคใต้,BDB,รับตรงทั่วประเทศด้วย Portfolio,"น้อยกว่า 12,500 บาทต่อเดือน",,,,
73985,MTA,22,INFO,2.98,3.08,40,2561,2564,2,40,บางสวรรค์วิทยาคม,โรงเรียนทั่วไป,84,สุราษฎร์ธานี,ภาคใต้,BDB,รับตรงทั่วประเทศด้วย Portfolio,"12,500-25,000 บาทต่อเดือน",,,,
74000,DCA,22,INFO,3.16,2.9,40,2561,2564,2,40,เฉลิมพระเกียรติสมเด็จพระศรีนครินทร์ ภูเก็ต,โรงเรียนมีชื่อเสียง,83,ภูเก็ต,ภาคใต้,BDB,รับตรงทั่วประเทศด้วย Portfolio,"น้อยกว่า 12,500 บาทต่อเดือน",,,,
74015,MTA,22,INFO,2.71,2.65,40,2561,2564,3,40,สุราษฎร์พิทยา,โรงเรียนทั่วไป,84,สุราษฎร์ธานี,ภาคใต้,BDB,รับตรงทั่วประเทศด้วย Portfolio,"12,500-25,000 บาทต่อเดือน",,,,
74048,MTA,22,INFO,2.52,3.56,40,2561,2564,3,40,เทศบาลบ้านย่านยาว,โรงเรียนทั่วไป,82,พังงา,ภาคใต้,BDB,รับตรงทั่วประเทศด้วย Portfolio,"12,500-25,000 บาทต่อเดือน",,,,
74055,DCA,22,INFO,3.21,3.04,40,2561,2564,2,40,สอาดเผดิมวิทยา,โรงเรียนมีชื่อเสียง,86,ชุมพร,ภาคใต้,BDB,รับตรงทั่วประเทศด้วย Portfolio,"มากกว่า 25,000 บาทต่อเดือน",,,,
74059,MTA,22,INFO,2.71,3.25,40,2561,2564,3,40,พลวิทยา,โรงเรียนทั่วไป,90,สงขลา,ภาคใต้,BDB,รับตรงทั่วประเทศด้วย Portfolio,"น้อยกว่า 12,500 บาทต่อเดือน",,,,
74077,DCA,22,INFO,2.86,2.51,40,2561,2564,2,40,สตรีภูเก็ต,โรงเรียนมีชื่อเสียง,83,ภูเก็ต,ภาคใต้,BDB,รับตรงทั่วประเทศด้วย Portfolio,"12,500-25,000 บาทต่อเดือน",,,,
74079,DCA,22,INFO,2.78,2.81,40,2561,2564,2,40,มุสลิมสันติธรรมมูลนิธิ,โรงเรียนทั่วไป,80,นครศรีธรรมราช,ภาคใต้,BDB,รับตรงทั่วประเทศด้วย Portfolio,"น้อยกว่า 12,500 บาทต่อเดือน",,,,
74082,MTA,22,INFO,3.5,3.54,40,2561,2564,2,40,พลวิทยา,โรงเรียนทั่วไป,90,สงขลา,ภาคใต้,BDB,รับตรงทั่วประเทศด้วย Portfolio,"น้อยกว่า 12,500 บาทต่อเดือน",,,,
74083,MTA,22,INFO,2.93,2.83,40,2561,2564,2,40,เฉลิมพระเกียรติสมเด็จพระศรีนครินทร์ ภูเก็ต,โรงเรียนมีชื่อเสียง,83,ภูเก็ต,ภาคใต้,BDB,รับตรงทั่วประเทศด้วย Portfolio,"12,500-25,000 บาทต่อเดือน",,,,
74112,DCM,22,INFO,3.33,3.32,40,2561,2564,3,40,วิทยาลัยเทคนิคนครศรีธรรมราช,โรงเรียนทั่วไป,80,นครศรีธรรมราช,ภาคใต้,BDB,รับตรงทั่วประเทศด้วย Portfolio,"12,500-25,000 บาทต่อเดือน",,,,
74136,MTA,22,INFO,2.96,3.27,40,2561,2564,2,40,วิทยาลัยศิลปหัตถกรรมนครศรีธรรมราช,โรงเรียนทั่วไป,80,นครศรีธรรมราช,ภาคใต้,BDB,รับตรงทั่วประเทศด้วย Portfolio,"มากกว่า 25,000 บาทต่อเดือน",,,,
74160,DCA,22,INFO,3.08,2.54,40,2561,2564,2,40,ศรีธรรมราชศึกษา,โรงเรียนทั่วไป,80,นครศรีธรรมราช,ภาคใต้,BDB,รับตรงทั่วประเทศด้วย Portfolio,"12,500-25,000 บาทต่อเดือน",,,,
74178,MTA,22,INFO,3.17,3.42,40,2561,2564,2,40,สุไหงโก-ลก,โรงเรียนทั่วไป,96,นราธิวาส,ภาคใต้,BDB,รับตรงทั่วประเทศด้วย Portfolio,"น้อยกว่า 12,500 บาทต่อเดือน",,,,
74194,MTA,22,INFO,3.11,2.92,40,2561,2564,3,40,กัลยาณีศรีธรรมราช,โรงเรียนมีชื่อเสียง,80,นครศรีธรรมราช,ภาคใต้,BDB,รับตรงทั่วประเทศด้วย Portfolio,"12,500-25,000 บาทต่อเดือน",,,,
74205,MTA,22,INFO,2.93,2.9,40,2561,2564,2,40,"ตะกั่วป่า""เสนานุกูล""",โรงเรียนมีชื่อเสียง,82,พังงา,ภาคใต้,BDB,รับตรงทั่วประเทศด้วย Portfolio,"มากกว่า 25,000 บาทต่อเดือน",,,,
74209,DCA,22,INFO,3.61,2.95,40,2561,2564,2,40,สตรีพัทลุง,โรงเรียนมีชื่อเสียง,93,พัทลุง,ภาคใต้,BDB,รับตรงทั่วประเทศด้วย Portfolio,"มากกว่า 25,000 บาทต่อเดือน",,,,
74217,IT,22,INFO,3.4,2.82,40,2561,2564,2,40,พิชัยรัตนาคาร,โรงเรียนมีชื่อเสียง,81,กระบี่,ภาคใต้,BDB,รับตรงทั่วประเทศด้วย Portfolio,"น้อยกว่า 12,500 บาทต่อเดือน",,,,
74228,MTA,22,INFO,3.08,3.16,40,2561,2564,2,40,มหาวชิราวุธ จังหวัดสงขลา,โรงเรียนมีชื่อเสียง,90,สงขลา,ภาคใต้,BDB,โควตาโรงเรียนมาตรฐาน,"น้อยกว่า 12,500 บาทต่อเดือน",,,,
74236,IT,22,INFO,3.27,2.95,40,2561,2564,3,40,ศรีธรรมราชศึกษา,โรงเรียนทั่วไป,80,นครศรีธรรมราช,ภาคใต้,BDB,รับตรงทั่วประเทศด้วย Portfolio,"น้อยกว่า 12,500 บาทต่อเดือน",,,,
74241,DCA,22,INFO,2.65,2.77,40,2561,2564,2,40,เฉลิมพระเกียรติสมเด็จพระศรีนครินทร์ ภูเก็ต,โรงเรียนมีชื่อเสียง,83,ภูเก็ต,ภาคใต้,BDB,รับตรงทั่วประเทศด้วย Portfolio,"น้อยกว่า 12,500 บาทต่อเดือน",,,,
74253,MTA,22,INFO,2.93,3.01,40,2561,2564,2,40,บางสวรรค์วิทยาคม,โรงเรียนทั่วไป,84,สุราษฎร์ธานี,ภาคใต้,BDB,รับตรงทั่วประเทศด้วย Portfolio,"12,500-25,000 บาทต่อเดือน",,,,
74255,MTA,22,INFO,2.72,2.81,40,2561,2564,2,40,เฉลิมพระเกียรติสมเด็จพระศรีนครินทร์ ภูเก็ต,โรงเรียนมีชื่อเสียง,83,ภูเก็ต,ภาคใต้,BDB,รับตรงทั่วประเทศด้วย Portfolio,"มากกว่า 25,000 บาทต่อเดือน",,,,
74356,MTA,22,INFO,3.61,3.32,40,2561,2564,2,40,เบญจมราชูทิศ นครศรีธรรมราช,โรงเรียนมีชื่อเสียง,80,นครศรีธรรมราช,ภาคใต้,BDB,รับตรงทั่วประเทศด้วย Portfolio,"12,500-25,000 บาทต่อเดือน",,,,
74390,MTA,22,INFO,2.97,2.85,40,2561,2564,2,40,เมืองสุราษฎร์ธานี,โรงเรียนทั่วไป,84,สุราษฎร์ธานี,ภาคใต้,BDB,รับตรงทั่วประเทศด้วย Portfolio,"12,500-25,000 บาทต่อเดือน",,,,
74407,MTA,22,INFO,3.25,3.63,40,2561,2564,2,40,วิทยาลัยศิลปหัตถกรรมนครศรีธรรมราช,โรงเรียนทั่วไป,80,นครศรีธรรมราช,ภาคใต้,BDB,รับตรงทั่วประเทศด้วย Portfolio,"12,500-25,000 บาทต่อเดือน",,,,
74434,MTA,22,INFO,3.29,2.88,40,2561,2564,3,40,เบญจมราชูทิศ นครศรีธรรมราช,โรงเรียนมีชื่อเสียง,80,นครศรีธรรมราช,ภาคใต้,BDB,รับตรงทั่วประเทศด้วย Portfolio,"มากกว่า 25,000 บาทต่อเดือน",,,,
74435,IT,22,INFO,2.69,2.97,40,2561,2564,3,40,ทุ่งสง,โรงเรียนมีชื่อเสียง,80,นครศรีธรรมราช,ภาคใต้,BDB,รับตรงทั่วประเทศด้วย Portfolio,"มากกว่า 25,000 บาทต่อเดือน",,,,
74450,MTA,22,INFO,2.85,2.68,40,2561,2564,3,40,เทศบาลปลูกปัญญา ในประอุปถัมภ์,โรงเรียนมีชื่อเสียง,83,ภูเก็ต,ภาคใต้,BDB,รับตรงทั่วประเทศด้วย Portfolio,"12,500-25,000 บาทต่อเดือน",,,,
74453,DCA,22,INFO,2.7,2.58,40,2561,2564,2,40,สิชลคุณาธารวิทยา,โรงเรียนทั่วไป,80,นครศรีธรรมราช,ภาคใต้,BDB,รับตรงทั่วประเทศด้วย Portfolio,"12,500-25,000 บาทต่อเดือน",,,,
74454,MTA,22,INFO,3.06,2.71,40,2561,2564,2,40,ปากพนัง,โรงเรียนทั่วไป,80,นครศรีธรรมราช,ภาคใต้,BDB,รับตรงทั่วประเทศด้วย Portfolio,"มากกว่า 25,000 บาทต่อเดือน",,,,
74463,DCM,22,INFO,2.69,2.69,40,2561,2564,3,40,เกาะสมุย,โรงเรียนมีชื่อเสียง,84,สุราษฎร์ธานี,ภาคใต้,BDB,รับตรงทั่วประเทศด้วย Portfolio,"น้อยกว่า 12,500 บาทต่อเดือน",,,,
74487,MTA,22,INFO,2.94,3.03,40,2561,2564,2,40,วิทยาลัยศิลปหัตถกรรมนครศรีธรรมราช,โรงเรียนทั่วไป,80,นครศรีธรรมราช,ภาคใต้,BDB,รับตรงทั่วประเทศด้วย Portfolio,"น้อยกว่า 12,500 บาทต่อเดือน",,,,
74503,DCM,22,INFO,3.7,3.1,40,2561,2564,3,40,เบญจมราชูทิศ นครศรีธรรมราช,โรงเรียนมีชื่อเสียง,80,นครศรีธรรมราช,ภาคใต้,BDB,รับตรงทั่วประเทศด้วย Portfolio,"12,500-25,000 บาทต่อเดือน",,,,
74516,IT,22,INFO,3.33,2.81,40,2561,2564,2,40,พิชัยรัตนาคาร,โรงเรียนมีชื่อเสียง,81,กระบี่,ภาคใต้,BDB,รับตรงทั่วประเทศด้วย Portfolio,"มากกว่า 25,000 บาทต่อเดือน",,,,
74517,MTA,22,INFO,3,3.78,40,2561,2564,2,40,วิทยาลัยอาชีวะศึกษาภูเก็ต,โรงเรียนทั่วไป,83,ภูเก็ต,ภาคใต้,BDB,รับตรงทั่วประเทศด้วย Portfolio,"มากกว่า 25,000 บาทต่อเดือน",,,,
74549,DCA,22,INFO,2.66,2.56,40,2561,2564,2,40,เมืองนครศรีธรรมราช,โรงเรียนทั่วไป,80,นครศรีธรรมราช,ภาคใต้,BDB,รับตรงทั่วประเทศด้วย Portfolio,"น้อยกว่า 12,500 บาทต่อเดือน",,,,
74552,MTA,22,INFO,2.99,3.14,40,2561,2564,2,40,วิทยาลัยเทคนิคนครศรีธรรมราช,โรงเรียนทั่วไป,80,นครศรีธรรมราช,ภาคใต้,BDB,รับตรงทั่วประเทศด้วย Portfolio,"น้อยกว่า 12,500 บาทต่อเดือน",,,,
74586,DCM,22,INFO,3.84,3.82,40,2561,2564,3,40,วิทยาลัยเทคนิคนครศรีธรรมราช,โรงเรียนทั่วไป,80,นครศรีธรรมราช,ภาคใต้,BDB,รับตรงทั่วประเทศด้วย Portfolio,"มากกว่า 25,000 บาทต่อเดือน",,,,
74604,DCM,22,INFO,3.9,3.8,40,2561,2564,3,40,มัธยมเปี่ยมรัก,โรงเรียนทั่วไป,84,สุราษฎร์ธานี,ภาคใต้,BDB,รับตรงทั่วประเทศด้วย Portfolio,"มากกว่า 25,000 บาทต่อเดือน",,,,
74606,MTA,22,INFO,3.41,3.12,40,2561,2564,2,40,นวมินทราชูทิศ ทักษิณ,โรงเรียนมีชื่อเสียง,90,สงขลา,ภาคใต้,BDB,รับตรงทั่วประเทศด้วย Portfolio,"มากกว่า 25,000 บาทต่อเดือน",,,,
74611,DCA,22,INFO,3.51,3.23,40,2561,2564,2,40,กัลยาณีศรีธรรมราช,โรงเรียนมีชื่อเสียง,80,นครศรีธรรมราช,ภาคใต้,BDB,รับตรงทั่วประเทศด้วย Portfolio,"12,500-25,000 บาทต่อเดือน",,,,
74628,IT,22,INFO,3.04,3.09,40,2561,2564,3,40,พะตงวิทยามูลนิธิ,โรงเรียนทั่วไป,90,สงขลา,ภาคใต้,BDB,รับตรงทั่วประเทศด้วย Portfolio,"12,500-25,000 บาทต่อเดือน",,,,
74647,MTA,22,INFO,2.64,2.51,40,2561,2564,2,40,ท่าศาลาประสิทธิ์ศึกษา,โรงเรียนทั่วไป,80,นครศรีธรรมราช,ภาคใต้,BDB,รับตรงทั่วประเทศด้วย Portfolio,ไม่มีรายได้,,,,
74669,MTA,22,INFO,2.79,2.89,40,2561,2564,2,40,ท้ายเหมืองวิทยา,โรงเรียนทั่วไป,82,พังงา,ภาคใต้,BDB,รับตรงทั่วประเทศด้วย Portfolio,"12,500-25,000 บาทต่อเดือน",,,,
74699,DCA,22,INFO,2.66,2.96,40,2561,2564,2,40,ราชประชานุเคราะห์ 42 สตูล,โรงเรียนทั่วไป,91,สตูล,ภาคใต้,BDB,รับตรงทั่วประเทศด้วย Portfolio,"น้อยกว่า 12,500 บาทต่อเดือน",,,,
74739,DCA,22,INFO,2.9,2.53,40,2561,2564,2,40,พรหมคีรีพิทยาคม,โรงเรียนทั่วไป,80,นครศรีธรรมราช,ภาคใต้,BDB,รับตรงทั่วประเทศด้วย Portfolio,"น้อยกว่า 12,500 บาทต่อเดือน",,,,
74744,MTA,22,INFO,3.46,3.43,40,2561,2564,2,40,เตรียมอุดมศึกษาภาคใต้,โรงเรียนมีชื่อเสียง,80,นครศรีธรรมราช,ภาคใต้,BDB,รับตรงทั่วประเทศด้วย Portfolio,"12,500-25,000 บาทต่อเดือน",,,,
74757,MTA,22,INFO,3.06,3.32,40,2561,2564,2,40,วิทยาลัยเทคนิคนครศรีธรรมราช,โรงเรียนทั่วไป,80,นครศรีธรรมราช,ภาคใต้,BDB,รับตรงทั่วประเทศด้วย Portfolio,"น้อยกว่า 12,500 บาทต่อเดือน",,,,
74795,IT,22,INFO,3.45,3.28,40,2561,2564,3,40,กัลยาณีศรีธรรมราช,โรงเรียนมีชื่อเสียง,80,นครศรีธรรมราช,ภาคใต้,BDB,รับตรงทั่วประเทศด้วย Portfolio,"น้อยกว่า 12,500 บาทต่อเดือน",,,,
74817,MTA,22,INFO,3.05,2.74,40,2561,2564,2,40,"ตะกั่วป่า""เสนานุกูล""",โรงเรียนมีชื่อเสียง,82,พังงา,ภาคใต้,BDB,รับตรงทั่วประเทศด้วย Portfolio,"12,500-25,000 บาทต่อเดือน",,,,
74840,DCA,22,INFO,2.6,3.2,40,2561,2564,3,40,เทศบาล 1 (บ้านท่าตะเภา),โรงเรียนทั่วไป,86,ชุมพร,ภาคใต้,BDB,โครงการเด็กดีมีที่เรียน,"12,500-25,000 บาทต่อเดือน",,,,
74860,MTA,22,INFO,3.1,3.08,40,2561,2564,2,40,สตรีทุ่งสง,โรงเรียนมีชื่อเสียง,80,นครศรีธรรมราช,ภาคใต้,BDB,รับตรงทั่วประเทศด้วย Portfolio,"น้อยกว่า 12,500 บาทต่อเดือน",,,,
74862,MTA,22,INFO,3.04,3.11,40,2561,2564,2,40,สุไหงโก-ลก,โรงเรียนทั่วไป,96,นราธิวาส,ภาคใต้,BDB,รับตรงทั่วประเทศด้วย Portfolio,ไม่มีรายได้,,,,
74868,MTA,22,INFO,2.99,3.09,40,2561,2564,3,40,พัฒนาศาสตร์มูลนิธิ,โรงเรียนทั่วไป,90,สงขลา,ภาคใต้,BDB,รับตรงทั่วประเทศด้วย Portfolio,"12,500-25,000 บาทต่อเดือน",,,,
74878,DCA,22,INFO,2.57,3.35,40,2561,2564,2,40,เทศบาลบ้านย่านยาว,โรงเรียนทั่วไป,82,พังงา,ภาคใต้,BDB,รับตรงทั่วประเทศด้วย Portfolio,"12,500-25,000 บาทต่อเดือน",,,,
74911,DCM,22,INFO,3.21,2.76,40,2561,2564,3,40,เบญจมราชูทิศ นครศรีธรรมราช,โรงเรียนมีชื่อเสียง,80,นครศรีธรรมราช,ภาคใต้,BDB,รับตรงทั่วประเทศด้วย Portfolio,"มากกว่า 25,000 บาทต่อเดือน",,,,
74914,DCA,22,INFO,3.64,3.35,40,2561,2564,2,40,อัตตัรกียะห์อิสลามียะห์,โรงเรียนทั่วไป,96,นราธิวาส,ภาคใต้,BDB,รับตรงทั่วประเทศด้วย Portfolio,"มากกว่า 25,000 บาทต่อเดือน",,,,
74917,DCA,22,INFO,2.45,2.54,40,2561,2564,2,40,ท่านครญาณวโรภาสอุทิศ,โรงเรียนมีชื่อเสียง,90,สงขลา,ภาคใต้,BDB,รับตรงทั่วประเทศด้วย Portfolio,"น้อยกว่า 12,500 บาทต่อเดือน",,,,
74931,DCM,22,INFO,2.96,3.13,40,2561,2564,3,40,วิทยาลัยเทคนิคนครศรีธรรมราช,โรงเรียนทั่วไป,80,นครศรีธรรมราช,ภาคใต้,BDB,รับตรงทั่วประเทศด้วย Portfolio,"12,500-25,000 บาทต่อเดือน",,,,
74946,MTA,22,INFO,2.83,2.94,40,2561,2564,2,40,สุราษฏร์พิทยา2,โรงเรียนทั่วไป,84,สุราษฎร์ธานี,ภาคใต้,BDB,รับตรงทั่วประเทศด้วย Portfolio,"น้อยกว่า 12,500 บาทต่อเดือน",,,,
74953,IT,22,INFO,3.32,3.05,40,2561,2564,2,40,อรุณศาสน์วิทยามูลนิธิ,โรงเรียนทั่วไป,91,สตูล,ภาคใต้,BDB,รับตรงทั่วประเทศด้วย Portfolio,"น้อยกว่า 12,500 บาทต่อเดือน",,,,
75004,DCM,22,INFO,3.68,3.59,40,2561,2564,3,40,เตรียมอุดมศึกษาพัฒนาการ สุราษฎร์ธานี,โรงเรียนทั่วไป,84,สุราษฎร์ธานี,ภาคใต้,BDB,โควตา 14 จังหวัดภาคใต้และประจวบคีรีขันธ์,"น้อยกว่า 12,500 บาทต่อเดือน",,,,
75024,MTA,22,INFO,2.85,2.85,40,2561,2564,3,40,ศรีธรรมราชศึกษา,โรงเรียนทั่วไป,80,นครศรีธรรมราช,ภาคใต้,BDB,โควตา 14 จังหวัดภาคใต้และประจวบคีรีขันธ์,"12,500-25,000 บาทต่อเดือน",,,,
75061,IT,22,INFO,3.14,2.72,40,2561,2564,2,40,ศรีธรรมราชศึกษา,โรงเรียนทั่วไป,80,นครศรีธรรมราช,ภาคใต้,BDB,โควตา 14 จังหวัดภาคใต้และประจวบคีรีขันธ์,"น้อยกว่า 12,500 บาทต่อเดือน",,,,
75062,DCA,22,INFO,3.19,2.61,40,2561,2564,2,40,เบญจมราชูทิศ นครศรีธรรมราช,โรงเรียนมีชื่อเสียง,80,นครศรีธรรมราช,ภาคใต้,BDB,โควตา 14 จังหวัดภาคใต้และประจวบคีรีขันธ์,"มากกว่า 25,000 บาทต่อเดือน",,,,
75075,DCM,22,INFO,2.32,1.93,40,2561,2564,3,40,กัลยาณีศรีธรรมราช,โรงเรียนมีชื่อเสียง,80,นครศรีธรรมราช,ภาคใต้,BDB,โควตา 14 จังหวัดภาคใต้และประจวบคีรีขันธ์,"มากกว่า 25,000 บาทต่อเดือน",,,,
75082,DCA,22,INFO,2.44,1.67,40,2561,2564,3,40,ศรีธรรมราชศึกษา,โรงเรียนทั่วไป,80,นครศรีธรรมราช,ภาคใต้,BDB,โควตา 14 จังหวัดภาคใต้และประจวบคีรีขันธ์,"12,500-25,000 บาทต่อเดือน",,,,
75091,DCA,22,INFO,2.52,2,40,2561,2564,2,40,ท่าศาลาประสิทธิ์ศึกษา,โรงเรียนทั่วไป,80,นครศรีธรรมราช,ภาคใต้,BDB,โควตา 14 จังหวัดภาคใต้และประจวบคีรีขันธ์,"12,500-25,000 บาทต่อเดือน",,,,
75109,IT,22,INFO,3.34,2.83,40,2561,2564,2,40,พัทลุงพิทยาคม,โรงเรียนทั่วไป,93,พัทลุง,ภาคใต้,BDB,โควตา 14 จังหวัดภาคใต้และประจวบคีรีขันธ์,"12,500-25,000 บาทต่อเดือน",,,,
75118,MTA,22,INFO,2.35,1.9,40,2561,2564,2,40,ศรีธรรมราชศึกษา,โรงเรียนทั่วไป,80,นครศรีธรรมราช,ภาคใต้,BDB,โควตา 14 จังหวัดภาคใต้และประจวบคีรีขันธ์,"12,500-25,000 บาทต่อเดือน",,,,
75133,DCA,22,INFO,2.62,2.54,40,2561,2564,2,40,อำมาตย์พานิชนุกูล,โรงเรียนมีชื่อเสียง,81,กระบี่,ภาคใต้,BDB,โควตา 14 จังหวัดภาคใต้และประจวบคีรีขันธ์,"12,500-25,000 บาทต่อเดือน",,,,
75234,DCA,22,INFO,2.9,3.38,40,2561,2564,2,40,พระแสงวิทยา,โรงเรียนทั่วไป,84,สุราษฎร์ธานี,ภาคใต้,BDB,โควตา 14 จังหวัดภาคใต้และประจวบคีรีขันธ์,"น้อยกว่า 12,500 บาทต่อเดือน",,,,
75273,DCM,22,INFO,2.92,2.19,40,2561,2564,3,40,อำมาตย์พานิชนุกูล,โรงเรียนมีชื่อเสียง,81,กระบี่,ภาคใต้,BDB,โควตา 14 จังหวัดภาคใต้และประจวบคีรีขันธ์,"มากกว่า 25,000 บาทต่อเดือน",,,,
75274,IT,22,INFO,3.18,2.75,40,2561,2564,2,40,ฉวางรัชดาภิเษก,โรงเรียนทั่วไป,80,นครศรีธรรมราช,ภาคใต้,BDB,โควตา 14 จังหวัดภาคใต้และประจวบคีรีขันธ์,"น้อยกว่า 12,500 บาทต่อเดือน",,,,
75286,IT,22,INFO,2.85,2.43,40,2561,2564,3,40,นวมินทราชูทิศ ทักษิณ,โรงเรียนมีชื่อเสียง,90,สงขลา,ภาคใต้,BDB,โควตา 14 จังหวัดภาคใต้และประจวบคีรีขันธ์,"น้อยกว่า 12,500 บาทต่อเดือน",,,,
75306,MTA,22,INFO,3,2.11,40,2561,2564,2,40,ศรีธรรมราชศึกษา,โรงเรียนทั่วไป,80,นครศรีธรรมราช,ภาคใต้,BDB,โควตา 14 จังหวัดภาคใต้และประจวบคีรีขันธ์,"มากกว่า 25,000 บาทต่อเดือน",,,,
75325,IT,22,INFO,2.96,2.43,40,2561,2564,3,40,สวัสดิ์รัตนาภิมุข,โรงเรียนทั่วไป,92,ตรัง,ภาคใต้,BDB,โควตา 14 จังหวัดภาคใต้และประจวบคีรีขันธ์,"น้อยกว่า 12,500 บาทต่อเดือน",,,,
75400,DCM,22,INFO,3.25,2.16,40,2561,2564,3,40,สตรีภูเก็ต,โรงเรียนมีชื่อเสียง,83,ภูเก็ต,ภาคใต้,BDB,โควตา 14 จังหวัดภาคใต้และประจวบคีรีขันธ์,"12,500-25,000 บาทต่อเดือน",,,,
75424,DCA,22,INFO,2.21,2.04,40,2561,2564,3,40,เมืองนครศรีธรรมราช,โรงเรียนทั่วไป,80,นครศรีธรรมราช,ภาคใต้,BDB,โควตา 14 จังหวัดภาคใต้และประจวบคีรีขันธ์,"น้อยกว่า 12,500 บาทต่อเดือน",,,,
75490,DCA,22,INFO,2.39,2.15,40,2561,2564,3,40,โยธินบำรุง,โรงเรียนทั่วไป,80,นครศรีธรรมราช,ภาคใต้,BDB,โควตา 14 จังหวัดภาคใต้และประจวบคีรีขันธ์,"12,500-25,000 บาทต่อเดือน",,,,
75500,DCM,22,INFO,2.35,2.41,40,2561,2564,3,40,วิทยาลัยศิลปหัตถกรรมนครศรีธรรมราช,โรงเรียนทั่วไป,80,นครศรีธรรมราช,ภาคใต้,BDB,โควตา 14 จังหวัดภาคใต้และประจวบคีรีขันธ์,"มากกว่า 25,000 บาทต่อเดือน",,,,
75504,DCA,22,INFO,2.89,2.34,40,2561,2564,2,40,สุราษฎร์ธานี,โรงเรียนมีชื่อเสียง,84,สุราษฎร์ธานี,ภาคใต้,BDB,โควตา 14 จังหวัดภาคใต้และประจวบคีรีขันธ์,"12,500-25,000 บาทต่อเดือน",,,,
75507,DCA,22,INFO,2.38,2.56,40,2561,2564,3,40,ทุ่งใหญ่เฉลิมราชอนุสรณ์ รัชมังคลาภิเษก,โรงเรียนทั่วไป,80,นครศรีธรรมราช,ภาคใต้,BDB,โควตา 14 จังหวัดภาคใต้และประจวบคีรีขันธ์,"น้อยกว่า 12,500 บาทต่อเดือน",,,,
75508,DCA,22,INFO,2.06,2.13,40,2561,2564,3,40,เตรียมอุดมศึกษาภาคใต้,โรงเรียนมีชื่อเสียง,80,นครศรีธรรมราช,ภาคใต้,BDB,โควตา 14 จังหวัดภาคใต้และประจวบคีรีขันธ์,"12,500-25,000 บาทต่อเดือน",,,,
75793,DCA,22,INFO,2.49,2.28,40,2561,2564,2,40,โยธินบำรุง,โรงเรียนทั่วไป,80,นครศรีธรรมราช,ภาคใต้,BDB,รับตรงร่วมกัน,"มากกว่า 25,000 บาทต่อเดือน",,,,
75808,DCA,22,INFO,2.08,2.47,40,2561,2564,2,40,ธิดาแม่พระ,โรงเรียนมีชื่อเสียง,84,สุราษฎร์ธานี,ภาคใต้,BDB,รับตรงร่วมกัน,"น้อยกว่า 12,500 บาทต่อเดือน",,,,
75813,IT,22,INFO,3.29,3.13,40,2561,2564,2,40,วิทยาลัยเทคนิคสิชล,โรงเรียนทั่วไป,80,นครศรีธรรมราช,ภาคใต้,BDB,รับตรงร่วมกัน,"มากกว่า 25,000 บาทต่อเดือน",,,,
75850,MTA,22,INFO,2.8,2.23,40,2561,2564,2,40,หาดใหญ่วิทยาลัย,โรงเรียนมีชื่อเสียง,90,สงขลา,ภาคใต้,BDB,รับตรงร่วมกัน,"น้อยกว่า 12,500 บาทต่อเดือน",,,,
75857,MTA,22,INFO,2.38,2.08,40,2561,2564,3,40,บางสวรรค์วิทยาคม,โรงเรียนทั่วไป,84,สุราษฎร์ธานี,ภาคใต้,BDB,รับตรงร่วมกัน,"น้อยกว่า 12,500 บาทต่อเดือน",,,,
75860,DCA,22,INFO,2.77,2.53,40,2561,2564,2,40,อำมาตย์พานิชนุกูล,โรงเรียนมีชื่อเสียง,81,กระบี่,ภาคใต้,BDB,รับตรงร่วมกัน,"น้อยกว่า 12,500 บาทต่อเดือน",,,,
75869,MTA,22,INFO,2.82,2.89,40,2561,2564,2,40,มุสลิมวิทยาภูเก็ต,โรงเรียนทั่วไป,83,ภูเก็ต,ภาคใต้,BDB,รับตรงร่วมกัน,"12,500-25,000 บาทต่อเดือน",,,,
75942,DCA,22,INFO,2.38,2.41,40,2561,2564,2,40,มหาวชิราวุธ จังหวัดสงขลา,โรงเรียนมีชื่อเสียง,90,สงขลา,ภาคใต้,BDB,รับตรงร่วมกัน,"มากกว่า 25,000 บาทต่อเดือน",,,,
75956,MTA,22,INFO,2.89,2.31,40,2561,2564,2,40,พรหมคีรีพิทยาคม,โรงเรียนทั่วไป,80,นครศรีธรรมราช,ภาคใต้,BDB,รับตรงร่วมกัน,"12,500-25,000 บาทต่อเดือน",,,,
75961,MTA,22,INFO,2.35,1.92,40,2561,2564,3,40,พรหมคีรีพิทยาคม,โรงเรียนทั่วไป,80,นครศรีธรรมราช,ภาคใต้,BDB,รับตรงร่วมกัน,"น้อยกว่า 12,500 บาทต่อเดือน",,,,
75983,MTA,22,INFO,2.87,2.18,40,2561,2565,2,40,"สะเดา ""ขรรค์ชัยกัมพลานนท์อนุสรณ์""",โรงเรียนทั่วไป,90,สงขลา ,ภาคใต้,BDB,รับตรงร่วมกัน,"น้อยกว่า 12,500 บาทต่อเดือน",,,,
76055,IT,22,INFO,3.17,2.52,40,2561,2564,3,40,พิปูนสังฆรักษ์ประชาอุทิศ,โรงเรียนทั่วไป,80,นครศรีธรรมราช,ภาคใต้,BDB,รับตรงร่วมกัน,"12,500-25,000 บาทต่อเดือน",,,,
76085,DCM,22,INFO,3.2,3.09,40,2561,2564,3,40,เฉลิมพระเกียรติสมเด็จพระศรีนครินทร์ ภูเก็ต,โรงเรียนมีชื่อเสียง,83,ภูเก็ต,ภาคใต้,BDB,รับตรงร่วมกัน,"12,500-25,000 บาทต่อเดือน",,,,
76121,DCA,22,INFO,3.46,2.35,40,2561,2564,3,40,บรมราชินีนาถราชวิทยาลัย,โรงเรียนมีชื่อเสียง,70,ราชบุรี,ภาคตะวันตก,BDB,รับตรงร่วมกัน,"น้อยกว่า 12,500 บาทต่อเดือน",,,,
76174,DCA,22,INFO,3.07,2.68,40,2561,2564,2,40,ปากพนัง,โรงเรียนทั่วไป,80,นครศรีธรรมราช,ภาคใต้,BDB,รับตรงร่วมกัน,ไม่มีรายได้,,,,
76192,IT,22,INFO,2.78,2.34,40,2561,2564,2,40,ศรีธรรมราชศึกษา,โรงเรียนทั่วไป,80,นครศรีธรรมราช,ภาคใต้,BDB,รับตรงร่วมกัน,"น้อยกว่า 12,500 บาทต่อเดือน",,,,
76210,DCM,22,INFO,3.03,2.03,40,2561,2564,3,40,เฉลิมพระเกียรติสมเด็จพระศรีนครินทร์ ลพบุรี,โรงเรียนมีชื่อเสียง,16,ลพบุรี,ภาคกลาง,BDB,รับตรงร่วมกัน,"มากกว่า 25,000 บาทต่อเดือน",,,,
76248,DCM,22,INFO,2.6,2.23,40,2561,2564,3,40,ศรีธรรมราชศึกษา,โรงเรียนทั่วไป,80,นครศรีธรรมราช,ภาคใต้,BDB,รับตรงร่วมกัน,"น้อยกว่า 12,500 บาทต่อเดือน",,,,
76249,MTA,22,INFO,2.9,2.93,40,2561,2564,2,40,ดาราวิทยาลัย,โรงเรียนมีชื่อเสียง,50,เชียงใหม่,ภาคเหนือ,BDB,รับตรงร่วมกัน,"มากกว่า 25,000 บาทต่อเดือน",,,,
76251,DCA,22,INFO,2.98,3.02,40,2561,2564,2,40,อ่าวลึกประชาสรรค์,โรงเรียนมีชื่อเสียง,81,กระบี่,ภาคใต้,BDB,รับตรงร่วมกัน,"มากกว่า 25,000 บาทต่อเดือน",,,,
76261,MTA,22,INFO,2.69,3.07,40,2561,2565,2,40,สามัคคีวิทยาคม,โรงเรียนทั่วไป,57,เชียงราย,ภาคเหนือ,BDB,รับตรงร่วมกัน,"12,500-25,000 บาทต่อเดือน",,,,
76270,DCA,22,INFO,2.92,2.51,40,2561,2564,2,40,สตรีภูเก็ต,โรงเรียนมีชื่อเสียง,83,ภูเก็ต,ภาคใต้,BDB,รับตรงร่วมกัน,"12,500-25,000 บาทต่อเดือน",,,,
76282,MTA,22,INFO,2.45,2.27,40,2561,2564,3,40,ท่าศาลาประสิทธิ์ศึกษา,โรงเรียนทั่วไป,80,นครศรีธรรมราช,ภาคใต้,BDB,รับตรงร่วมกัน,"น้อยกว่า 12,500 บาทต่อเดือน",,,,
76287,MTA,22,INFO,3.32,2.34,40,2561,2564,2,40,สมุทรสาครบูรณะ,โรงเรียนมีชื่อเสียง,74,สมุทรสาคร ,กรุงเทพฯและปริมณฑล,BDB,รับตรงร่วมกัน,"น้อยกว่า 12,500 บาทต่อเดือน",,,,
76566,DCM,22,INFO,3.27,3.74,40,2561,2564,3,40,วิทยาลัยเทคนิคนครศรีธรรมราช,โรงเรียนทั่วไป,80,นครศรีธรรมราช,ภาคใต้,BDB,รับตรงร่วมกัน,"12,500-25,000 บาทต่อเดือน",,,,
76709,DCA,22,INFO,3.75,2.69,40,2561,2564,2,40,กัลยาณีศรีธรรมราช,โรงเรียนมีชื่อเสียง,80,นครศรีธรรมราช,ภาคใต้,BDB,Admission,"มากกว่า 25,000 บาทต่อเดือน",,,,
76737,DCA,22,INFO,3.19,2.57,40,2561,2564,2,40,กัลยาณีศรีธรรมราช,โรงเรียนมีชื่อเสียง,80,นครศรีธรรมราช,ภาคใต้,BDB,Admission,"น้อยกว่า 12,500 บาทต่อเดือน",,,,
76767,DCA,22,INFO,3,2.61,40,2561,2564,2,40,ท่าศาลาประสิทธิ์ศึกษา,โรงเรียนทั่วไป,80,นครศรีธรรมราช,ภาคใต้,BDB,Admission,"น้อยกว่า 12,500 บาทต่อเดือน",,,,
76768,DCM,22,INFO,2.07,1.94,40,2561,2564,3,40,เบญจมราชูทิศ นครศรีธรรมราช,โรงเรียนมีชื่อเสียง,80,นครศรีธรรมราช,ภาคใต้,BDB,Admission,"มากกว่า 25,000 บาทต่อเดือน",,,,
76827,DCA,22,INFO,2.72,2.57,40,2561,2564,2,40,ท่าแซะรัชดาภิเษก,โรงเรียนทั่วไป,86,ชุมพร,ภาคใต้,BDB,Admission,"น้อยกว่า 12,500 บาทต่อเดือน",,,,
76859,DCM,22,INFO,2.92,2.29,40,2561,2564,3,40,เตรียมอุดมศึกษาภาคใต้,โรงเรียนมีชื่อเสียง,80,นครศรีธรรมราช,ภาคใต้,BDB,รับตรงอิสระ,"มากกว่า 25,000 บาทต่อเดือน",,,,
76880,DCA,22,INFO,2.76,2.99,40,2561,2564,2,40,กำแพงวิทยา,โรงเรียนทั่วไป,91,สตูล,ภาคใต้,BDB,Admission,"น้อยกว่า 12,500 บาทต่อเดือน",,,,
76913,MTA,22,INFO,3.12,3,40,2561,2564,3,40,พิปูนสังฆรักษ์ประชาอุทิศ,โรงเรียนทั่วไป,80,นครศรีธรรมราช,ภาคใต้,BDB,รับตรงอิสระ,"12,500-25,000 บาทต่อเดือน",,,,
76944,DCM,22,INFO,2.88,3.16,40,2561,2564,3,40,พรหมานุสรณ์ เพชรบุรี,โรงเรียนทั่วไป,76,เพชรบุรี,ภาคตะวันตก,BDB,Admission,"12,500-25,000 บาทต่อเดือน",,,,
76946,DCM,22,INFO,2.61,2.22,40,2561,2564,3,40,ดาวรุ่งวิทยา,โรงเรียนทั่วไป,83,ภูเก็ต,ภาคใต้,BDB,รับตรงอิสระ,"มากกว่า 25,000 บาทต่อเดือน",,,,
77364,DCM,22,INFO,2.44,2.96,40,2561,2564,3,40,วิทยาลัยอาชีวศึกษาสุราษฎร์ธานี,โรงเรียนทั่วไป,84,สุราษฎร์ธานี,ภาคใต้,BDB,รับตรงอิสระ,"น้อยกว่า 12,500 บาทต่อเดือน",,,,
77384,DCA,22,INFO,2.4,2.6,40,2561,2564,2,40,วิทยาลัยอาชีวศึกษาสุราษฎร์ธานี,โรงเรียนทั่วไป,84,สุราษฎร์ธานี,ภาคใต้,BDB,รับตรงอิสระ,"มากกว่า 25,000 บาทต่อเดือน",,,,
77484,DCA,22,INFO,2.68,2.73,40,2561,2564,2,40,ศรีธรรมราชศึกษา,โรงเรียนทั่วไป,80,นครศรีธรรมราช,ภาคใต้,BDB,รับตรงอิสระ,"มากกว่า 25,000 บาทต่อเดือน",,,,
77485,DCA,22,INFO,3.02,3.2,40,2561,2564,2,40,ท่าศาลาประสิทธิ์ศึกษา,โรงเรียนทั่วไป,80,นครศรีธรรมราช,ภาคใต้,BDB,รับตรงอิสระ,"น้อยกว่า 12,500 บาทต่อเดือน",,,,
78285,IT,22,INFO,3.53,3.43,40,2562,2565,2,40,ทีปราษฎร์พิทยา,โรงเรียนทั่วไป,84,สุราษฎร์ธานี,ภาคใต้,BDC,รับตรงทั่วประเทศด้วย Portfolio,"น้อยกว่า 12,500 บาทต่อเดือน",,,,
78300,MTA,22,INFO,3.19,3.05,40,2562,2565,3,40,หาดใหญ่วิทยาลัย,โรงเรียนมีชื่อเสียง,90,สงขลา,ภาคใต้,BDC,รับตรงทั่วประเทศด้วย Portfolio,"น้อยกว่า 12,500 บาทต่อเดือน",,,,
78309,IT,22,INFO,3.61,3.14,40,2562,2565,2,40,ย่านตาขาวรัฐชนูปถัมภ์,โรงเรียนทั่วไป,92,ตรัง,ภาคใต้,BDC,รับตรงทั่วประเทศด้วย Portfolio,"น้อยกว่า 12,500 บาทต่อเดือน",,,,
78318,IT,22,INFO,3.35,2.84,40,2562,2565,2,40,ดีบุกพังงาวิทยายน,โรงเรียนมีชื่อเสียง,82,พังงา,ภาคใต้,BDC,รับตรงทั่วประเทศด้วย Portfolio,"มากกว่า 25,000 บาทต่อเดือน",,,,
78346,MTA,22,INFO,3.21,3.09,40,2562,2565,3,40,ศรีธรรมราชศึกษา,โรงเรียนทั่วไป,80,นครศรีธรรมราช,ภาคใต้,BDC,รับตรงทั่วประเทศด้วย Portfolio,"มากกว่า 25,000 บาทต่อเดือน",,,,
78360,DCM,22,INFO,3.73,2.23,40,2562,2565,3,40,พัทลุง,โรงเรียนมีชื่อเสียง,93,พัทลุง,ภาคใต้,BDC,โควตา 14 จังหวัดภาคใต้และประจวบคีรีขันธ์,"12,500-25,000 บาทต่อเดือน",,,,
78370,DCA,22,INFO,3.79,3.26,40,2562,2565,3,40,กัลยาณีศรีธรรมราช,โรงเรียนมีชื่อเสียง,80,นครศรีธรรมราช,ภาคใต้,BDC,รับตรงร่วมกัน,"มากกว่า 25,000 บาทต่อเดือน",,,,
78383,IT,22,INFO,3.41,2.92,40,2562,2565,2,40,ท่าศาลาประสิทธิ์ศึกษา,โรงเรียนทั่วไป,80,นครศรีธรรมราช,ภาคใต้,BDC,รับตรงทั่วประเทศด้วย Portfolio,"น้อยกว่า 12,500 บาทต่อเดือน",,,,
78406,DCM,22,INFO,3.73,3.14,40,2562,2565,3,40,สามัคคีศึกษา,โรงเรียนทั่วไป,92,ตรัง,ภาคใต้,BDC,โควตานักกีฬา,"น้อยกว่า 12,500 บาทต่อเดือน",,,,
78408,DCA,22,INFO,3.12,3.03,40,2562,2565,3,40,ท่าศาลาประสิทธิ์ศึกษา,โรงเรียนทั่วไป,80,นครศรีธรรมราช,ภาคใต้,BDC,รับตรงทั่วประเทศด้วย Portfolio,"น้อยกว่า 12,500 บาทต่อเดือน",,,,
78428,IT,22,INFO,3.39,3.52,40,2562,2565,2,40,ศรีธรรมราชศึกษา,โรงเรียนทั่วไป,80,นครศรีธรรมราช,ภาคใต้,BDC,รับตรงทั่วประเทศด้วย Portfolio,"มากกว่า 25,000 บาทต่อเดือน",,,,
78433,DCM,22,INFO,3.55,2.96,40,2562,2565,3,40,วิเชียรมาตุ,โรงเรียนมีชื่อเสียง,92,ตรัง,ภาคใต้,BDC,รับตรงทั่วประเทศด้วย Portfolio,"น้อยกว่า 12,500 บาทต่อเดือน",,,,
78438,DCM,22,INFO,2.27,2.13,40,2562,2565,3,40,ศรีธรรมราชศึกษา,โรงเรียนทั่วไป,80,นครศรีธรรมราช,ภาคใต้,BDC,โควตา 14 จังหวัดภาคใต้และประจวบคีรีขันธ์,"12,500-25,000 บาทต่อเดือน",,,,
78440,MTA,22,INFO,3.56,3.17,40,2562,2566,1,40,สุไหงโก-ลก,โรงเรียนทั่วไป,96,นราธิวาส,ภาคใต้,BDC,รับตรงร่วมกัน,"น้อยกว่า 12,500 บาทต่อเดือน",,,,
78446,IT,22,INFO,3.35,3.07,40,2562,2565,2,40,ศรีธรรมราชศึกษา,โรงเรียนทั่วไป,80,นครศรีธรรมราช,ภาคใต้,BDC,รับตรงทั่วประเทศด้วย Portfolio,"น้อยกว่า 12,500 บาทต่อเดือน",,,,
78450,MTA,22,INFO,2.71,2.86,40,2562,2565,3,40,วิทยาลัยการอาชีพห้วยยอด,โรงเรียนทั่วไป,92,ตรัง,ภาคใต้,BDC,รับตรงทั่วประเทศด้วย Portfolio,"น้อยกว่า 12,500 บาทต่อเดือน",,,,
78452,IT,22,INFO,3.26,2.83,40,2562,2565,2,40,หาดใหญ่วิทยาลัย,โรงเรียนมีชื่อเสียง,90,สงขลา,ภาคใต้,BDC,รับตรงทั่วประเทศด้วย Portfolio,"12,500-25,000 บาทต่อเดือน",,,,
78461,DCA,22,INFO,2.86,2.58,40,2562,2565,3,40,หารเทารังสีประชาสรรค์,โรงเรียนทั่วไป,93,พัทลุง,ภาคใต้,BDC,รับตรงทั่วประเทศด้วย Portfolio,"น้อยกว่า 12,500 บาทต่อเดือน",,,,
78490,DCA,22,INFO,2.95,2.71,40,2562,2565,3,40,พุนพินพิทยาคม,โรงเรียนทั่วไป,84,สุราษฎร์ธานี,ภาคใต้,BDC,รับตรงทั่วประเทศด้วย Portfolio,"มากกว่า 25,000 บาทต่อเดือน",,,,
78493,MTA,22,INFO,3.57,2.97,40,2562,2565,3,40,พัทลุง,โรงเรียนมีชื่อเสียง,93,พัทลุง,ภาคใต้,BDC,โควตา 14 จังหวัดภาคใต้และประจวบคีรีขันธ์,"มากกว่า 25,000 บาทต่อเดือน",,,,
78501,DCM,22,INFO,3.67,3.18,40,2562,2565,3,40,เบญจมราชูทิศ นครศรีธรรมราช,โรงเรียนมีชื่อเสียง,80,นครศรีธรรมราช,ภาคใต้,BDC,รับตรงทั่วประเทศด้วย Portfolio,"12,500-25,000 บาทต่อเดือน",,,,
78506,MTA,22,INFO,3.45,3.05,40,2562,2565,3,40,มัธยมสิริวัณวรี 2 สงขลา,โรงเรียนทั่วไป,90,สงขลา,ภาคใต้,BDC,รับตรงร่วมกัน,"น้อยกว่า 12,500 บาทต่อเดือน",,,,
78507,DCA,22,INFO,2.88,3.49,40,2562,2565,3,40,วิทยาลัยอาชีวศึกษาเชียงราย,โรงเรียนทั่วไป,57,เชียงราย,ภาคเหนือ,BDC,รับตรงร่วมกัน,"มากกว่า 25,000 บาทต่อเดือน",,,,
78553,MTA,22,INFO,2.96,3.04,40,2562,2565,3,40,สุราษฏร์พิทยา2,โรงเรียนทั่วไป,84,สุราษฎร์ธานี,ภาคใต้,BDC,โควตา 14 จังหวัดภาคใต้และประจวบคีรีขันธ์,"น้อยกว่า 12,500 บาทต่อเดือน",,,,
78554,DCM,22,INFO,3.59,2.42,40,2562,2565,3,40,สุราษฎร์พิทยา,โรงเรียนทั่วไป,84,สุราษฎร์ธานี,ภาคใต้,BDC,โควตา 14 จังหวัดภาคใต้และประจวบคีรีขันธ์,"มากกว่า 25,000 บาทต่อเดือน",,,,
78555,DCM,22,INFO,3.2,2.63,40,2562,2565,3,40,ท่าศาลาประสิทธิ์ศึกษา,โรงเรียนทั่วไป,80,นครศรีธรรมราช,ภาคใต้,BDC,รับตรงทั่วประเทศด้วย Portfolio,"12,500-25,000 บาทต่อเดือน",,,,
78571,IT,22,INFO,3.71,2.78,40,2562,2565,2,40,สาธิตเทศบาลวัดเพชรจริก,โรงเรียนมีชื่อเสียง,80,นครศรีธรรมราช,ภาคใต้,BDC,รับตรงทั่วประเทศด้วย Portfolio,"มากกว่า 25,000 บาทต่อเดือน",,,,
78574,MTA,22,INFO,2.77,2.81,40,2562,2565,3,40,กัลยาณีศรีธรรมราช,โรงเรียนมีชื่อเสียง,80,นครศรีธรรมราช,ภาคใต้,BDC,โควตา 14 จังหวัดภาคใต้และประจวบคีรีขันธ์,"มากกว่า 25,000 บาทต่อเดือน",,,,
78587,DCA,22,INFO,3.08,3.06,40,2562,2565,3,40,เกาะสมุย,โรงเรียนมีชื่อเสียง,84,สุราษฎร์ธานี,ภาคใต้,BDC,รับตรงทั่วประเทศด้วย Portfolio,"น้อยกว่า 12,500 บาทต่อเดือน",,,,
78601,MTA,22,INFO,2.84,2.81,40,2562,2565,3,40,พัทลุง,โรงเรียนมีชื่อเสียง,93,พัทลุง,ภาคใต้,BDC,โควตา 14 จังหวัดภาคใต้และประจวบคีรีขันธ์,"น้อยกว่า 12,500 บาทต่อเดือน",,,,
78602,DCM,22,INFO,3.03,2.51,40,2562,2565,3,40,ศรีธรรมราชศึกษา,โรงเรียนทั่วไป,80,นครศรีธรรมราช,ภาคใต้,BDC,รับตรงทั่วประเทศด้วย Portfolio,"มากกว่า 25,000 บาทต่อเดือน",,,,
78610,DCA,22,INFO,2.89,2.92,40,2562,2565,3,40,จรัสพิชากร,โรงเรียนทั่วไป,80,นครศรีธรรมราช,ภาคใต้,BDC,รับตรงทั่วประเทศด้วย Portfolio,"มากกว่า 25,000 บาทต่อเดือน",,,,
78620,IT,22,INFO,3.31,3.27,40,2562,2565,2,40,เมืองกระบี่,โรงเรียนทั่วไป,81,กระบี่,ภาคใต้,BDC,โควตา 14 จังหวัดภาคใต้และประจวบคีรีขันธ์,"12,500-25,000 บาทต่อเดือน",,,,
78621,MTA,22,INFO,2.6,3.62,40,2562,2565,3,40,วิทยาลัยเทคโนโลยีหาดใหญ่อำนวยวิทย์,โรงเรียนทั่วไป,90,สงขลา,ภาคใต้,BDC,รับตรงทั่วประเทศด้วย Portfolio,"น้อยกว่า 12,500 บาทต่อเดือน",,,,
78628,IT,22,INFO,3.62,3.27,40,2562,2565,2,40,ประทีปศาสน์,โรงเรียนทั่วไป,80,นครศรีธรรมราช,ภาคใต้,BDC,โควตา 14 จังหวัดภาคใต้และประจวบคีรีขันธ์,"น้อยกว่า 12,500 บาทต่อเดือน",,,,
78653,DCA,22,INFO,3.24,3.17,40,2562,2565,3,40,ท่าศาลาประสิทธิ์ศึกษา,โรงเรียนทั่วไป,80,นครศรีธรรมราช,ภาคใต้,BDC,รับตรงทั่วประเทศด้วย Portfolio,"น้อยกว่า 12,500 บาทต่อเดือน",,,,
78660,MTA,22,INFO,2.64,2.94,40,2562,2565,3,40,ท่าศาลาประสิทธิ์ศึกษา,โรงเรียนทั่วไป,80,นครศรีธรรมราช,ภาคใต้,BDC,รับตรงทั่วประเทศด้วย Portfolio,"มากกว่า 25,000 บาทต่อเดือน",,,,
78661,MTA,22,INFO,2.7,2.68,40,2562,2565,3,40,พนมเบญจา,โรงเรียนทั่วไป,81,กระบี่,ภาคใต้,BDC,รับตรงทั่วประเทศด้วย Portfolio,"12,500-25,000 บาทต่อเดือน",,,,
78662,DCA,22,INFO,3.07,2.92,40,2562,2565,3,40,บูรณะรำลึก,โรงเรียนมีชื่อเสียง,92,ตรัง,ภาคใต้,BDC,โควตาโรงเรียนมาตรฐาน,"มากกว่า 25,000 บาทต่อเดือน",,,,
78665,DCA,22,INFO,3.2,2.78,40,2562,2565,3,40,เตรียมอุดมศึกษาสุวินทวงศ์,โรงเรียนทั่วไป,10,กรุงเทพมหานคร,กรุงเทพฯและปริมณฑล,BDC,รับตรงร่วมกัน,"12,500-25,000 บาทต่อเดือน",,,,
78680,IT,22,INFO,3.45,3.16,40,2562,2565,2,40,ปัญญาสารธรรมมูลนิธิ,โรงเรียนทั่วไป,80,นครศรีธรรมราช,ภาคใต้,BDC,รับตรงทั่วประเทศด้วย Portfolio,"มากกว่า 25,000 บาทต่อเดือน",,,,
78698,IT,22,INFO,3.14,3.46,40,2562,2565,2,40,ศาสนูปถัมภ์ปากพะยูนมูลนิธิ,โรงเรียนทั่วไป,93,พัทลุง,ภาคใต้,BDC,รับตรงร่วมกัน,"น้อยกว่า 12,500 บาทต่อเดือน",,,,
78714,IT,22,INFO,3.07,2.89,40,2562,2565,2,40,เกาะสมุย,โรงเรียนมีชื่อเสียง,84,สุราษฎร์ธานี,ภาคใต้,BDC,รับตรงทั่วประเทศด้วย Portfolio,"มากกว่า 25,000 บาทต่อเดือน",,,,
78718,DCA,22,INFO,3.12,2.58,40,2562,2565,3,40,นราธิวาส,โรงเรียนมีชื่อเสียง,96,นราธิวาส,ภาคใต้,BDC,รับตรงทั่วประเทศด้วย Portfolio,"น้อยกว่า 12,500 บาทต่อเดือน",,,,
78722,MTA,22,INFO,3.41,2.87,40,2562,2566,1,40,พรหมคีรีพิทยาคม,โรงเรียนทั่วไป,80,นครศรีธรรมราช,ภาคใต้,BDC,รับตรงทั่วประเทศด้วย Portfolio,"น้อยกว่า 12,500 บาทต่อเดือน",,,,
78726,DCA,22,INFO,2.88,2.85,40,2562,2565,3,40,ป่าพะยอมพิทยาคม,โรงเรียนทั่วไป,93,พัทลุง,ภาคใต้,BDC,รับตรงทั่วประเทศด้วย Portfolio,"น้อยกว่า 12,500 บาทต่อเดือน",,,,
78727,DCA,22,INFO,3.15,2.93,40,2562,2565,3,40,กัลยาณีศรีธรรมราช,โรงเรียนมีชื่อเสียง,80,นครศรีธรรมราช,ภาคใต้,BDC,รับตรงทั่วประเทศด้วย Portfolio,"น้อยกว่า 12,500 บาทต่อเดือน",,,,
78733,IT,22,INFO,2.83,3.14,40,2562,2565,2,40,เกาะสมุย,โรงเรียนมีชื่อเสียง,84,สุราษฎร์ธานี,ภาคใต้,BDC,รับตรงทั่วประเทศด้วย Portfolio,"มากกว่า 25,000 บาทต่อเดือน",,,,
78767,MTA,22,INFO,3.5,3.22,40,2562,2565,3,40,รัษฎา,โรงเรียนทั่วไป,92,ตรัง,ภาคใต้,BDC,รับตรงทั่วประเทศด้วย Portfolio,"น้อยกว่า 12,500 บาทต่อเดือน",,,,
78780,DCA,22,INFO,2.62,2.8,40,2562,2565,3,40,ท่าศาลาประสิทธิ์ศึกษา,โรงเรียนทั่วไป,80,นครศรีธรรมราช,ภาคใต้,BDC,โควตา 14 จังหวัดภาคใต้และประจวบคีรีขันธ์,"มากกว่า 25,000 บาทต่อเดือน",,,,
78783,MTA,22,INFO,2.88,3.55,40,2562,2565,3,40,วิทยาลัยเทคนิคสุราษฎร์ธานี,โรงเรียนทั่วไป,84,สุราษฎร์ธานี,ภาคใต้,BDC,รับตรงทั่วประเทศด้วย Portfolio,"น้อยกว่า 12,500 บาทต่อเดือน",,,,
78790,IT,22,INFO,3.64,3.25,40,2562,2565,2,40,ประทีปศาสน์,โรงเรียนทั่วไป,80,นครศรีธรรมราช,ภาคใต้,BDC,รับตรงทั่วประเทศด้วย Portfolio,"12,500-25,000 บาทต่อเดือน",,,,
78813,IT,22,INFO,3.12,3.1,40,2562,2565,2,40,หัวไทรบำรุงราษฎร์,โรงเรียนทั่วไป,80,นครศรีธรรมราช,ภาคใต้,BDC,รับตรงทั่วประเทศด้วย Portfolio,"น้อยกว่า 12,500 บาทต่อเดือน",,,,
78837,IT,22,INFO,3.91,3.31,40,2562,2565,2,40,ดีบุกพังงาวิทยายน,โรงเรียนมีชื่อเสียง,82,พังงา,ภาคใต้,BDC,รับตรงทั่วประเทศด้วย Portfolio,"12,500-25,000 บาทต่อเดือน",,,,
78845,DCA,22,INFO,3.15,2.93,40,2562,2565,3,40,วิทยาลัยเทคโนโลยีหาดใหญ่อำนวยวิทย์,โรงเรียนทั่วไป,90,สงขลา,ภาคใต้,BDC,รับตรงทั่วประเทศด้วย Portfolio,"น้อยกว่า 12,500 บาทต่อเดือน",,,,
78851,IT,22,INFO,3.61,2.66,40,2562,2565,2,40,พัทลุง,โรงเรียนมีชื่อเสียง,93,พัทลุง,ภาคใต้,BDC,รับตรงทั่วประเทศด้วย Portfolio,"12,500-25,000 บาทต่อเดือน",,,,
78879,IT,22,INFO,3.37,2.56,40,2562,2565,2,40,ท่าศาลาประสิทธิ์ศึกษา,โรงเรียนทั่วไป,80,นครศรีธรรมราช,ภาคใต้,BDC,รับตรงทั่วประเทศด้วย Portfolio,"น้อยกว่า 12,500 บาทต่อเดือน",,,,
78890,DCA,22,INFO,2.87,2.97,40,2562,2565,3,40,ท่าศาลาประสิทธิ์ศึกษา,โรงเรียนทั่วไป,80,นครศรีธรรมราช,ภาคใต้,BDC,รับตรงทั่วประเทศด้วย Portfolio,"น้อยกว่า 12,500 บาทต่อเดือน",,,,
78901,IT,22,INFO,3.11,3.09,40,2562,2565,2,40,ศรีธรรมราชศึกษา,โรงเรียนทั่วไป,80,นครศรีธรรมราช,ภาคใต้,BDC,รับตรงทั่วประเทศด้วย Portfolio,"12,500-25,000 บาทต่อเดือน",,,,
78902,MTA,22,INFO,2.52,2.75,40,2562,2565,3,40,ศรีธรรมราชศึกษา,โรงเรียนทั่วไป,80,นครศรีธรรมราช,ภาคใต้,BDC,โควตา 14 จังหวัดภาคใต้และประจวบคีรีขันธ์,"น้อยกว่า 12,500 บาทต่อเดือน",,,,
78907,DCA,22,INFO,3.47,2.98,40,2562,2565,3,40,บูรณะรำลึก,โรงเรียนมีชื่อเสียง,92,ตรัง,ภาคใต้,BDC,รับตรงทั่วประเทศด้วย Portfolio,"มากกว่า 25,000 บาทต่อเดือน",,,,
78908,DCM,22,INFO,3.18,3.17,40,2562,2565,3,40,วชิรานุกูล,โรงเรียนทั่วไป,90,สงขลา,ภาคใต้,BDC,รับตรงทั่วประเทศด้วย Portfolio,"มากกว่า 25,000 บาทต่อเดือน",,,,
78915,DCM,22,INFO,3.32,3.02,40,2562,2565,3,40,ท่านครญาณวโรภาสอุทิศ,โรงเรียนทั่วไป,80,นครศรีธรรมราช,ภาคใต้,BDC,โควตา 14 จังหวัดภาคใต้และประจวบคีรีขันธ์,"น้อยกว่า 12,500 บาทต่อเดือน",,,,
78924,DCA,22,INFO,2.75,2.88,40,2562,2565,3,40,วิทยาลัยอาชีวศึกษาสุราษฎร์ธานี,โรงเรียนทั่วไป,84,สุราษฎร์ธานี,ภาคใต้,BDC,รับตรงทั่วประเทศด้วย Portfolio,"น้อยกว่า 12,500 บาทต่อเดือน",,,,
78926,DCA,22,INFO,3.28,2.78,40,2562,2565,3,40,กัลยาณีศรีธรรมราช,โรงเรียนมีชื่อเสียง,80,นครศรีธรรมราช,ภาคใต้,BDC,โควตา 14 จังหวัดภาคใต้และประจวบคีรีขันธ์,"มากกว่า 25,000 บาทต่อเดือน",,,,
78938,IT,22,INFO,3.1,2.69,40,2562,2565,2,40,สุราษฎร์ธานี,โรงเรียนมีชื่อเสียง,84,สุราษฎร์ธานี,ภาคใต้,BDC,โควตา 14 จังหวัดภาคใต้และประจวบคีรีขันธ์,"มากกว่า 25,000 บาทต่อเดือน",,,,
78955,MTA,22,INFO,2.83,2.66,40,2562,2565,3,40,กัลยาณีศรีธรรมราช,โรงเรียนมีชื่อเสียง,80,นครศรีธรรมราช,ภาคใต้,BDC,รับตรงทั่วประเทศด้วย Portfolio,"มากกว่า 25,000 บาทต่อเดือน",,,,
78965,MTA,22,INFO,2.95,2.59,40,2562,2565,3,40,สุราษฎร์ธานี,โรงเรียนมีชื่อเสียง,84,สุราษฎร์ธานี,ภาคใต้,BDC,รับตรงทั่วประเทศด้วย Portfolio,"มากกว่า 25,000 บาทต่อเดือน",,,,
78979,MTA,22,INFO,2.63,2.92,40,2562,2566,1,40,กัลยาณีศรีธรรมราช,โรงเรียนมีชื่อเสียง,80,นครศรีธรรมราช,ภาคใต้,BDC,โควตา 14 จังหวัดภาคใต้และประจวบคีรีขันธ์,"มากกว่า 25,000 บาทต่อเดือน",,,,
78996,DCA,22,INFO,2.92,2.6,40,2562,2565,3,40,กะทู้วิทยา,โรงเรียนทั่วไป,83,ภูเก็ต,ภาคใต้,BDC,โควตา 14 จังหวัดภาคใต้และประจวบคีรีขันธ์,"มากกว่า 25,000 บาทต่อเดือน",,,,
79016,IT,22,INFO,2.91,2.77,40,2562,2565,2,40,ท่าศาลาประสิทธิ์ศึกษา,โรงเรียนทั่วไป,80,นครศรีธรรมราช,ภาคใต้,BDC,รับตรงทั่วประเทศด้วย Portfolio,"12,500-25,000 บาทต่อเดือน",,,,
79019,DCA,22,INFO,2.99,2.91,40,2562,2565,3,40,วิเชียรมาตุ,โรงเรียนมีชื่อเสียง,92,ตรัง,ภาคใต้,BDC,รับตรงทั่วประเทศด้วย Portfolio,"12,500-25,000 บาทต่อเดือน",,,,
79033,MTA,22,INFO,2.86,2.96,40,2562,2565,3,40,ท่าศาลาประสิทธิ์ศึกษา,โรงเรียนทั่วไป,80,นครศรีธรรมราช,ภาคใต้,BDC,รับตรงทั่วประเทศด้วย Portfolio,"น้อยกว่า 12,500 บาทต่อเดือน",,,,
79042,IT,22,INFO,3.16,2.58,40,2562,2565,2,40,สตรีภูเก็ต,โรงเรียนมีชื่อเสียง,83,ภูเก็ต,ภาคใต้,BDC,รับตรงทั่วประเทศด้วย Portfolio,"มากกว่า 25,000 บาทต่อเดือน",,,,
79050,IT,22,INFO,3.59,3.25,40,2562,2565,2,40,รุ่งโรจน์วิทยา,โรงเรียนทั่วไป,90,สงขลา,ภาคใต้,BDC,รับตรงทั่วประเทศด้วย Portfolio,"น้อยกว่า 12,500 บาทต่อเดือน",,,,
79055,DCM,22,INFO,3.38,2.78,40,2562,2565,3,40,มัดร่อซาตุลอุลูมิดดีน,โรงเรียนทั่วไป,80,นครศรีธรรมราช,ภาคใต้,BDC,รับตรงทั่วประเทศด้วย Portfolio,"มากกว่า 25,000 บาทต่อเดือน",,,,
79063,MTA,22,INFO,3.52,3.27,40,2562,2565,3,40,สวนศรีวิทยา,โรงเรียนทั่วไป,86,ชุมพร,ภาคใต้,BDC,รับตรงทั่วประเทศด้วย Portfolio,"น้อยกว่า 12,500 บาทต่อเดือน",,,,
79067,IT,22,INFO,2.6,2.05,40,2562,2565,2,40,ศรีธรรมราชศึกษา,โรงเรียนทั่วไป,80,นครศรีธรรมราช,ภาคใต้,BDC,รับตรงร่วมกัน,"น้อยกว่า 12,500 บาทต่อเดือน",,,,
79071,IT,22,INFO,3.5,3.13,40,2562,2565,3,40,ศรีธรรมราชศึกษา,โรงเรียนทั่วไป,80,นครศรีธรรมราช,ภาคใต้,BDC,รับตรงทั่วประเทศด้วย Portfolio,"12,500-25,000 บาทต่อเดือน",,,,
79098,DCM,22,INFO,3.45,3.55,40,2562,2565,3,40,เทพสถิตวิทยา,โรงเรียนทั่วไป,36,ชัยภูมิ,ภาคตะวันออกเฉียงเหนือ,BDC,โควตาผู้มีความสามารถทางด้านวิทยาศาสตร์,"น้อยกว่า 12,500 บาทต่อเดือน",,,,
79116,DCM,22,INFO,3.79,3.64,40,2562,2565,3,40,เฉลิมพระเกียรติสมเด็จพระศรีนครินทร์ ภูเก็ต,โรงเรียนมีชื่อเสียง,83,ภูเก็ต,ภาคใต้,BDC,รับตรงทั่วประเทศด้วย Portfolio,"12,500-25,000 บาทต่อเดือน",,,,
79128,DCA,22,INFO,2.93,2.56,40,2562,2565,3,40,เทพมิตรศึกษา,โรงเรียนทั่วไป,84,สุราษฎร์ธานี,ภาคใต้,BDC,รับตรงทั่วประเทศด้วย Portfolio,"12,500-25,000 บาทต่อเดือน",,,,
79133,MTA,22,INFO,3.24,3.15,40,2562,2565,3,40,นบพิตำวิทยา,โรงเรียนทั่วไป,80,นครศรีธรรมราช,ภาคใต้,BDC,รับตรงทั่วประเทศด้วย Portfolio,"น้อยกว่า 12,500 บาทต่อเดือน",,,,
79148,IT,22,INFO,3.61,2.9,40,2562,2565,2,40,เตรียมอุดมศึกษาภาคใต้,โรงเรียนมีชื่อเสียง,80,นครศรีธรรมราช,ภาคใต้,BDC,โควตา 14 จังหวัดภาคใต้และประจวบคีรีขันธ์,"มากกว่า 25,000 บาทต่อเดือน",,,,
79175,DCA,22,INFO,2.96,2.95,40,2562,2565,3,40,ป่าพะยอมพิทยาคม,โรงเรียนทั่วไป,93,พัทลุง,ภาคใต้,BDC,โควตา 14 จังหวัดภาคใต้และประจวบคีรีขันธ์,"น้อยกว่า 12,500 บาทต่อเดือน",,,,
79228,IT,22,INFO,3.35,2.98,40,2562,2565,2,40,วิทยาศาสตร์จุฬาภรณราชวิทยาลัย นครศรีธรรมราช,โรงเรียนทั่วไป,80,นครศรีธรรมราช,ภาคใต้,BDC,โควตา 14 จังหวัดภาคใต้และประจวบคีรีขันธ์,ไม่มีรายได้,,,,
79234,MTA,22,INFO,2.67,2.63,40,2562,2565,3,40,สตรีทุ่งสง,โรงเรียนมีชื่อเสียง,80,นครศรีธรรมราช,ภาคใต้,BDC,โควตา 14 จังหวัดภาคใต้และประจวบคีรีขันธ์,"มากกว่า 25,000 บาทต่อเดือน",,,,
79241,MTA,22,INFO,3.15,2.75,40,2562,2565,3,40,เชียรใหญ่,โรงเรียนทั่วไป,80,นครศรีธรรมราช,ภาคใต้,BDC,โควตา 14 จังหวัดภาคใต้และประจวบคีรีขันธ์,"น้อยกว่า 12,500 บาทต่อเดือน",,,,
79262,MTA,22,INFO,3.29,2.79,40,2562,2565,3,40,เทศบาล 5,โรงเรียนทั่วไป,84,สุราษฎร์ธานี,ภาคใต้,BDC,รับตรงทั่วประเทศด้วย Portfolio,"12,500-25,000 บาทต่อเดือน",,,,
79263,DCA,22,INFO,3.21,2.69,40,2562,2565,3,40,สภาราชินี 2,โรงเรียนทั่วไป,92,ตรัง,ภาคใต้,BDC,รับตรงทั่วประเทศด้วย Portfolio,"12,500-25,000 บาทต่อเดือน",,,,
79273,IT,22,INFO,3.43,2.78,40,2562,2565,2,40,กัลยาณีศรีธรรมราช,โรงเรียนมีชื่อเสียง,80,นครศรีธรรมราช,ภาคใต้,BDC,รับตรงทั่วประเทศด้วย Portfolio,"12,500-25,000 บาทต่อเดือน",,,,
79280,DCM,22,INFO,3.62,3.02,40,2562,2565,3,40,สามัคคีศึกษา,โรงเรียนทั่วไป,92,ตรัง,ภาคใต้,BDC,โควตา 14 จังหวัดภาคใต้และประจวบคีรีขันธ์,"น้อยกว่า 12,500 บาทต่อเดือน",,,,
79304,DCA,22,INFO,2.65,3.1,40,2562,2565,3,40,เมืองกระบี่,โรงเรียนทั่วไป,81,กระบี่,ภาคใต้,BDC,รับตรงทั่วประเทศด้วย Portfolio,"12,500-25,000 บาทต่อเดือน",,,,
79317,MTA,22,INFO,2.87,2.85,40,2562,2565,3,40,วิทยาลัยศิลปหัตถกรรมนครศรีธรรมราช,โรงเรียนทั่วไป,80,นครศรีธรรมราช,ภาคใต้,BDC,รับตรงทั่วประเทศด้วย Portfolio,"12,500-25,000 บาทต่อเดือน",,,,
79322,MTA,22,INFO,3.52,3.47,40,2562,2565,3,40,ย่านตาขาวรัฐชนูปถัมภ์,โรงเรียนทั่วไป,92,ตรัง,ภาคใต้,BDC,รับตรงทั่วประเทศด้วย Portfolio,"น้อยกว่า 12,500 บาทต่อเดือน",,,,
79371,DCM,22,INFO,3.28,2.84,40,2562,2565,3,40,หัวไทรบำรุงราษฎร์,โรงเรียนทั่วไป,80,นครศรีธรรมราช,ภาคใต้,BDC,รับตรงทั่วประเทศด้วย Portfolio,"น้อยกว่า 12,500 บาทต่อเดือน",,,,
79450,DCM,22,INFO,3.23,3.62,40,2562,2565,3,40,พนมเบญจา,โรงเรียนทั่วไป,81,กระบี่,ภาคใต้,BDC,รับตรงทั่วประเทศด้วย Portfolio,"12,500-25,000 บาทต่อเดือน",,,,
79451,IT,22,INFO,3.63,3.23,40,2562,2565,2,40,ศรีธรรมราชศึกษา,โรงเรียนทั่วไป,80,นครศรีธรรมราช,ภาคใต้,BDC,รับตรงทั่วประเทศด้วย Portfolio,"น้อยกว่า 12,500 บาทต่อเดือน",,,,
79459,IT,22,INFO,3.14,3.14,40,2562,2565,2,40,ศรีธรรมราชศึกษา,โรงเรียนทั่วไป,80,นครศรีธรรมราช,ภาคใต้,BDC,รับตรงทั่วประเทศด้วย Portfolio,"12,500-25,000 บาทต่อเดือน",,,,
79468,MTA,22,INFO,3.38,2.9,40,2562,2565,3,40,อำมาตย์พานิชนุกูล,โรงเรียนมีชื่อเสียง,81,กระบี่,ภาคใต้,BDC,รับตรงทั่วประเทศด้วย Portfolio,"12,500-25,000 บาทต่อเดือน",,,,
79482,IT,22,INFO,3.15,3.49,40,2562,2565,3,40,บ้านทับวัง,โรงเรียนทั่วไป,86,ชุมพร,ภาคใต้,BDC,รับตรงทั่วประเทศด้วย Portfolio,"มากกว่า 25,000 บาทต่อเดือน",,,,
79490,IT,22,INFO,3.82,3.34,40,2562,2565,3,40,อัตตัรกียะห์อิสลามียะห์,โรงเรียนทั่วไป,96,นราธิวาส,ภาคใต้,BDC,โครงการเด็กดีมีที่เรียน,"น้อยกว่า 12,500 บาทต่อเดือน",,,,
79536,MTA,22,INFO,3.64,3.02,40,2562,2565,3,40,ปัญญาวิทย์,โรงเรียนมีชื่อเสียง,92,ตรัง,ภาคใต้,BDC,รับตรงร่วมกัน,"น้อยกว่า 12,500 บาทต่อเดือน",,,,
79538,DCA,22,INFO,2.54,2.34,40,2562,2566,1,40,จิตรลดา,โรงเรียนทั่วไป,10,กรุงเทพมหานคร,กรุงเทพฯและปริมณฑล,BDC,รับตรงร่วมกัน,"มากกว่า 25,000 บาทต่อเดือน",,,,
79598,DCA,22,INFO,3.21,2.59,40,2562,2565,3,40,อำมาตย์พานิชนุกูล,โรงเรียนมีชื่อเสียง,81,กระบี่,ภาคใต้,BDC,รับตรงร่วมกัน,"มากกว่า 25,000 บาทต่อเดือน",,,,
79672,DCM,22,INFO,3.11,2.81,40,2562,2565,3,40,วิทยาลัยเทคนิคนครศรีธรรมราช,โรงเรียนทั่วไป,80,นครศรีธรรมราช,ภาคใต้,BDC,รับตรงร่วมกัน,"น้อยกว่า 12,500 บาทต่อเดือน",,,,
79741,DCA,22,INFO,3,2.76,40,2562,2565,3,40,ท่าศาลาประสิทธิ์ศึกษา,โรงเรียนทั่วไป,80,นครศรีธรรมราช,ภาคใต้,BDC,รับตรงร่วมกัน,"12,500-25,000 บาทต่อเดือน",,,,
79823,DCA,22,INFO,3.08,2.84,40,2562,2565,3,40,กัลยาณีศรีธรรมราช,โรงเรียนมีชื่อเสียง,80,นครศรีธรรมราช,ภาคใต้,BDC,Admission,"มากกว่า 25,000 บาทต่อเดือน",,,,
79864,DCA,22,INFO,3.11,3.46,40,2562,2565,3,40,ศาสนูปถัมภ์ปากพะยูนมูลนิธิ,โรงเรียนทั่วไป,93,พัทลุง,ภาคใต้,BDC,Admission,"น้อยกว่า 12,500 บาทต่อเดือน",,,,
79895,DCA,22,INFO,3.5,3.2,40,2562,2565,3,40,กัลยาณีศรีธรรมราช,โรงเรียนมีชื่อเสียง,80,นครศรีธรรมราช,ภาคใต้,BDC,Admission,"น้อยกว่า 12,500 บาทต่อเดือน",,,,
79904,DCA,22,INFO,2.58,2.11,40,2562,2565,3,40,วิทยาลัยเทคนิคสิชล,โรงเรียนทั่วไป,80,นครศรีธรรมราช,ภาคใต้,BDC,Admission,"มากกว่า 25,000 บาทต่อเดือน",,,,
79912,DCA,22,INFO,2.68,2.18,40,2562,2565,3,40,วิทยาลัยอาชีวศึกษานครศรีธรรมราช,โรงเรียนทั่วไป,80,นครศรีธรรมราช,ภาคใต้,BDC,Admission,"12,500-25,000 บาทต่อเดือน",,,,
79921,DCA,22,INFO,3.82,3.59,40,2562,2565,3,40,เทศบาล ๒ (วัดกะพังสุรินทร์),โรงเรียนมีชื่อเสียง,92,ตรัง,ภาคใต้,BDC,Admission,"น้อยกว่า 12,500 บาทต่อเดือน",,,,
80009,DCM,22,INFO,2.87,1.68,40,2562,2565,3,40,นวมินทราชินูทิศ สตรีวิทยา 2,โรงเรียนมีชื่อเสียง,10,กรุงเทพมหานคร,กรุงเทพฯและปริมณฑล,BDC,Admission,"มากกว่า 25,000 บาทต่อเดือน",,,,
80014,IT,22,INFO,3.03,2.53,40,2562,2565,2,40,ศรีธรรมราชศึกษา,โรงเรียนทั่วไป,80,นครศรีธรรมราช,ภาคใต้,BDC,Admission,"12,500-25,000 บาทต่อเดือน",,,,
80058,DCA,22,INFO,2.9,2.9,40,2562,2565,3,40,หัวหิน,โรงเรียนทั่วไป,77,ประจวบคีรีขันธ์,ภาคตะวันตก,BDC,Admission,"น้อยกว่า 12,500 บาทต่อเดือน",,,,
80066,DCA,22,INFO,3.53,3.49,40,2562,2565,3,40,ควนเนียงวิทยา,โรงเรียนทั่วไป,90,สงขลา,ภาคใต้,BDC,Admission,"12,500-25,000 บาทต่อเดือน",,,,
80172,DCM,22,INFO,3.46,2.84,40,2562,2565,3,40,ดารุสสลามวิทยา,โรงเรียนทั่วไป,96,นราธิวาส,ภาคใต้,BDC,Admission,"12,500-25,000 บาทต่อเดือน",,,,
80177,IT,22,INFO,2.79,1.81,40,2562,2565,2,40,ศรีธรรมราชศึกษา,โรงเรียนทั่วไป,80,นครศรีธรรมราช,ภาคใต้,BDC,Admission,"น้อยกว่า 12,500 บาทต่อเดือน",,,,
80186,DCM,22,INFO,3.24,2.6,40,2562,2565,3,40,โยธินบำรุง,โรงเรียนทั่วไป,80,นครศรีธรรมราช,ภาคใต้,BDC,Admission,"12,500-25,000 บาทต่อเดือน",,,,
80269,DCM,22,INFO,3.05,2.73,40,2562,2565,3,40,ปัญญาสารธรรมมูลนิธิ,โรงเรียนทั่วไป,80,นครศรีธรรมราช,ภาคใต้,BDC,รับตรงอิสระ,"12,500-25,000 บาทต่อเดือน",,,,
80276,DCA,22,INFO,2.66,3.21,40,2562,2565,3,40,คงคาประชารักษ์,โรงเรียนทั่วไป,80,นครศรีธรรมราช,ภาคใต้,BDC,รับตรงอิสระ,"น้อยกว่า 12,500 บาทต่อเดือน",,,,
80329,DCM,22,INFO,3.41,3.02,40,2562,2566,1,40,วิทยาลัยอาชีวศึกษาสุราษฎร์ธานี,โรงเรียนทั่วไป,84,สุราษฎร์ธานี,ภาคใต้,BDC,รับตรงอิสระ,"น้อยกว่า 12,500 บาทต่อเดือน",,,,
,,,,,,,,,,,,,,,,,,,,,,
